Hectares,Agriblock,Variety,Soil Types,Seedrate(in Kg),LP_Mainfield(in Tonnes),Nursery,Nursery area (Cents),LP_nurseryarea(in Tonnes),DAP_20days,Weed28D_thiobencarb,Urea_40Days,Potassh_50Days,Micronutrients_70Days,Pest_60Day(in ml),30DRain( in mm),30DAI(in mm),30_50DRain( in mm),30_50DAI(in mm),51_70DRain(in mm),51_70AI(in mm),71_105DRain(in mm),71_105DAI(in mm),Min temp_D1_D30,Max temp_D1_D30,Min temp_D31_D60,Max temp_D31_D60,Min temp_D61_D90,Max temp_D61_D90,Min temp_D91_D120,Max temp_D91_D120,Inst Wind Speed_D1_D30(in Knots),Inst Wind Speed_D31_D60(in Knots),Inst Wind Speed_D61_D90(in Knots),Inst Wind Speed_D91_D120(in Knots),Wind Direction_D1_D30,Wind Direction_D31_D60,Wind Direction_D61_D90,Wind Direction_D91_D120,Relative Humidity_D1_D30,Relative Humidity_D31_D60,Relative Humidity_D61_D90,Relative Humidity_D91_D120,Trash(in bundles),Paddy yield(in Kg),Paddy Yield Category
6,Cuddalore,CO_43,alluvial,150,75.0,dry,120,6,240,12,162.78,62.28,90,3600,19.6,20.4,187.2,270.8,167.0,250.0,61.0,64.0,18.5,34,16.0,30,15.5,31.0,16.0,33.0,4,10,8,10,SW,W,NNW,WSW,72.0,78,88,85,540,35028,"Very High: 30,001-40,000"
6,Kurinjipadi,ponmani,clay,150,75.0,wet,120,6,240,12,162.78,62.28,90,3600,19.6,20.4,187.2,270.8,167.0,250.0,61.0,64.0,19.5,34,18.5,35,17.0,32.5,16.0,30.5,10,4,10,6,NW,S,SE,SSE,64.6,85,84,87,600,35412,"Very High: 30,001-40,000"
6,Panruti,delux ponni,alluvial,150,75.0,dry,120,6,240,12,162.78,62.28,90,3600,18.5,21.5,185.2,272.8,165.3,251.7,60.0,65.0,20.0,35,18.0,30,17.5,33.5,18.0,33.0,4,12,4,12,ENE,NE,NNE,W,85.0,96,84,79,600,36300,"Very High: 30,001-40,000"
6,Kallakurichi,CO_43,clay,150,75.0,wet,120,6,240,12,162.78,62.28,90,3600,18.5,21.5,185.2,272.8,165.3,251.7,60.0,65.0,19.0,33,17.0,32,16.5,31.5,15.5,32.5,8,6,8,6,W,WNW,SE,S,88.5,95,81,84,540,35016,"Very High: 30,001-40,000"
6,Sankarapuram,ponmani,alluvial,150,75.0,dry,120,6,240,12,162.78,62.28,90,3600,18.1,21.9,185.6,272.4,166.1,250.9,60.2,64.8,20.5,32,17.5,28,18.0,34.0,16.5,35.0,10,12,10,12,SSE,W,SW,NW,72.7,91,83,81,600,34044,"Very High: 30,001-40,000"
6,Chinnasalem,delux ponni,alluvial,150,75.0,wet,120,6,240,12,162.78,62.28,90,3600,18.1,21.9,185.6,272.4,166.1,250.9,60.2,64.8,18.0,31,15.5,34,15.0,33.0,15.0,31.5,6,6,8,10,E,ENE,NE,NNW,78.6,80,92,88,480,36732,"Very High: 30,001-40,000"
6,Cuddalore,CO_43,clay,150,75.0,wet,120,6,240,12,162.78,62.28,90,3600,19.6,20.4,187.2,270.8,167.0,250.0,61.0,64.0,18.5,34,16.0,30,15.5,31.0,16.0,33.0,4,10,8,10,SW,W,NNW,WSW,72.0,78,88,85,540,33162,"Very High: 30,001-40,000"
6,Kurinjipadi,delux ponni,alluvial,150,75.0,dry,120,6,240,12,162.78,62.28,90,3600,19.6,20.4,187.2,270.8,167.0,250.0,61.0,64.0,19.5,34,18.5,35,17.0,32.5,16.0,30.5,10,4,10,6,NW,S,SE,SSE,64.6,85,84,87,480,36690,"Very High: 30,001-40,000"
6,Panruti,ponmani,clay,150,75.0,dry,120,6,240,12,162.78,62.28,90,3600,18.5,21.5,185.2,272.8,165.3,251.7,60.0,65.0,20.0,35,18.0,30,17.5,33.5,18.0,33.0,4,12,4,12,ENE,NE,NNE,W,85.0,96,84,79,600,35310,"Very High: 30,001-40,000"
6,Kallakurichi,CO_43,alluvial,150,75.0,dry,120,6,240,12,162.78,62.28,90,3600,18.5,21.5,185.2,272.8,165.3,251.7,60.0,65.0,19.0,33,17.0,32,16.5,31.5,15.5,32.5,8,6,8,6,W,WNW,SE,S,88.5,95,81,84,540,32460,"Very High: 30,001-40,000"
6,Sankarapuram,ponmani,clay,150,75.0,wet,120,6,240,12,162.78,62.28,90,3600,18.1,21.9,185.6,272.4,166.1,250.9,60.2,64.8,20.5,32,17.5,28,18.0,34.0,16.5,35.0,10,12,10,12,SSE,W,SW,NW,72.7,91,83,81,600,34152,"Very High: 30,001-40,000"
6,Chinnasalem,delux ponni,alluvial,150,75.0,wet,120,6,240,12,162.78,62.28,90,3600,18.1,21.9,185.6,272.4,166.1,250.9,60.2,64.8,18.0,31,15.5,34,15.0,33.0,15.0,31.5,6,6,8,10,E,ENE,NE,NNW,78.6,80,92,88,480,36090,"Very High: 30,001-40,000"
6,Cuddalore,CO_43,clay,150,75.0,wet,120,6,240,12,162.78,62.28,90,3600,19.6,20.4,187.2,270.8,167.0,250.0,61.0,64.0,18.5,34,16.0,30,15.5,31.0,16.0,33.0,4,10,8,10,SW,W,NNW,WSW,72.0,78,88,85,540,34596,"Very High: 30,001-40,000"
6,Kurinjipadi,ponmani,clay,150,75.0,wet,120,6,240,12,162.78,62.28,90,3600,19.6,20.4,187.2,270.8,167.0,250.0,61.0,64.0,19.5,34,18.5,35,17.0,32.5,16.0,30.5,10,4,10,6,NW,S,SE,SSE,64.6,85,84,87,600,34458,"Very High: 30,001-40,000"
6,Panruti,delux ponni,clay,150,75.0,wet,120,6,240,12,162.78,62.28,90,3600,18.5,21.5,185.2,272.8,165.3,251.7,60.0,65.0,20.0,35,18.0,30,17.5,33.5,18.0,33.0,4,12,4,12,ENE,NE,NNE,W,85.0,96,84,79,480,37926,"Very High: 30,001-40,000"
6,Kallakurichi,CO_43,clay,150,75.0,wet,120,6,240,12,162.78,62.28,90,3600,18.5,21.5,185.2,272.8,165.3,251.7,60.0,65.0,19.0,33,17.0,32,16.5,31.5,15.5,32.5,8,6,8,6,W,WNW,SE,S,88.5,95,81,84,540,32778,"Very High: 30,001-40,000"
6,Sankarapuram,delux ponni,alluvial,150,75.0,dry,120,6,240,12,162.78,62.28,90,3600,18.1,21.9,185.6,272.4,166.1,250.9,60.2,64.8,20.5,32,17.5,28,18.0,34.0,16.5,35.0,10,12,10,12,SSE,W,SW,NW,72.7,91,83,81,480,37278,"Very High: 30,001-40,000"
6,Chinnasalem,ponmani,clay,150,75.0,dry,120,6,240,12,162.78,62.28,90,3600,18.1,21.9,185.6,272.4,166.1,250.9,60.2,64.8,18.0,31,15.5,34,15.0,33.0,15.0,31.5,6,6,8,10,E,ENE,NE,NNW,78.6,80,92,88,600,33666,"Very High: 30,001-40,000"
6,Cuddalore,CO_43,clay,150,75.0,dry,120,6,240,12,162.78,62.28,90,3600,19.6,20.4,187.2,270.8,167.0,250.0,61.0,64.0,18.5,34,16.0,30,15.5,31.0,16.0,33.0,4,10,8,10,SW,W,NNW,WSW,72.0,78,88,85,540,34386,"Very High: 30,001-40,000"
6,Kurinjipadi,ponmani,alluvial,150,75.0,dry,120,6,240,12,162.78,62.28,90,3600,19.6,20.4,187.2,270.8,167.0,250.0,61.0,64.0,19.5,34,18.5,35,17.0,32.5,16.0,30.5,10,4,10,6,NW,S,SE,SSE,64.6,85,84,87,600,35658,"Very High: 30,001-40,000"
6,Panruti,delux ponni,clay,150,75.0,dry,120,6,240,12,162.78,62.28,90,3600,18.5,21.5,185.2,272.8,165.3,251.7,60.0,65.0,20.0,35,18.0,30,17.5,33.5,18.0,33.0,4,12,4,12,ENE,NE,NNE,W,85.0,96,84,79,480,37362,"Very High: 30,001-40,000"
6,Kallakurichi,CO_43,clay,150,75.0,dry,120,6,240,12,162.78,62.28,90,3600,18.5,21.5,185.2,272.8,165.3,251.7,60.0,65.0,19.0,33,17.0,32,16.5,31.5,15.5,32.5,8,6,8,6,W,WNW,SE,S,88.5,95,81,84,540,34716,"Very High: 30,001-40,000"
6,Sankarapuram,ponmani,alluvial,150,75.0,dry,120,6,240,12,162.78,62.28,90,3600,18.1,21.9,185.6,272.4,166.1,250.9,60.2,64.8,20.5,32,17.5,28,18.0,34.0,16.5,35.0,10,12,10,12,SSE,W,SW,NW,72.7,91,83,81,600,35646,"Very High: 30,001-40,000"
6,Chinnasalem,delux ponni,clay,150,75.0,dry,120,6,240,12,162.78,62.28,90,3600,18.1,21.9,185.6,272.4,166.1,250.9,60.2,64.8,18.0,31,15.5,34,15.0,33.0,15.0,31.5,6,6,8,10,E,ENE,NE,NNW,78.6,80,92,88,480,38496,"Very High: 30,001-40,000"
6,Cuddalore,CO_43,clay,150,75.0,dry,120,6,240,12,162.78,62.28,90,3600,19.6,20.4,187.2,270.8,167.0,250.0,61.0,64.0,18.5,34,16.0,30,15.5,31.0,16.0,33.0,4,10,8,10,SW,W,NNW,WSW,72.0,78,88,85,540,35496,"Very High: 30,001-40,000"
6,Kurinjipadi,delux ponni,clay,150,75.0,dry,120,6,240,12,162.78,62.28,90,3600,19.6,20.4,187.2,270.8,167.0,250.0,61.0,64.0,19.5,34,18.5,35,17.0,32.5,16.0,30.5,10,4,10,6,NW,S,SE,SSE,64.6,85,84,87,480,37362,"Very High: 30,001-40,000"
6,Panruti,ponmani,alluvial,150,75.0,dry,120,6,240,12,162.78,62.28,90,3600,18.5,21.5,185.2,272.8,165.3,251.7,60.0,65.0,20.0,35,18.0,30,17.5,33.5,18.0,33.0,4,12,4,12,ENE,NE,NNE,W,85.0,96,84,79,600,33462,"Very High: 30,001-40,000"
6,Kallakurichi,ponmani,clay,150,75.0,dry,120,6,240,12,162.78,62.28,90,3600,18.5,21.5,185.2,272.8,165.3,251.7,60.0,65.0,19.0,33,17.0,32,16.5,31.5,15.5,32.5,8,6,8,6,W,WNW,SE,S,88.5,95,81,84,600,33804,"Very High: 30,001-40,000"
6,Sankarapuram,ponmani,clay,150,75.0,dry,120,6,240,12,162.78,62.28,90,3600,18.1,21.9,185.6,272.4,166.1,250.9,60.2,64.8,20.5,32,17.5,28,18.0,34.0,16.5,35.0,10,12,10,12,SSE,W,SW,NW,72.7,91,83,81,600,35538,"Very High: 30,001-40,000"
6,Chinnasalem,ponmani,alluvial,150,75.0,dry,120,6,240,12,162.78,62.28,90,3600,18.1,21.9,185.6,272.4,166.1,250.9,60.2,64.8,18.0,31,15.5,34,15.0,33.0,15.0,31.5,6,6,8,10,E,ENE,NE,NNW,78.6,80,92,88,600,34524,"Very High: 30,001-40,000"
6,Cuddalore,CO_43,alluvial,150,75.0,dry,120,6,240,12,162.78,62.28,90,3600,19.6,20.4,187.2,270.8,167.0,250.0,61.0,64.0,18.5,34,16.0,30,15.5,31.0,16.0,33.0,4,10,8,10,SW,W,NNW,WSW,72.0,78,88,85,540,35130,"Very High: 30,001-40,000"
6,Kurinjipadi,ponmani,alluvial,150,75.0,dry,120,6,240,12,162.78,62.28,90,3600,19.6,20.4,187.2,270.8,167.0,250.0,61.0,64.0,19.5,34,18.5,35,17.0,32.5,16.0,30.5,10,4,10,6,NW,S,SE,SSE,64.6,85,84,87,600,34518,"Very High: 30,001-40,000"
6,Panruti,ponmani,alluvial,150,75.0,dry,120,6,240,12,162.78,62.28,90,3600,18.5,21.5,185.2,272.8,165.3,251.7,60.0,65.0,20.0,35,18.0,30,17.5,33.5,18.0,33.0,4,12,4,12,ENE,NE,NNE,W,85.0,96,84,79,600,35040,"Very High: 30,001-40,000"
6,Kallakurichi,ponmani,alluvial,150,75.0,dry,120,6,240,12,162.78,62.28,90,3600,18.5,21.5,185.2,272.8,165.3,251.7,60.0,65.0,19.0,33,17.0,32,16.5,31.5,15.5,32.5,8,6,8,6,W,WNW,SE,S,88.5,95,81,84,600,33762,"Very High: 30,001-40,000"
6,Sankarapuram,delux ponni,alluvial,150,75.0,dry,120,6,240,12,162.78,62.28,90,3600,18.1,21.9,185.6,272.4,166.1,250.9,60.2,64.8,20.5,32,17.5,28,18.0,34.0,16.5,35.0,10,12,10,12,SSE,W,SW,NW,72.7,91,83,81,480,38172,"Very High: 30,001-40,000"
6,Chinnasalem,delux ponni,alluvial,150,75.0,dry,120,6,240,12,162.78,62.28,90,3600,18.1,21.9,185.6,272.4,166.1,250.9,60.2,64.8,18.0,31,15.5,34,15.0,33.0,15.0,31.5,6,6,8,10,E,ENE,NE,NNW,78.6,80,92,88,480,37062,"Very High: 30,001-40,000"
6,Cuddalore,delux ponni,clay,150,75.0,dry,120,6,240,12,162.78,62.28,90,3600,19.6,20.4,187.2,270.8,167.0,250.0,61.0,64.0,18.5,34,16.0,30,15.5,31.0,16.0,33.0,4,10,8,10,SW,W,NNW,WSW,72.0,78,88,85,480,37716,"Very High: 30,001-40,000"
6,Kurinjipadi,ponmani,clay,150,75.0,dry,120,6,240,12,162.78,62.28,90,3600,19.6,20.4,187.2,270.8,167.0,250.0,61.0,64.0,19.5,34,18.5,35,17.0,32.5,16.0,30.5,10,4,10,6,NW,S,SE,SSE,64.6,85,84,87,600,36000,"Very High: 30,001-40,000"
6,Panruti,delux ponni,clay,150,75.0,dry,120,6,240,12,162.78,62.28,90,3600,18.5,21.5,185.2,272.8,165.3,251.7,60.0,65.0,20.0,35,18.0,30,17.5,33.5,18.0,33.0,4,12,4,12,ENE,NE,NNE,W,85.0,96,84,79,480,36906,"Very High: 30,001-40,000"
6,Kallakurichi,CO_43,clay,150,75.0,dry,120,6,240,12,162.78,62.28,90,3600,18.5,21.5,185.2,272.8,165.3,251.7,60.0,65.0,19.0,33,17.0,32,16.5,31.5,15.5,32.5,8,6,8,6,W,WNW,SE,S,88.5,95,81,84,540,35556,"Very High: 30,001-40,000"
6,Sankarapuram,delux ponni,clay,150,75.0,dry,120,6,240,12,162.78,62.28,90,3600,18.1,21.9,185.6,272.4,166.1,250.9,60.2,64.8,20.5,32,17.5,28,18.0,34.0,16.5,35.0,10,12,10,12,SSE,W,SW,NW,72.7,91,83,81,480,37134,"Very High: 30,001-40,000"
6,Chinnasalem,delux ponni,clay,150,75.0,dry,120,6,240,12,162.78,62.28,90,3600,18.1,21.9,185.6,272.4,166.1,250.9,60.2,64.8,18.0,31,15.5,34,15.0,33.0,15.0,31.5,6,6,8,10,E,ENE,NE,NNW,78.6,80,92,88,480,38178,"Very High: 30,001-40,000"
6,Cuddalore,CO_43,clay,150,75.0,dry,120,6,240,12,162.78,62.28,90,3600,19.6,20.4,187.2,270.8,167.0,250.0,61.0,64.0,18.5,34,16.0,30,15.5,31.0,16.0,33.0,4,10,8,10,SW,W,NNW,WSW,72.0,78,88,85,540,35298,"Very High: 30,001-40,000"
6,Kurinjipadi,ponmani,clay,150,75.0,wet,120,6,240,12,162.78,62.28,90,3600,19.6,20.4,187.2,270.8,167.0,250.0,61.0,64.0,19.5,34,18.5,35,17.0,32.5,16.0,30.5,10,4,10,6,NW,S,SE,SSE,64.6,85,84,87,600,34218,"Very High: 30,001-40,000"
6,Panruti,delux ponni,alluvial,150,75.0,wet,120,6,240,12,162.78,62.28,90,3600,18.5,21.5,185.2,272.8,165.3,251.7,60.0,65.0,20.0,35,18.0,30,17.5,33.5,18.0,33.0,4,12,4,12,ENE,NE,NNE,W,85.0,96,84,79,480,36552,"Very High: 30,001-40,000"
6,Kallakurichi,CO_43,alluvial,150,75.0,wet,120,6,240,12,162.78,62.28,90,3600,18.5,21.5,185.2,272.8,165.3,251.7,60.0,65.0,19.0,33,17.0,32,16.5,31.5,15.5,32.5,8,6,8,6,W,WNW,SE,S,88.5,95,81,84,540,35592,"Very High: 30,001-40,000"
6,Sankarapuram,ponmani,alluvial,150,75.0,wet,120,6,240,12,162.78,62.28,90,3600,18.1,21.9,185.6,272.4,166.1,250.9,60.2,64.8,20.5,32,17.5,28,18.0,34.0,16.5,35.0,10,12,10,12,SSE,W,SW,NW,72.7,91,83,81,600,33162,"Very High: 30,001-40,000"
6,Chinnasalem,delux ponni,alluvial,150,75.0,wet,120,6,240,12,162.78,62.28,90,3600,18.1,21.9,185.6,272.4,166.1,250.9,60.2,64.8,18.0,31,15.5,34,15.0,33.0,15.0,31.5,6,6,8,10,E,ENE,NE,NNW,78.6,80,92,88,480,37152,"Very High: 30,001-40,000"
6,Cuddalore,CO_43,alluvial,150,75.0,wet,120,6,240,12,162.78,62.28,90,3600,19.6,20.4,187.2,270.8,167.0,250.0,61.0,64.0,18.5,34,16.0,30,15.5,31.0,16.0,33.0,4,10,8,10,SW,W,NNW,WSW,72.0,78,88,85,540,34338,"Very High: 30,001-40,000"
6,Kurinjipadi,delux ponni,alluvial,150,75.0,wet,120,6,240,12,162.78,62.28,90,3600,19.6,20.4,187.2,270.8,167.0,250.0,61.0,64.0,19.5,34,18.5,35,17.0,32.5,16.0,30.5,10,4,10,6,NW,S,SE,SSE,64.6,85,84,87,480,38424,"Very High: 30,001-40,000"
6,Panruti,ponmani,alluvial,150,75.0,wet,120,6,240,12,162.78,62.28,90,3600,18.5,21.5,185.2,272.8,165.3,251.7,60.0,65.0,20.0,35,18.0,30,17.5,33.5,18.0,33.0,4,12,4,12,ENE,NE,NNE,W,85.0,96,84,79,600,33768,"Very High: 30,001-40,000"
6,Kallakurichi,CO_43,alluvial,150,75.0,wet,120,6,240,12,162.78,62.28,90,3600,18.5,21.5,185.2,272.8,165.3,251.7,60.0,65.0,19.0,33,17.0,32,16.5,31.5,15.5,32.5,8,6,8,6,W,WNW,SE,S,88.5,95,81,84,540,34680,"Very High: 30,001-40,000"
6,Sankarapuram,ponmani,clay,150,75.0,wet,120,6,240,12,162.78,62.28,90,3600,18.1,21.9,185.6,272.4,166.1,250.9,60.2,64.8,20.5,32,17.5,28,18.0,34.0,16.5,35.0,10,12,10,12,SSE,W,SW,NW,72.7,91,83,81,600,33864,"Very High: 30,001-40,000"
6,Chinnasalem,delux ponni,clay,150,75.0,wet,120,6,240,12,162.78,62.28,90,3600,18.1,21.9,185.6,272.4,166.1,250.9,60.2,64.8,18.0,31,15.5,34,15.0,33.0,15.0,31.5,6,6,8,10,E,ENE,NE,NNW,78.6,80,92,88,480,38508,"Very High: 30,001-40,000"
6,Cuddalore,CO_43,clay,150,75.0,wet,120,6,240,12,162.78,62.28,90,3600,19.6,20.4,187.2,270.8,167.0,250.0,61.0,64.0,18.5,34,16.0,30,15.5,31.0,16.0,33.0,4,10,8,10,SW,W,NNW,WSW,72.0,78,88,85,540,35238,"Very High: 30,001-40,000"
6,Kurinjipadi,ponmani,clay,150,75.0,dry,120,6,240,12,162.78,62.28,90,3600,19.6,20.4,187.2,270.8,167.0,250.0,61.0,64.0,19.5,34,18.5,35,17.0,32.5,16.0,30.5,10,4,10,6,NW,S,SE,SSE,64.6,85,84,87,600,35298,"Very High: 30,001-40,000"
6,Panruti,delux ponni,clay,150,75.0,dry,120,6,240,12,162.78,62.28,90,3600,18.5,21.5,185.2,272.8,165.3,251.7,60.0,65.0,20.0,35,18.0,30,17.5,33.5,18.0,33.0,4,12,4,12,ENE,NE,NNE,W,85.0,96,84,79,480,38136,"Very High: 30,001-40,000"
6,Kallakurichi,CO_43,clay,150,75.0,dry,120,6,240,12,162.78,62.28,90,3600,18.5,21.5,185.2,272.8,165.3,251.7,60.0,65.0,19.0,33,17.0,32,16.5,31.5,15.5,32.5,8,6,8,6,W,WNW,SE,S,88.5,95,81,84,540,35016,"Very High: 30,001-40,000"
6,Sankarapuram,delux ponni,clay,150,75.0,dry,120,6,240,12,162.78,62.28,90,3600,18.1,21.9,185.6,272.4,166.1,250.9,60.2,64.8,20.5,32,17.5,28,18.0,34.0,16.5,35.0,10,12,10,12,SSE,W,SW,NW,72.7,91,83,81,480,36954,"Very High: 30,001-40,000"
6,Chinnasalem,ponmani,alluvial,150,75.0,dry,120,6,240,12,162.78,62.28,90,3600,18.1,21.9,185.6,272.4,166.1,250.9,60.2,64.8,18.0,31,15.5,34,15.0,33.0,15.0,31.5,6,6,8,10,E,ENE,NE,NNW,78.6,80,92,88,600,32460,"Very High: 30,001-40,000"
6,Cuddalore,CO_43,clay,150,75.0,dry,120,6,240,12,162.78,62.28,90,3600,19.6,20.4,187.2,270.8,167.0,250.0,61.0,64.0,18.5,34,16.0,30,15.5,31.0,16.0,33.0,4,10,8,10,SW,W,NNW,WSW,72.0,78,88,85,540,34338,"Very High: 30,001-40,000"
6,Kurinjipadi,ponmani,alluvial,150,75.0,dry,120,6,240,12,162.78,62.28,90,3600,19.6,20.4,187.2,270.8,167.0,250.0,61.0,64.0,19.5,34,18.5,35,17.0,32.5,16.0,30.5,10,4,10,6,NW,S,SE,SSE,64.6,85,84,87,600,34530,"Very High: 30,001-40,000"
6,Panruti,delux ponni,clay,150,75.0,dry,120,6,240,12,162.78,62.28,90,3600,18.5,21.5,185.2,272.8,165.3,251.7,60.0,65.0,20.0,35,18.0,30,17.5,33.5,18.0,33.0,4,12,4,12,ENE,NE,NNE,W,85.0,96,84,79,480,37254,"Very High: 30,001-40,000"
6,Kallakurichi,CO_43,alluvial,150,75.0,wet,120,6,240,12,162.78,62.28,90,3600,18.5,21.5,185.2,272.8,165.3,251.7,60.0,65.0,19.0,33,17.0,32,16.5,31.5,15.5,32.5,8,6,8,6,W,WNW,SE,S,88.5,95,81,84,540,32952,"Very High: 30,001-40,000"
6,Sankarapuram,ponmani,alluvial,150,75.0,wet,120,6,240,12,162.78,62.28,90,3600,18.1,21.9,185.6,272.4,166.1,250.9,60.2,64.8,20.5,32,17.5,28,18.0,34.0,16.5,35.0,10,12,10,12,SSE,W,SW,NW,72.7,91,83,81,600,35178,"Very High: 30,001-40,000"
6,Chinnasalem,delux ponni,clay,150,75.0,wet,120,6,240,12,162.78,62.28,90,3600,18.1,21.9,185.6,272.4,166.1,250.9,60.2,64.8,18.0,31,15.5,34,15.0,33.0,15.0,31.5,6,6,8,10,E,ENE,NE,NNW,78.6,80,92,88,480,36690,"Very High: 30,001-40,000"
6,Cuddalore,CO_43,alluvial,150,75.0,wet,120,6,240,12,162.78,62.28,90,3600,19.6,20.4,187.2,270.8,167.0,250.0,61.0,64.0,18.5,34,16.0,30,15.5,31.0,16.0,33.0,4,10,8,10,SW,W,NNW,WSW,72.0,78,88,85,540,35238,"Very High: 30,001-40,000"
6,Kurinjipadi,delux ponni,clay,150,75.0,wet,120,6,240,12,162.78,62.28,90,3600,19.6,20.4,187.2,270.8,167.0,250.0,61.0,64.0,19.5,34,18.5,35,17.0,32.5,16.0,30.5,10,4,10,6,NW,S,SE,SSE,64.6,85,84,87,480,38586,"Very High: 30,001-40,000"
6,Panruti,ponmani,alluvial,150,75.0,wet,120,6,240,12,162.78,62.28,90,3600,18.5,21.5,185.2,272.8,165.3,251.7,60.0,65.0,20.0,35,18.0,30,17.5,33.5,18.0,33.0,4,12,4,12,ENE,NE,NNE,W,85.0,96,84,79,600,35784,"Very High: 30,001-40,000"
6,Kallakurichi,ponmani,clay,150,75.0,wet,120,6,240,12,162.78,62.28,90,3600,18.5,21.5,185.2,272.8,165.3,251.7,60.0,65.0,19.0,33,17.0,32,16.5,31.5,15.5,32.5,8,6,8,6,W,WNW,SE,S,88.5,95,81,84,600,33030,"Very High: 30,001-40,000"
6,Sankarapuram,ponmani,alluvial,150,75.0,dry,120,6,240,12,162.78,62.28,90,3600,18.1,21.9,185.6,272.4,166.1,250.9,60.2,64.8,20.5,32,17.5,28,18.0,34.0,16.5,35.0,10,12,10,12,SSE,W,SW,NW,72.7,91,83,81,600,33162,"Very High: 30,001-40,000"
6,Chinnasalem,ponmani,clay,150,75.0,dry,120,6,240,12,162.78,62.28,90,3600,18.1,21.9,185.6,272.4,166.1,250.9,60.2,64.8,18.0,31,15.5,34,15.0,33.0,15.0,31.5,6,6,8,10,E,ENE,NE,NNW,78.6,80,92,88,600,32460,"Very High: 30,001-40,000"
6,Cuddalore,CO_43,clay,150,75.0,dry,120,6,240,12,162.78,62.28,90,3600,19.6,20.4,187.2,270.8,167.0,250.0,61.0,64.0,18.5,34,16.0,30,15.5,31.0,16.0,33.0,4,10,8,10,SW,W,NNW,WSW,72.0,78,88,85,540,35280,"Very High: 30,001-40,000"
6,Kurinjipadi,ponmani,alluvial,150,75.0,dry,120,6,240,12,162.78,62.28,90,3600,19.6,20.4,187.2,270.8,167.0,250.0,61.0,64.0,19.5,34,18.5,35,17.0,32.5,16.0,30.5,10,4,10,6,NW,S,SE,SSE,64.6,85,84,87,600,32778,"Very High: 30,001-40,000"
6,Panruti,ponmani,clay,150,75.0,dry,120,6,240,12,162.78,62.28,90,3600,18.5,21.5,185.2,272.8,165.3,251.7,60.0,65.0,20.0,35,18.0,30,17.5,33.5,18.0,33.0,4,12,4,12,ENE,NE,NNE,W,85.0,96,84,79,600,35058,"Very High: 30,001-40,000"
6,Kallakurichi,ponmani,clay,150,75.0,dry,120,6,240,12,162.78,62.28,90,3600,18.5,21.5,185.2,272.8,165.3,251.7,60.0,65.0,19.0,33,17.0,32,16.5,31.5,15.5,32.5,8,6,8,6,W,WNW,SE,S,88.5,95,81,84,600,35496,"Very High: 30,001-40,000"
6,Sankarapuram,delux ponni,alluvial,150,75.0,dry,120,6,240,12,162.78,62.28,90,3600,18.1,21.9,185.6,272.4,166.1,250.9,60.2,64.8,20.5,32,17.5,28,18.0,34.0,16.5,35.0,10,12,10,12,SSE,W,SW,NW,72.7,91,83,81,480,36426,"Very High: 30,001-40,000"
6,Chinnasalem,delux ponni,clay,150,75.0,dry,120,6,240,12,162.78,62.28,90,3600,18.1,21.9,185.6,272.4,166.1,250.9,60.2,64.8,18.0,31,15.5,34,15.0,33.0,15.0,31.5,6,6,8,10,E,ENE,NE,NNW,78.6,80,92,88,480,37950,"Very High: 30,001-40,000"
6,Cuddalore,delux ponni,clay,150,75.0,wet,120,6,240,12,162.78,62.28,90,3600,19.6,20.4,187.2,270.8,167.0,250.0,61.0,64.0,18.5,34,16.0,30,15.5,31.0,16.0,33.0,4,10,8,10,SW,W,NNW,WSW,72.0,78,88,85,480,38814,"Very High: 30,001-40,000"
6,Kurinjipadi,ponmani,clay,150,75.0,wet,120,6,240,12,162.78,62.28,90,3600,19.6,20.4,187.2,270.8,167.0,250.0,61.0,64.0,19.5,34,18.5,35,17.0,32.5,16.0,30.5,10,4,10,6,NW,S,SE,SSE,64.6,85,84,87,600,35298,"Very High: 30,001-40,000"
6,Panruti,delux ponni,clay,150,75.0,wet,120,6,240,12,162.78,62.28,90,3600,18.5,21.5,185.2,272.8,165.3,251.7,60.0,65.0,20.0,35,18.0,30,17.5,33.5,18.0,33.0,4,12,4,12,ENE,NE,NNE,W,85.0,96,84,79,480,37680,"Very High: 30,001-40,000"
6,Kallakurichi,CO_43,alluvial,150,75.0,wet,120,6,240,12,162.78,62.28,90,3600,18.5,21.5,185.2,272.8,165.3,251.7,60.0,65.0,19.0,33,17.0,32,16.5,31.5,15.5,32.5,8,6,8,6,W,WNW,SE,S,88.5,95,81,84,540,35016,"Very High: 30,001-40,000"
6,Sankarapuram,delux ponni,clay,150,75.0,wet,120,6,240,12,162.78,62.28,90,3600,18.1,21.9,185.6,272.4,166.1,250.9,60.2,64.8,20.5,32,17.5,28,18.0,34.0,16.5,35.0,10,12,10,12,SSE,W,SW,NW,72.7,91,83,81,480,36648,"Very High: 30,001-40,000"
6,Chinnasalem,delux ponni,alluvial,150,75.0,wet,120,6,240,12,162.78,62.28,90,3600,18.1,21.9,185.6,272.4,166.1,250.9,60.2,64.8,18.0,31,15.5,34,15.0,33.0,15.0,31.5,6,6,8,10,E,ENE,NE,NNW,78.6,80,92,88,480,37086,"Very High: 30,001-40,000"
6,Cuddalore,CO_43,clay,150,75.0,wet,120,6,240,12,162.78,62.28,90,3600,19.6,20.4,187.2,270.8,167.0,250.0,61.0,64.0,18.5,34,16.0,30,15.5,31.0,16.0,33.0,4,10,8,10,SW,W,NNW,WSW,72.0,78,88,85,540,34338,"Very High: 30,001-40,000"
6,Kurinjipadi,ponmani,clay,150,75.0,wet,120,6,240,12,162.78,62.28,90,3600,19.6,20.4,187.2,270.8,167.0,250.0,61.0,64.0,19.5,34,18.5,35,17.0,32.5,16.0,30.5,10,4,10,6,NW,S,SE,SSE,64.6,85,84,87,600,32778,"Very High: 30,001-40,000"
6,Panruti,delux ponni,alluvial,150,75.0,wet,120,6,240,12,162.78,62.28,90,3600,18.5,21.5,185.2,272.8,165.3,251.7,60.0,65.0,20.0,35,18.0,30,17.5,33.5,18.0,33.0,4,12,4,12,ENE,NE,NNE,W,85.0,96,84,79,480,36966,"Very High: 30,001-40,000"
6,Kallakurichi,CO_43,clay,150,75.0,wet,120,6,240,12,162.78,62.28,90,3600,18.5,21.5,185.2,272.8,165.3,251.7,60.0,65.0,19.0,33,17.0,32,16.5,31.5,15.5,32.5,8,6,8,6,W,WNW,SE,S,88.5,95,81,84,540,33180,"Very High: 30,001-40,000"
6,Sankarapuram,ponmani,alluvial,150,75.0,wet,120,6,240,12,162.78,62.28,90,3600,18.1,21.9,185.6,272.4,166.1,250.9,60.2,64.8,20.5,32,17.5,28,18.0,34.0,16.5,35.0,10,12,10,12,SSE,W,SW,NW,72.7,91,83,81,600,32718,"Very High: 30,001-40,000"
6,Chinnasalem,delux ponni,alluvial,150,75.0,wet,120,6,240,12,162.78,62.28,90,3600,18.1,21.9,185.6,272.4,166.1,250.9,60.2,64.8,18.0,31,15.5,34,15.0,33.0,15.0,31.5,6,6,8,10,E,ENE,NE,NNW,78.6,80,92,88,480,37842,"Very High: 30,001-40,000"
6,Cuddalore,CO_43,clay,150,75.0,dry,120,6,240,12,162.78,62.28,90,3600,19.6,20.4,187.2,270.8,167.0,250.0,61.0,64.0,18.5,34,16.0,30,15.5,31.0,16.0,33.0,4,10,8,10,SW,W,NNW,WSW,72.0,78,88,85,540,35238,"Very High: 30,001-40,000"
6,Kurinjipadi,delux ponni,alluvial,150,75.0,dry,120,6,240,12,162.78,62.28,90,3600,19.6,20.4,187.2,270.8,167.0,250.0,61.0,64.0,19.5,34,18.5,35,17.0,32.5,16.0,30.5,10,4,10,6,NW,S,SE,SSE,64.6,85,84,87,480,37866,"Very High: 30,001-40,000"
6,Panruti,ponmani,alluvial,150,75.0,dry,120,6,240,12,162.78,62.28,90,3600,18.5,21.5,185.2,272.8,165.3,251.7,60.0,65.0,20.0,35,18.0,30,17.5,33.5,18.0,33.0,4,12,4,12,ENE,NE,NNE,W,85.0,96,84,79,600,35448,"Very High: 30,001-40,000"
6,Kallakurichi,CO_43,alluvial,150,75.0,dry,120,6,240,12,162.78,62.28,90,3600,18.5,21.5,185.2,272.8,165.3,251.7,60.0,65.0,19.0,33,17.0,32,16.5,31.5,15.5,32.5,8,6,8,6,W,WNW,SE,S,88.5,95,81,84,540,35016,"Very High: 30,001-40,000"
6,Chinnasalem,delux ponni,clay,150,75.0,dry,120,6,240,12,162.78,62.28,90,3600,18.1,21.9,185.6,272.4,166.1,250.9,60.2,64.8,18.0,31,15.5,34,15.0,33.0,15.0,31.5,6,6,8,10,E,ENE,NE,NNW,78.6,80,92,88,480,36654,"Very High: 30,001-40,000"
6,Cuddalore,CO_43,alluvial,150,75.0,dry,120,6,240,12,162.78,62.28,90,3600,19.6,20.4,187.2,270.8,167.0,250.0,61.0,64.0,18.5,34,16.0,30,15.5,31.0,16.0,33.0,4,10,8,10,SW,W,NNW,WSW,72.0,78,88,85,540,34338,"Very High: 30,001-40,000"
6,Kurinjipadi,ponmani,clay,150,75.0,wet,120,6,240,12,162.78,62.28,90,3600,19.6,20.4,187.2,270.8,167.0,250.0,61.0,64.0,19.5,34,18.5,35,17.0,32.5,16.0,30.5,10,4,10,6,NW,S,SE,SSE,64.6,85,84,87,600,33378,"Very High: 30,001-40,000"
6,Panruti,delux ponni,clay,150,75.0,wet,120,6,240,12,162.78,62.28,90,3600,18.5,21.5,185.2,272.8,165.3,251.7,60.0,65.0,20.0,35,18.0,30,17.5,33.5,18.0,33.0,4,12,4,12,ENE,NE,NNE,W,85.0,96,84,79,480,38304,"Very High: 30,001-40,000"
6,Kallakurichi,CO_43,alluvial,150,75.0,wet,120,6,240,12,162.78,62.28,90,3600,18.5,21.5,185.2,272.8,165.3,251.7,60.0,65.0,19.0,33,17.0,32,16.5,31.5,15.5,32.5,8,6,8,6,W,WNW,SE,S,88.5,95,81,84,540,35130,"Very High: 30,001-40,000"
6,Sankarapuram,delux ponni,clay,150,75.0,wet,120,6,240,12,162.78,62.28,90,3600,18.1,21.9,185.6,272.4,166.1,250.9,60.2,64.8,20.5,32,17.5,28,18.0,34.0,16.5,35.0,10,12,10,12,SSE,W,SW,NW,72.7,91,83,81,480,37242,"Very High: 30,001-40,000"
6,Chinnasalem,ponmani,clay,150,75.0,wet,120,6,240,12,162.78,62.28,90,3600,18.1,21.9,185.6,272.4,166.1,250.9,60.2,64.8,18.0,31,15.5,34,15.0,33.0,15.0,31.5,6,6,8,10,E,ENE,NE,NNW,78.6,80,92,88,600,33672,"Very High: 30,001-40,000"
6,Kurinjipadi,ponmani,alluvial,150,75.0,dry,120,6,240,12,162.78,62.28,90,3600,19.6,20.4,187.2,270.8,167.0,250.0,61.0,64.0,19.5,34,18.5,35,17.0,32.5,16.0,30.5,10,4,10,6,NW,S,SE,SSE,64.6,85,84,87,600,34620,"Very High: 30,001-40,000"
6,Panruti,delux ponni,alluvial,150,75.0,dry,120,6,240,12,162.78,62.28,90,3600,18.5,21.5,185.2,272.8,165.3,251.7,60.0,65.0,20.0,35,18.0,30,17.5,33.5,18.0,33.0,4,12,4,12,ENE,NE,NNE,W,85.0,96,84,79,480,36966,"Very High: 30,001-40,000"
6,Kallakurichi,CO_43,alluvial,150,75.0,dry,120,6,240,12,162.78,62.28,90,3600,18.5,21.5,185.2,272.8,165.3,251.7,60.0,65.0,19.0,33,17.0,32,16.5,31.5,15.5,32.5,8,6,8,6,W,WNW,SE,S,88.5,95,81,84,540,34338,"Very High: 30,001-40,000"
6,Sankarapuram,ponmani,clay,150,75.0,dry,120,6,240,12,162.78,62.28,90,3600,18.1,21.9,185.6,272.4,166.1,250.9,60.2,64.8,20.5,32,17.5,28,18.0,34.0,16.5,35.0,10,12,10,12,SSE,W,SW,NW,72.7,91,83,81,600,34290,"Very High: 30,001-40,000"
6,Chinnasalem,delux ponni,alluvial,150,75.0,dry,120,6,240,12,162.78,62.28,90,3600,18.1,21.9,185.6,272.4,166.1,250.9,60.2,64.8,18.0,31,15.5,34,15.0,33.0,15.0,31.5,6,6,8,10,E,ENE,NE,NNW,78.6,80,92,88,480,36342,"Very High: 30,001-40,000"
6,Kurinjipadi,delux ponni,alluvial,150,75.0,wet,120,6,240,12,162.78,62.28,90,3600,19.6,20.4,187.2,270.8,167.0,250.0,61.0,64.0,19.5,34,18.5,35,17.0,32.5,16.0,30.5,10,4,10,6,NW,S,SE,SSE,64.6,85,84,87,480,38460,"Very High: 30,001-40,000"
6,Panruti,ponmani,alluvial,150,75.0,wet,120,6,240,12,162.78,62.28,90,3600,18.5,21.5,185.2,272.8,165.3,251.7,60.0,65.0,20.0,35,18.0,30,17.5,33.5,18.0,33.0,4,12,4,12,ENE,NE,NNE,W,85.0,96,84,79,600,34338,"Very High: 30,001-40,000"
6,Kallakurichi,ponmani,clay,150,75.0,wet,120,6,240,12,162.78,62.28,90,3600,18.5,21.5,185.2,272.8,165.3,251.7,60.0,65.0,19.0,33,17.0,32,16.5,31.5,15.5,32.5,8,6,8,6,W,WNW,SE,S,88.5,95,81,84,600,35766,"Very High: 30,001-40,000"
6,Sankarapuram,ponmani,clay,150,75.0,wet,120,6,240,12,162.78,62.28,90,3600,18.1,21.9,185.6,272.4,166.1,250.9,60.2,64.8,20.5,32,17.5,28,18.0,34.0,16.5,35.0,10,12,10,12,SSE,W,SW,NW,72.7,91,83,81,600,35238,"Very High: 30,001-40,000"
6,Chinnasalem,ponmani,alluvial,150,75.0,dry,120,6,240,12,162.78,62.28,90,3600,18.1,21.9,185.6,272.4,166.1,250.9,60.2,64.8,18.0,31,15.5,34,15.0,33.0,15.0,31.5,6,6,8,10,E,ENE,NE,NNW,78.6,80,92,88,600,34824,"Very High: 30,001-40,000"
6,Kurinjipadi,ponmani,alluvial,150,75.0,dry,120,6,240,12,162.78,62.28,90,3600,19.6,20.4,187.2,270.8,167.0,250.0,61.0,64.0,19.5,34,18.5,35,17.0,32.5,16.0,30.5,10,4,10,6,NW,S,SE,SSE,64.6,85,84,87,600,35130,"Very High: 30,001-40,000"
6,Panruti,ponmani,clay,150,75.0,dry,120,6,240,12,162.78,62.28,90,3600,18.5,21.5,185.2,272.8,165.3,251.7,60.0,65.0,20.0,35,18.0,30,17.5,33.5,18.0,33.0,4,12,4,12,ENE,NE,NNE,W,85.0,96,84,79,600,34668,"Very High: 30,001-40,000"
6,Kallakurichi,ponmani,clay,150,75.0,dry,120,6,240,12,162.78,62.28,90,3600,18.5,21.5,185.2,272.8,165.3,251.7,60.0,65.0,19.0,33,17.0,32,16.5,31.5,15.5,32.5,8,6,8,6,W,WNW,SE,S,88.5,95,81,84,600,35448,"Very High: 30,001-40,000"
6,Sankarapuram,delux ponni,alluvial,150,75.0,dry,120,6,240,12,162.78,62.28,90,3600,18.1,21.9,185.6,272.4,166.1,250.9,60.2,64.8,20.5,32,17.5,28,18.0,34.0,16.5,35.0,10,12,10,12,SSE,W,SW,NW,72.7,91,83,81,480,37026,"Very High: 30,001-40,000"
6,Chinnasalem,delux ponni,clay,150,75.0,dry,120,6,240,12,162.78,62.28,90,3600,18.1,21.9,185.6,272.4,166.1,250.9,60.2,64.8,18.0,31,15.5,34,15.0,33.0,15.0,31.5,6,6,8,10,E,ENE,NE,NNW,78.6,80,92,88,480,36300,"Very High: 30,001-40,000"
6,Cuddalore,delux ponni,alluvial,150,75.0,dry,120,6,240,12,162.78,62.28,90,3600,19.6,20.4,187.2,270.8,167.0,250.0,61.0,64.0,18.5,34,16.0,30,15.5,31.0,16.0,33.0,4,10,8,10,SW,W,NNW,WSW,72.0,78,88,85,480,36732,"Very High: 30,001-40,000"
6,Kurinjipadi,ponmani,clay,150,75.0,dry,120,6,240,12,162.78,62.28,90,3600,19.6,20.4,187.2,270.8,167.0,250.0,61.0,64.0,19.5,34,18.5,35,17.0,32.5,16.0,30.5,10,4,10,6,NW,S,SE,SSE,64.6,85,84,87,600,36690,"Very High: 30,001-40,000"
6,Panruti,delux ponni,alluvial,150,75.0,wet,120,6,240,12,162.78,62.28,90,3600,18.5,21.5,185.2,272.8,165.3,251.7,60.0,65.0,20.0,35,18.0,30,17.5,33.5,18.0,33.0,4,12,4,12,ENE,NE,NNE,W,85.0,96,84,79,480,36090,"Very High: 30,001-40,000"
6,Kallakurichi,CO_43,alluvial,150,75.0,wet,120,6,240,12,162.78,62.28,90,3600,18.5,21.5,185.2,272.8,165.3,251.7,60.0,65.0,19.0,33,17.0,32,16.5,31.5,15.5,32.5,8,6,8,6,W,WNW,SE,S,88.5,95,81,84,540,37926,"Very High: 30,001-40,000"
6,Sankarapuram,delux ponni,clay,150,75.0,wet,120,6,240,12,162.78,62.28,90,3600,18.1,21.9,185.6,272.4,166.1,250.9,60.2,64.8,20.5,32,17.5,28,18.0,34.0,16.5,35.0,10,12,10,12,SSE,W,SW,NW,72.7,91,83,81,480,37278,"Very High: 30,001-40,000"
6,Chinnasalem,delux ponni,alluvial,150,75.0,wet,120,6,240,12,162.78,62.28,90,3600,18.1,21.9,185.6,272.4,166.1,250.9,60.2,64.8,18.0,31,15.5,34,15.0,33.0,15.0,31.5,6,6,8,10,E,ENE,NE,NNW,78.6,80,92,88,480,37362,"Very High: 30,001-40,000"
6,Cuddalore,CO_43,clay,150,75.0,wet,120,6,240,12,162.78,62.28,90,3600,19.6,20.4,187.2,270.8,167.0,250.0,61.0,64.0,18.5,34,16.0,30,15.5,31.0,16.0,33.0,4,10,8,10,SW,W,NNW,WSW,72.0,78,88,85,540,38496,"Very High: 30,001-40,000"
6,Kurinjipadi,ponmani,alluvial,150,75.0,wet,120,6,240,12,162.78,62.28,90,3600,19.6,20.4,187.2,270.8,167.0,250.0,61.0,64.0,19.5,34,18.5,35,17.0,32.5,16.0,30.5,10,4,10,6,NW,S,SE,SSE,64.6,85,84,87,600,37362,"Very High: 30,001-40,000"
6,Panruti,delux ponni,clay,150,75.0,dry,120,6,240,12,162.78,62.28,90,3600,18.5,21.5,185.2,272.8,165.3,251.7,60.0,65.0,20.0,35,18.0,30,17.5,33.5,18.0,33.0,4,12,4,12,ENE,NE,NNE,W,85.0,96,84,79,480,38172,"Very High: 30,001-40,000"
6,Kallakurichi,CO_43,alluvial,150,75.0,dry,120,6,240,12,162.78,62.28,90,3600,18.5,21.5,185.2,272.8,165.3,251.7,60.0,65.0,19.0,33,17.0,32,16.5,31.5,15.5,32.5,8,6,8,6,W,WNW,SE,S,88.5,95,81,84,540,37062,"Very High: 30,001-40,000"
6,Sankarapuram,ponmani,clay,150,75.0,dry,120,6,240,12,162.78,62.28,90,3600,18.1,21.9,185.6,272.4,166.1,250.9,60.2,64.8,20.5,32,17.5,28,18.0,34.0,16.5,35.0,10,12,10,12,SSE,W,SW,NW,72.7,91,83,81,600,37716,"Very High: 30,001-40,000"
6,Chinnasalem,delux ponni,clay,150,75.0,dry,120,6,240,12,162.78,62.28,90,3600,18.1,21.9,185.6,272.4,166.1,250.9,60.2,64.8,18.0,31,15.5,34,15.0,33.0,15.0,31.5,6,6,8,10,E,ENE,NE,NNW,78.6,80,92,88,480,36906,"Very High: 30,001-40,000"
6,Cuddalore,CO_43,clay,150,75.0,dry,120,6,240,12,162.78,62.28,90,3600,19.6,20.4,187.2,270.8,167.0,250.0,61.0,64.0,18.5,34,16.0,30,15.5,31.0,16.0,33.0,4,10,8,10,SW,W,NNW,WSW,72.0,78,88,85,540,37134,"Very High: 30,001-40,000"
6,Kurinjipadi,delux ponni,clay,150,75.0,dry,120,6,240,12,162.78,62.28,90,3600,19.6,20.4,187.2,270.8,167.0,250.0,61.0,64.0,19.5,34,18.5,35,17.0,32.5,16.0,30.5,10,4,10,6,NW,S,SE,SSE,64.6,85,84,87,480,38178,"Very High: 30,001-40,000"
6,Panruti,ponmani,alluvial,150,75.0,dry,120,6,240,12,162.78,62.28,90,3600,18.5,21.5,185.2,272.8,165.3,251.7,60.0,65.0,20.0,35,18.0,30,17.5,33.5,18.0,33.0,4,12,4,12,ENE,NE,NNE,W,85.0,96,84,79,600,36552,"Very High: 30,001-40,000"
6,Kallakurichi,CO_43,clay,150,75.0,dry,120,6,240,12,162.78,62.28,90,3600,18.5,21.5,185.2,272.8,165.3,251.7,60.0,65.0,19.0,33,17.0,32,16.5,31.5,15.5,32.5,8,6,8,6,W,WNW,SE,S,88.5,95,81,84,540,37152,"Very High: 30,001-40,000"
6,Sankarapuram,ponmani,clay,150,75.0,dry,120,6,240,12,162.78,62.28,90,3600,18.1,21.9,185.6,272.4,166.1,250.9,60.2,64.8,20.5,32,17.5,28,18.0,34.0,16.5,35.0,10,12,10,12,SSE,W,SW,NW,72.7,91,83,81,600,38424,"Very High: 30,001-40,000"
6,Chinnasalem,delux ponni,alluvial,150,75.0,dry,120,6,240,12,162.78,62.28,90,3600,18.1,21.9,185.6,272.4,166.1,250.9,60.2,64.8,18.0,31,15.5,34,15.0,33.0,15.0,31.5,6,6,8,10,E,ENE,NE,NNW,78.6,80,92,88,480,38508,"Very High: 30,001-40,000"
6,Cuddalore,CO_43,clay,150,75.0,dry,120,6,240,12,162.78,62.28,90,3600,19.6,20.4,187.2,270.8,167.0,250.0,61.0,64.0,18.5,34,16.0,30,15.5,31.0,16.0,33.0,4,10,8,10,SW,W,NNW,WSW,72.0,78,88,85,540,38136,"Very High: 30,001-40,000"
6,Kurinjipadi,ponmani,clay,150,75.0,dry,120,6,240,12,162.78,62.28,90,3600,19.6,20.4,187.2,270.8,167.0,250.0,61.0,64.0,19.5,34,18.5,35,17.0,32.5,16.0,30.5,10,4,10,6,NW,S,SE,SSE,64.6,85,84,87,600,36954,"Very High: 30,001-40,000"
6,Panruti,delux ponni,alluvial,150,75.0,wet,120,6,240,12,162.78,62.28,90,3600,18.5,21.5,185.2,272.8,165.3,251.7,60.0,65.0,20.0,35,18.0,30,17.5,33.5,18.0,33.0,4,12,4,12,ENE,NE,NNE,W,85.0,96,84,79,480,37254,"Very High: 30,001-40,000"
6,Kallakurichi,CO_43,clay,150,75.0,wet,120,6,240,12,162.78,62.28,90,3600,18.5,21.5,185.2,272.8,165.3,251.7,60.0,65.0,19.0,33,17.0,32,16.5,31.5,15.5,32.5,8,6,8,6,W,WNW,SE,S,88.5,95,81,84,540,36690,"Very High: 30,001-40,000"
6,Sankarapuram,delux ponni,clay,150,75.0,wet,120,6,240,12,162.78,62.28,90,3600,18.1,21.9,185.6,272.4,166.1,250.9,60.2,64.8,20.5,32,17.5,28,18.0,34.0,16.5,35.0,10,12,10,12,SSE,W,SW,NW,72.7,91,83,81,480,38586,"Very High: 30,001-40,000"
6,Chinnasalem,ponmani,clay,150,75.0,wet,120,6,240,12,162.78,62.28,90,3600,18.1,21.9,185.6,272.4,166.1,250.9,60.2,64.8,18.0,31,15.5,34,15.0,33.0,15.0,31.5,6,6,8,10,E,ENE,NE,NNW,78.6,80,92,88,600,36426,"Very High: 30,001-40,000"
6,Cuddalore,CO_43,alluvial,150,75.0,wet,120,6,240,12,162.78,62.28,90,3600,19.6,20.4,187.2,270.8,167.0,250.0,61.0,64.0,18.5,34,16.0,30,15.5,31.0,16.0,33.0,4,10,8,10,SW,W,NNW,WSW,72.0,78,88,85,540,37950,"Very High: 30,001-40,000"
6,Kurinjipadi,ponmani,clay,150,75.0,wet,120,6,240,12,162.78,62.28,90,3600,19.6,20.4,187.2,270.8,167.0,250.0,61.0,64.0,19.5,34,18.5,35,17.0,32.5,16.0,30.5,10,4,10,6,NW,S,SE,SSE,64.6,85,84,87,600,38814,"Very High: 30,001-40,000"
6,Kallakurichi,CO_43,alluvial,150,75.0,wet,120,6,240,12,162.78,62.28,90,3600,18.5,21.5,185.2,272.8,165.3,251.7,60.0,65.0,19.0,33,17.0,32,16.5,31.5,15.5,32.5,8,6,8,6,W,WNW,SE,S,88.5,95,81,84,540,36648,"Very High: 30,001-40,000"
6,Sankarapuram,ponmani,alluvial,150,75.0,wet,120,6,240,12,162.78,62.28,90,3600,18.1,21.9,185.6,272.4,166.1,250.9,60.2,64.8,20.5,32,17.5,28,18.0,34.0,16.5,35.0,10,12,10,12,SSE,W,SW,NW,72.7,91,83,81,600,37086,"Very High: 30,001-40,000"
6,Chinnasalem,delux ponni,alluvial,150,75.0,wet,120,6,240,12,162.78,62.28,90,3600,18.1,21.9,185.6,272.4,166.1,250.9,60.2,64.8,18.0,31,15.5,34,15.0,33.0,15.0,31.5,6,6,8,10,E,ENE,NE,NNW,78.6,80,92,88,480,36966,"Very High: 30,001-40,000"
6,Chinnasalem,CO_43,alluvial,150,75.0,wet,120,6,240,12,162.78,62.28,90,3600,18.1,21.9,185.6,272.4,166.1,250.9,60.2,64.8,18.0,31,15.5,34,15.0,33.0,15.0,31.5,6,6,8,10,E,ENE,NE,NNW,78.6,80,92,88,540,37842,"Very High: 30,001-40,000"
6,Chinnasalem,delux ponni,alluvial,150,75.0,wet,120,6,240,12,162.78,62.28,90,3600,18.1,21.9,185.6,272.4,166.1,250.9,60.2,64.8,18.0,31,15.5,34,15.0,33.0,15.0,31.5,6,6,8,10,E,ENE,NE,NNW,78.6,80,92,88,480,37866,"Very High: 30,001-40,000"
6,Chinnasalem,ponmani,alluvial,150,75.0,wet,120,6,240,12,162.78,62.28,90,3600,18.1,21.9,185.6,272.4,166.1,250.9,60.2,64.8,18.0,31,15.5,34,15.0,33.0,15.0,31.5,6,6,8,10,E,ENE,NE,NNW,78.6,80,92,88,600,36654,"Very High: 30,001-40,000"
6,Chinnasalem,ponmani,alluvial,150,75.0,dry,120,6,240,12,162.78,62.28,90,3600,18.1,21.9,185.6,272.4,166.1,250.9,60.2,64.8,18.0,31,15.5,34,15.0,33.0,15.0,31.5,6,6,8,10,E,ENE,NE,NNW,78.6,80,92,88,600,38304,"Very High: 30,001-40,000"
6,Kallakurichi,ponmani,clay,150,75.0,dry,120,6,240,12,162.78,62.28,90,3600,18.5,21.5,185.2,272.8,165.3,251.7,60.0,65.0,19.0,33,17.0,32,16.5,31.5,15.5,32.5,8,6,8,6,W,WNW,SE,S,88.5,95,81,84,600,37242,"Very High: 30,001-40,000"
6,Kallakurichi,ponmani,clay,150,75.0,dry,120,6,240,12,162.78,62.28,90,3600,18.5,21.5,185.2,272.8,165.3,251.7,60.0,65.0,19.0,33,17.0,32,16.5,31.5,15.5,32.5,8,6,8,6,W,WNW,SE,S,88.5,95,81,84,600,36966,"Very High: 30,001-40,000"
6,Kallakurichi,CO_43,clay,150,75.0,dry,120,6,240,12,162.78,62.28,90,3600,18.5,21.5,185.2,272.8,165.3,251.7,60.0,65.0,19.0,33,17.0,32,16.5,31.5,15.5,32.5,8,6,8,6,W,WNW,SE,S,88.5,95,81,84,540,36342,"Very High: 30,001-40,000"
6,Kallakurichi,ponmani,clay,150,75.0,dry,120,6,240,12,162.78,62.28,90,3600,18.5,21.5,185.2,272.8,165.3,251.7,60.0,65.0,19.0,33,17.0,32,16.5,31.5,15.5,32.5,8,6,8,6,W,WNW,SE,S,88.5,95,81,84,600,38460,"Very High: 30,001-40,000"
6,Panruti,ponmani,clay,150,75.0,dry,120,6,240,12,162.78,62.28,90,3600,18.5,21.5,185.2,272.8,165.3,251.7,60.0,65.0,20.0,35,18.0,30,17.5,33.5,18.0,33.0,4,12,4,12,ENE,NE,NNE,W,85.0,96,84,79,600,37026,"Very High: 30,001-40,000"
6,Panruti,ponmani,clay,150,75.0,dry,120,6,240,12,162.78,62.28,90,3600,18.5,21.5,185.2,272.8,165.3,251.7,60.0,65.0,20.0,35,18.0,30,17.5,33.5,18.0,33.0,4,12,4,12,ENE,NE,NNE,W,85.0,96,84,79,600,35016,"Very High: 30,001-40,000"
6,Panruti,delux ponni,clay,150,75.0,dry,120,6,240,12,162.78,62.28,90,3600,18.5,21.5,185.2,272.8,165.3,251.7,60.0,65.0,20.0,35,18.0,30,17.5,33.5,18.0,33.0,4,12,4,12,ENE,NE,NNE,W,85.0,96,84,79,480,36300,"Very High: 30,001-40,000"
6,Panruti,delux ponni,clay,150,75.0,wet,120,6,240,12,162.78,62.28,90,3600,18.5,21.5,185.2,272.8,165.3,251.7,60.0,65.0,20.0,35,18.0,30,17.5,33.5,18.0,33.0,4,12,4,12,ENE,NE,NNE,W,85.0,96,84,79,480,36732,"Very High: 30,001-40,000"
6,Panruti,delux ponni,alluvial,150,75.0,wet,120,6,240,12,162.78,62.28,90,3600,18.5,21.5,185.2,272.8,165.3,251.7,60.0,65.0,20.0,35,18.0,30,17.5,33.5,18.0,33.0,4,12,4,12,ENE,NE,NNE,W,85.0,96,84,79,480,36690,"Very High: 30,001-40,000"
6,Cuddalore,ponmani,alluvial,150,75.0,wet,120,6,240,12,162.78,62.28,90,3600,19.6,20.4,187.2,270.8,167.0,250.0,61.0,64.0,18.5,34,16.0,30,15.5,31.0,16.0,33.0,4,10,8,10,SW,W,NNW,WSW,72.0,78,88,85,600,36090,"Very High: 30,001-40,000"
6,Cuddalore,delux ponni,alluvial,150,75.0,wet,120,6,240,12,162.78,62.28,90,3600,19.6,20.4,187.2,270.8,167.0,250.0,61.0,64.0,18.5,34,16.0,30,15.5,31.0,16.0,33.0,4,10,8,10,SW,W,NNW,WSW,72.0,78,88,85,480,37926,"Very High: 30,001-40,000"
6,Cuddalore,CO_43,alluvial,150,75.0,wet,120,6,240,12,162.78,62.28,90,3600,19.6,20.4,187.2,270.8,167.0,250.0,61.0,64.0,18.5,34,16.0,30,15.5,31.0,16.0,33.0,4,10,8,10,SW,W,NNW,WSW,72.0,78,88,85,540,37278,"Very High: 30,001-40,000"
6,Cuddalore,delux ponni,alluvial,150,75.0,wet,120,6,240,12,162.78,62.28,90,3600,19.6,20.4,187.2,270.8,167.0,250.0,61.0,64.0,18.5,34,16.0,30,15.5,31.0,16.0,33.0,4,10,8,10,SW,W,NNW,WSW,72.0,78,88,85,480,37362,"Very High: 30,001-40,000"
6,Cuddalore,delux ponni,alluvial,150,75.0,wet,120,6,240,12,162.78,62.28,90,3600,19.6,20.4,187.2,270.8,167.0,250.0,61.0,64.0,18.5,34,16.0,30,15.5,31.0,16.0,33.0,4,10,8,10,SW,W,NNW,WSW,72.0,78,88,85,480,38496,"Very High: 30,001-40,000"
6,Cuddalore,CO_43,alluvial,150,75.0,wet,120,6,240,12,162.78,62.28,90,3600,19.6,20.4,187.2,270.8,167.0,250.0,61.0,64.0,18.5,34,16.0,30,15.5,31.0,16.0,33.0,4,10,8,10,SW,W,NNW,WSW,72.0,78,88,85,540,37362,"Very High: 30,001-40,000"
6,Cuddalore,ponmani,alluvial,150,75.0,wet,120,6,240,12,162.78,62.28,90,3600,19.6,20.4,187.2,270.8,167.0,250.0,61.0,64.0,18.5,34,16.0,30,15.5,31.0,16.0,33.0,4,10,8,10,SW,W,NNW,WSW,72.0,78,88,85,600,38172,"Very High: 30,001-40,000"
6,Kurinjipadi,delux ponni,clay,150,75.0,wet,120,6,240,12,162.78,62.28,90,3600,19.6,20.4,187.2,270.8,167.0,250.0,61.0,64.0,19.5,34,18.5,35,17.0,32.5,16.0,30.5,10,4,10,6,NW,S,SE,SSE,64.6,85,84,87,480,37062,"Very High: 30,001-40,000"
6,Kurinjipadi,CO_43,clay,150,75.0,wet,120,6,240,12,162.78,62.28,90,3600,19.6,20.4,187.2,270.8,167.0,250.0,61.0,64.0,19.5,34,18.5,35,17.0,32.5,16.0,30.5,10,4,10,6,NW,S,SE,SSE,64.6,85,84,87,540,37716,"Very High: 30,001-40,000"
6,Kurinjipadi,ponmani,clay,150,75.0,wet,120,6,240,12,162.78,62.28,90,3600,19.6,20.4,187.2,270.8,167.0,250.0,61.0,64.0,19.5,34,18.5,35,17.0,32.5,16.0,30.5,10,4,10,6,NW,S,SE,SSE,64.6,85,84,87,600,36906,"Very High: 30,001-40,000"
6,Kurinjipadi,delux ponni,clay,150,75.0,dry,120,6,240,12,162.78,62.28,90,3600,19.6,20.4,187.2,270.8,167.0,250.0,61.0,64.0,19.5,34,18.5,35,17.0,32.5,16.0,30.5,10,4,10,6,NW,S,SE,SSE,64.6,85,84,87,480,37134,"Very High: 30,001-40,000"
6,Kurinjipadi,CO_43,clay,150,75.0,dry,120,6,240,12,162.78,62.28,90,3600,19.6,20.4,187.2,270.8,167.0,250.0,61.0,64.0,19.5,34,18.5,35,17.0,32.5,16.0,30.5,10,4,10,6,NW,S,SE,SSE,64.6,85,84,87,540,38178,"Very High: 30,001-40,000"
6,Kurinjipadi,delux ponni,clay,150,75.0,dry,120,6,240,12,162.78,62.28,90,3600,19.6,20.4,187.2,270.8,167.0,250.0,61.0,64.0,19.5,34,18.5,35,17.0,32.5,16.0,30.5,10,4,10,6,NW,S,SE,SSE,64.6,85,84,87,480,36552,"Very High: 30,001-40,000"
6,Kurinjipadi,ponmani,clay,150,75.0,dry,120,6,240,12,162.78,62.28,90,3600,19.6,20.4,187.2,270.8,167.0,250.0,61.0,64.0,19.5,34,18.5,35,17.0,32.5,16.0,30.5,10,4,10,6,NW,S,SE,SSE,64.6,85,84,87,600,37152,"Very High: 30,001-40,000"
6,Kurinjipadi,CO_43,alluvial,150,75.0,dry,120,6,240,12,162.78,62.28,90,3600,19.6,20.4,187.2,270.8,167.0,250.0,61.0,64.0,19.5,34,18.5,35,17.0,32.5,16.0,30.5,10,4,10,6,NW,S,SE,SSE,64.6,85,84,87,540,38424,"Very High: 30,001-40,000"
6,Kurinjipadi,ponmani,clay,150,75.0,dry,120,6,240,12,162.78,62.28,90,3600,19.6,20.4,187.2,270.8,167.0,250.0,61.0,64.0,19.5,34,18.5,35,17.0,32.5,16.0,30.5,10,4,10,6,NW,S,SE,SSE,64.6,85,84,87,600,38508,"Very High: 30,001-40,000"
6,Kurinjipadi,delux ponni,alluvial,150,75.0,dry,120,6,240,12,162.78,62.28,90,3600,19.6,20.4,187.2,270.8,167.0,250.0,61.0,64.0,19.5,34,18.5,35,17.0,32.5,16.0,30.5,10,4,10,6,NW,S,SE,SSE,64.6,85,84,87,480,38136,"Very High: 30,001-40,000"
6,Sankarapuram,CO_43,clay,150,75.0,dry,120,6,240,12,162.78,62.28,90,3600,18.1,21.9,185.6,272.4,166.1,250.9,60.2,64.8,20.5,32,17.5,28,18.0,34.0,16.5,35.0,10,12,10,12,SSE,W,SW,NW,72.7,91,83,81,540,36954,"Very High: 30,001-40,000"
6,Sankarapuram,ponmani,alluvial,150,75.0,dry,120,6,240,12,162.78,62.28,90,3600,18.1,21.9,185.6,272.4,166.1,250.9,60.2,64.8,20.5,32,17.5,28,18.0,34.0,16.5,35.0,10,12,10,12,SSE,W,SW,NW,72.7,91,83,81,600,37254,"Very High: 30,001-40,000"
6,Sankarapuram,delux ponni,alluvial,150,75.0,dry,120,6,240,12,162.78,62.28,90,3600,18.1,21.9,185.6,272.4,166.1,250.9,60.2,64.8,20.5,32,17.5,28,18.0,34.0,16.5,35.0,10,12,10,12,SSE,W,SW,NW,72.7,91,83,81,480,36690,"Very High: 30,001-40,000"
6,Sankarapuram,CO_43,clay,150,75.0,dry,120,6,240,12,162.78,62.28,90,3600,18.1,21.9,185.6,272.4,166.1,250.9,60.2,64.8,20.5,32,17.5,28,18.0,34.0,16.5,35.0,10,12,10,12,SSE,W,SW,NW,72.7,91,83,81,540,38586,"Very High: 30,001-40,000"
6,Sankarapuram,ponmani,clay,150,75.0,dry,120,6,240,12,162.78,62.28,90,3600,18.1,21.9,185.6,272.4,166.1,250.9,60.2,64.8,20.5,32,17.5,28,18.0,34.0,16.5,35.0,10,12,10,12,SSE,W,SW,NW,72.7,91,83,81,600,37950,"Very High: 30,001-40,000"
6,Sankarapuram,CO_43,alluvial,150,75.0,dry,120,6,240,12,162.78,62.28,90,3600,18.1,21.9,185.6,272.4,166.1,250.9,60.2,64.8,20.5,32,17.5,28,18.0,34.0,16.5,35.0,10,12,10,12,SSE,W,SW,NW,72.7,91,83,81,540,38814,"Very High: 30,001-40,000"
6,Sankarapuram,ponmani,clay,150,75.0,dry,120,6,240,12,162.78,62.28,90,3600,18.1,21.9,185.6,272.4,166.1,250.9,60.2,64.8,20.5,32,17.5,28,18.0,34.0,16.5,35.0,10,12,10,12,SSE,W,SW,NW,72.7,91,83,81,600,37680,"Very High: 30,001-40,000"
6,Sankarapuram,delux ponni,alluvial,150,75.0,wet,120,6,240,12,162.78,62.28,90,3600,18.1,21.9,185.6,272.4,166.1,250.9,60.2,64.8,20.5,32,17.5,28,18.0,34.0,16.5,35.0,10,12,10,12,SSE,W,SW,NW,72.7,91,83,81,480,36648,"Very High: 30,001-40,000"
6,Sankarapuram,CO_43,clay,150,75.0,wet,120,6,240,12,162.78,62.28,90,3600,18.1,21.9,185.6,272.4,166.1,250.9,60.2,64.8,20.5,32,17.5,28,18.0,34.0,16.5,35.0,10,12,10,12,SSE,W,SW,NW,72.7,91,83,81,540,37086,"Very High: 30,001-40,000"
6,Sankarapuram,ponmani,clay,150,75.0,wet,120,6,240,12,162.78,62.28,90,3600,18.1,21.9,185.6,272.4,166.1,250.9,60.2,64.8,20.5,32,17.5,28,18.0,34.0,16.5,35.0,10,12,10,12,SSE,W,SW,NW,72.7,91,83,81,600,36966,"Very High: 30,001-40,000"
6,Sankarapuram,delux ponni,alluvial,150,75.0,wet,120,6,240,12,162.78,62.28,90,3600,18.1,21.9,185.6,272.4,166.1,250.9,60.2,64.8,20.5,32,17.5,28,18.0,34.0,16.5,35.0,10,12,10,12,SSE,W,SW,NW,72.7,91,83,81,480,37842,"Very High: 30,001-40,000"
6,Sankarapuram,CO_43,clay,150,75.0,wet,120,6,240,12,162.78,62.28,90,3600,18.1,21.9,185.6,272.4,166.1,250.9,60.2,64.8,20.5,32,17.5,28,18.0,34.0,16.5,35.0,10,12,10,12,SSE,W,SW,NW,72.7,91,83,81,540,37866,"Very High: 30,001-40,000"
6,Sankarapuram,delux ponni,clay,150,75.0,wet,120,6,240,12,162.78,62.28,90,3600,18.1,21.9,185.6,272.4,166.1,250.9,60.2,64.8,20.5,32,17.5,28,18.0,34.0,16.5,35.0,10,12,10,12,SSE,W,SW,NW,72.7,91,83,81,480,36654,"Very High: 30,001-40,000"
6,Sankarapuram,ponmani,alluvial,150,75.0,wet,120,6,240,12,162.78,62.28,90,3600,18.1,21.9,185.6,272.4,166.1,250.9,60.2,64.8,20.5,32,17.5,28,18.0,34.0,16.5,35.0,10,12,10,12,SSE,W,SW,NW,72.7,91,83,81,600,38304,"Very High: 30,001-40,000"
6,Sankarapuram,ponmani,clay,150,75.0,wet,120,6,240,12,162.78,62.28,90,3600,18.1,21.9,185.6,272.4,166.1,250.9,60.2,64.8,20.5,32,17.5,28,18.0,34.0,16.5,35.0,10,12,10,12,SSE,W,SW,NW,72.7,91,83,81,600,37242,"Very High: 30,001-40,000"
6,Sankarapuram,ponmani,clay,150,75.0,wet,120,6,240,12,162.78,62.28,90,3600,18.1,21.9,185.6,272.4,166.1,250.9,60.2,64.8,20.5,32,17.5,28,18.0,34.0,16.5,35.0,10,12,10,12,SSE,W,SW,NW,72.7,91,83,81,600,36342,"Very High: 30,001-40,000"
6,Sankarapuram,CO_43,clay,150,75.0,wet,120,6,240,12,162.78,62.28,90,3600,18.1,21.9,185.6,272.4,166.1,250.9,60.2,64.8,20.5,32,17.5,28,18.0,34.0,16.5,35.0,10,12,10,12,SSE,W,SW,NW,72.7,91,83,81,540,38460,"Very High: 30,001-40,000"
6,Sankarapuram,ponmani,alluvial,150,75.0,wet,120,6,240,12,162.78,62.28,90,3600,18.1,21.9,185.6,272.4,166.1,250.9,60.2,64.8,20.5,32,17.5,28,18.0,34.0,16.5,35.0,10,12,10,12,SSE,W,SW,NW,72.7,91,83,81,600,37026,"Very High: 30,001-40,000"
5,Cuddalore,ponmani,clay,125,62.5,wet,100,5,200,10,135.65,51.9,75,3000,19.6,20.4,187.2,270.8,167.0,250.0,61.0,64.0,18.5,34,16.0,30,15.5,31.0,16.0,33.0,4,10,8,10,SW,W,NNW,WSW,72.0,78,88,85,500,29415,"High: 20,001-30,000"
5,Kurinjipadi,ponmani,alluvial,125,62.5,wet,100,5,200,10,135.65,51.9,75,3000,19.6,20.4,187.2,270.8,167.0,250.0,61.0,64.0,19.5,34,18.5,35,17.0,32.5,16.0,30.5,10,4,10,6,NW,S,SE,SSE,64.6,85,84,87,500,29180,"High: 20,001-30,000"
5,Panruti,delux ponni,clay,125,62.5,wet,100,5,200,10,135.65,51.9,75,3000,18.5,21.5,185.2,272.8,165.3,251.7,60.0,65.0,20.0,35,18.0,30,17.5,33.5,18.0,33.0,4,12,4,12,ENE,NE,NNE,W,85.0,96,84,79,400,31625,"Very High: 30,001-40,000"
5,Kallakurichi,delux ponni,clay,125,62.5,wet,100,5,200,10,135.65,51.9,75,3000,18.5,21.5,185.2,272.8,165.3,251.7,60.0,65.0,19.0,33,17.0,32,16.5,31.5,15.5,32.5,8,6,8,6,W,WNW,SE,S,88.5,95,81,84,400,32345,"Very High: 30,001-40,000"
5,Sankarapuram,delux ponni,alluvial,125,62.5,wet,100,5,200,10,135.65,51.9,75,3000,18.1,21.9,185.6,272.4,166.1,250.9,60.2,64.8,20.5,32,17.5,28,18.0,34.0,16.5,35.0,10,12,10,12,SSE,W,SW,NW,72.7,91,83,81,400,31400,"Very High: 30,001-40,000"
5,Chinnasalem,ponmani,clay,125,62.5,wet,100,5,200,10,135.65,51.9,75,3000,18.1,21.9,185.6,272.4,166.1,250.9,60.2,64.8,18.0,31,15.5,34,15.0,33.0,15.0,31.5,6,6,8,10,E,ENE,NE,NNW,78.6,80,92,88,500,30540,"Very High: 30,001-40,000"
5,Cuddalore,delux ponni,alluvial,125,62.5,wet,100,5,200,10,135.65,51.9,75,3000,19.6,20.4,187.2,270.8,167.0,250.0,61.0,64.0,18.5,34,16.0,30,15.5,31.0,16.0,33.0,4,10,8,10,SW,W,NNW,WSW,72.0,78,88,85,400,30905,"Very High: 30,001-40,000"
5,Kurinjipadi,CO_43,alluvial,125,62.5,wet,100,5,200,10,135.65,51.9,75,3000,19.6,20.4,187.2,270.8,167.0,250.0,61.0,64.0,19.5,34,18.5,35,17.0,32.5,16.0,30.5,10,4,10,6,NW,S,SE,SSE,64.6,85,84,87,450,30805,"Very High: 30,001-40,000"
5,Panruti,delux ponni,clay,125,62.5,wet,100,5,200,10,135.65,51.9,75,3000,18.5,21.5,185.2,272.8,165.3,251.7,60.0,65.0,20.0,35,18.0,30,17.5,33.5,18.0,33.0,4,12,4,12,ENE,NE,NNE,W,85.0,96,84,79,400,31535,"Very High: 30,001-40,000"
5,Kallakurichi,delux ponni,alluvial,125,62.5,dry,100,5,200,10,135.65,51.9,75,3000,18.5,21.5,185.2,272.8,165.3,251.7,60.0,65.0,19.0,33,17.0,32,16.5,31.5,15.5,32.5,8,6,8,6,W,WNW,SE,S,88.5,95,81,84,400,31555,"Very High: 30,001-40,000"
5,Sankarapuram,CO_43,alluvial,125,62.5,dry,100,5,200,10,135.65,51.9,75,3000,18.1,21.9,185.6,272.4,166.1,250.9,60.2,64.8,20.5,32,17.5,28,18.0,34.0,16.5,35.0,10,12,10,12,SSE,W,SW,NW,72.7,91,83,81,450,30545,"Very High: 30,001-40,000"
5,Chinnasalem,ponmani,alluvial,125,62.5,dry,100,5,200,10,135.65,51.9,75,3000,18.1,21.9,185.6,272.4,166.1,250.9,60.2,64.8,18.0,31,15.5,34,15.0,33.0,15.0,31.5,6,6,8,10,E,ENE,NE,NNW,78.6,80,92,88,500,31920,"Very High: 30,001-40,000"
5,Cuddalore,delux ponni,alluvial,125,62.5,dry,100,5,200,10,135.65,51.9,75,3000,19.6,20.4,187.2,270.8,167.0,250.0,61.0,64.0,18.5,34,16.0,30,15.5,31.0,16.0,33.0,4,10,8,10,SW,W,NNW,WSW,72.0,78,88,85,400,31035,"Very High: 30,001-40,000"
5,Kurinjipadi,CO_43,clay,125,62.5,dry,100,5,200,10,135.65,51.9,75,3000,19.6,20.4,187.2,270.8,167.0,250.0,61.0,64.0,19.5,34,18.5,35,17.0,32.5,16.0,30.5,10,4,10,6,NW,S,SE,SSE,64.6,85,84,87,450,30805,"Very High: 30,001-40,000"
5,Panruti,ponmani,alluvial,125,62.5,dry,100,5,200,10,135.65,51.9,75,3000,18.5,21.5,185.2,272.8,165.3,251.7,60.0,65.0,20.0,35,18.0,30,17.5,33.5,18.0,33.0,4,12,4,12,ENE,NE,NNE,W,85.0,96,84,79,500,30285,"Very High: 30,001-40,000"
5,Kallakurichi,delux ponni,clay,125,62.5,dry,100,5,200,10,135.65,51.9,75,3000,18.5,21.5,185.2,272.8,165.3,251.7,60.0,65.0,19.0,33,17.0,32,16.5,31.5,15.5,32.5,8,6,8,6,W,WNW,SE,S,88.5,95,81,84,400,32050,"Very High: 30,001-40,000"
5,Sankarapuram,CO_43,clay,125,62.5,dry,100,5,200,10,135.65,51.9,75,3000,18.1,21.9,185.6,272.4,166.1,250.9,60.2,64.8,20.5,32,17.5,28,18.0,34.0,16.5,35.0,10,12,10,12,SSE,W,SW,NW,72.7,91,83,81,450,30855,"Very High: 30,001-40,000"
5,Chinnasalem,delux ponni,alluvial,125,62.5,dry,100,5,200,10,135.65,51.9,75,3000,18.1,21.9,185.6,272.4,166.1,250.9,60.2,64.8,18.0,31,15.5,34,15.0,33.0,15.0,31.5,6,6,8,10,E,ENE,NE,NNW,78.6,80,92,88,400,30250,"Very High: 30,001-40,000"
5,Cuddalore,ponmani,clay,125,62.5,dry,100,5,200,10,135.65,51.9,75,3000,19.6,20.4,187.2,270.8,167.0,250.0,61.0,64.0,18.5,34,16.0,30,15.5,31.0,16.0,33.0,4,10,8,10,SW,W,NNW,WSW,72.0,78,88,85,500,30610,"Very High: 30,001-40,000"
5,Kurinjipadi,CO_43,clay,125,62.5,dry,100,5,200,10,135.65,51.9,75,3000,19.6,20.4,187.2,270.8,167.0,250.0,61.0,64.0,19.5,34,18.5,35,17.0,32.5,16.0,30.5,10,4,10,6,NW,S,SE,SSE,64.6,85,84,87,450,30075,"Very High: 30,001-40,000"
5,Panruti,ponmani,clay,125,62.5,dry,100,5,200,10,135.65,51.9,75,3000,18.5,21.5,185.2,272.8,165.3,251.7,60.0,65.0,20.0,35,18.0,30,17.5,33.5,18.0,33.0,4,12,4,12,ENE,NE,NNE,W,85.0,96,84,79,500,31065,"Very High: 30,001-40,000"
5,Kallakurichi,delux ponni,alluvial,125,62.5,dry,100,5,200,10,135.65,51.9,75,3000,18.5,21.5,185.2,272.8,165.3,251.7,60.0,65.0,19.0,33,17.0,32,16.5,31.5,15.5,32.5,8,6,8,6,W,WNW,SE,S,88.5,95,81,84,400,31135,"Very High: 30,001-40,000"
5,Sankarapuram,CO_43,alluvial,125,62.5,dry,100,5,200,10,135.65,51.9,75,3000,18.1,21.9,185.6,272.4,166.1,250.9,60.2,64.8,20.5,32,17.5,28,18.0,34.0,16.5,35.0,10,12,10,12,SSE,W,SW,NW,72.7,91,83,81,450,31810,"Very High: 30,001-40,000"
5,Chinnasalem,ponmani,alluvial,125,62.5,dry,100,5,200,10,135.65,51.9,75,3000,18.1,21.9,185.6,272.4,166.1,250.9,60.2,64.8,18.0,31,15.5,34,15.0,33.0,15.0,31.5,6,6,8,10,E,ENE,NE,NNW,78.6,80,92,88,500,30755,"Very High: 30,001-40,000"
5,Cuddalore,delux ponni,clay,125,62.5,dry,100,5,200,10,135.65,51.9,75,3000,19.6,20.4,187.2,270.8,167.0,250.0,61.0,64.0,18.5,34,16.0,30,15.5,31.0,16.0,33.0,4,10,8,10,SW,W,NNW,WSW,72.0,78,88,85,400,31815,"Very High: 30,001-40,000"
5,Kurinjipadi,CO_43,alluvial,125,62.5,dry,100,5,200,10,135.65,51.9,75,3000,19.6,20.4,187.2,270.8,167.0,250.0,61.0,64.0,19.5,34,18.5,35,17.0,32.5,16.0,30.5,10,4,10,6,NW,S,SE,SSE,64.6,85,84,87,450,32090,"Very High: 30,001-40,000"
5,Panruti,delux ponni,clay,125,62.5,dry,100,5,200,10,135.65,51.9,75,3000,18.5,21.5,185.2,272.8,165.3,251.7,60.0,65.0,20.0,35,18.0,30,17.5,33.5,18.0,33.0,4,12,4,12,ENE,NE,NNE,W,85.0,96,84,79,400,31045,"Very High: 30,001-40,000"
5,Kallakurichi,ponmani,alluvial,125,62.5,dry,100,5,200,10,135.65,51.9,75,3000,18.5,21.5,185.2,272.8,165.3,251.7,60.0,65.0,19.0,33,17.0,32,16.5,31.5,15.5,32.5,8,6,8,6,W,WNW,SE,S,88.5,95,81,84,500,32155,"Very High: 30,001-40,000"
5,Sankarapuram,CO_43,alluvial,125,62.5,dry,100,5,200,10,135.65,51.9,75,3000,18.1,21.9,185.6,272.4,166.1,250.9,60.2,64.8,20.5,32,17.5,28,18.0,34.0,16.5,35.0,10,12,10,12,SSE,W,SW,NW,72.7,91,83,81,450,31400,"Very High: 30,001-40,000"
5,Chinnasalem,ponmani,clay,125,62.5,dry,100,5,200,10,135.65,51.9,75,3000,18.1,21.9,185.6,272.4,166.1,250.9,60.2,64.8,18.0,31,15.5,34,15.0,33.0,15.0,31.5,6,6,8,10,E,ENE,NE,NNW,78.6,80,92,88,500,30805,"Very High: 30,001-40,000"
5,Cuddalore,delux ponni,clay,125,62.5,dry,100,5,200,10,135.65,51.9,75,3000,19.6,20.4,187.2,270.8,167.0,250.0,61.0,64.0,18.5,34,16.0,30,15.5,31.0,16.0,33.0,4,10,8,10,SW,W,NNW,WSW,72.0,78,88,85,400,31555,"Very High: 30,001-40,000"
5,Kurinjipadi,CO_43,alluvial,125,62.5,dry,100,5,200,10,135.65,51.9,75,3000,19.6,20.4,187.2,270.8,167.0,250.0,61.0,64.0,19.5,34,18.5,35,17.0,32.5,16.0,30.5,10,4,10,6,NW,S,SE,SSE,64.6,85,84,87,450,30250,"Very High: 30,001-40,000"
5,Panruti,ponmani,clay,125,62.5,dry,100,5,200,10,135.65,51.9,75,3000,18.5,21.5,185.2,272.8,165.3,251.7,60.0,65.0,20.0,35,18.0,30,17.5,33.5,18.0,33.0,4,12,4,12,ENE,NE,NNE,W,85.0,96,84,79,500,30610,"Very High: 30,001-40,000"
5,Kallakurichi,delux ponni,alluvial,125,62.5,dry,100,5,200,10,135.65,51.9,75,3000,18.5,21.5,185.2,272.8,165.3,251.7,60.0,65.0,19.0,33,17.0,32,16.5,31.5,15.5,32.5,8,6,8,6,W,WNW,SE,S,88.5,95,81,84,400,30575,"Very High: 30,001-40,000"
5,Sankarapuram,CO_43,clay,125,62.5,dry,100,5,200,10,135.65,51.9,75,3000,18.1,21.9,185.6,272.4,166.1,250.9,60.2,64.8,20.5,32,17.5,28,18.0,34.0,16.5,35.0,10,12,10,12,SSE,W,SW,NW,72.7,91,83,81,450,31605,"Very High: 30,001-40,000"
5,Chinnasalem,delux ponni,clay,125,62.5,dry,100,5,200,10,135.65,51.9,75,3000,18.1,21.9,185.6,272.4,166.1,250.9,60.2,64.8,18.0,31,15.5,34,15.0,33.0,15.0,31.5,6,6,8,10,E,ENE,NE,NNW,78.6,80,92,88,400,31135,"Very High: 30,001-40,000"
5,Cuddalore,ponmani,alluvial,125,62.5,dry,100,5,200,10,135.65,51.9,75,3000,19.6,20.4,187.2,270.8,167.0,250.0,61.0,64.0,18.5,34,16.0,30,15.5,31.0,16.0,33.0,4,10,8,10,SW,W,NNW,WSW,72.0,78,88,85,500,28935,"High: 20,001-30,000"
5,Kurinjipadi,ponmani,clay,125,62.5,dry,100,5,200,10,135.65,51.9,75,3000,19.6,20.4,187.2,270.8,167.0,250.0,61.0,64.0,19.5,34,18.5,35,17.0,32.5,16.0,30.5,10,4,10,6,NW,S,SE,SSE,64.6,85,84,87,500,29535,"High: 20,001-30,000"
5,Panruti,ponmani,alluvial,125,62.5,dry,100,5,200,10,135.65,51.9,75,3000,18.5,21.5,185.2,272.8,165.3,251.7,60.0,65.0,20.0,35,18.0,30,17.5,33.5,18.0,33.0,4,12,4,12,ENE,NE,NNE,W,85.0,96,84,79,500,28785,"High: 20,001-30,000"
5,Kallakurichi,ponmani,clay,125,62.5,dry,100,5,200,10,135.65,51.9,75,3000,18.5,21.5,185.2,272.8,165.3,251.7,60.0,65.0,19.0,33,17.0,32,16.5,31.5,15.5,32.5,8,6,8,6,W,WNW,SE,S,88.5,95,81,84,500,29335,"High: 20,001-30,000"
5,Sankarapuram,CO_43,alluvial,125,62.5,dry,100,5,200,10,135.65,51.9,75,3000,18.1,21.9,185.6,272.4,166.1,250.9,60.2,64.8,20.5,32,17.5,28,18.0,34.0,16.5,35.0,10,12,10,12,SSE,W,SW,NW,72.7,91,83,81,450,29850,"High: 20,001-30,000"
5,Chinnasalem,ponmani,alluvial,125,62.5,dry,100,5,200,10,135.65,51.9,75,3000,18.1,21.9,185.6,272.4,166.1,250.9,60.2,64.8,18.0,31,15.5,34,15.0,33.0,15.0,31.5,6,6,8,10,E,ENE,NE,NNW,78.6,80,92,88,500,29985,"High: 20,001-30,000"
5,Cuddalore,ponmani,clay,125,62.5,dry,100,5,200,10,135.65,51.9,75,3000,19.6,20.4,187.2,270.8,167.0,250.0,61.0,64.0,18.5,34,16.0,30,15.5,31.0,16.0,33.0,4,10,8,10,SW,W,NNW,WSW,72.0,78,88,85,500,28610,"High: 20,001-30,000"
5,Kurinjipadi,ponmani,alluvial,125,62.5,dry,100,5,200,10,135.65,51.9,75,3000,19.6,20.4,187.2,270.8,167.0,250.0,61.0,64.0,19.5,34,18.5,35,17.0,32.5,16.0,30.5,10,4,10,6,NW,S,SE,SSE,64.6,85,84,87,500,27460,"High: 20,001-30,000"
5,Panruti,delux ponni,clay,125,62.5,dry,100,5,200,10,135.65,51.9,75,3000,18.5,21.5,185.2,272.8,165.3,251.7,60.0,65.0,20.0,35,18.0,30,17.5,33.5,18.0,33.0,4,12,4,12,ENE,NE,NNE,W,85.0,96,84,79,400,31625,"Very High: 30,001-40,000"
5,Kallakurichi,delux ponni,alluvial,125,62.5,dry,100,5,200,10,135.65,51.9,75,3000,18.5,21.5,185.2,272.8,165.3,251.7,60.0,65.0,19.0,33,17.0,32,16.5,31.5,15.5,32.5,8,6,8,6,W,WNW,SE,S,88.5,95,81,84,400,32345,"Very High: 30,001-40,000"
5,Sankarapuram,delux ponni,clay,125,62.5,dry,100,5,200,10,135.65,51.9,75,3000,18.1,21.9,185.6,272.4,166.1,250.9,60.2,64.8,20.5,32,17.5,28,18.0,34.0,16.5,35.0,10,12,10,12,SSE,W,SW,NW,72.7,91,83,81,400,31400,"Very High: 30,001-40,000"
5,Chinnasalem,ponmani,alluvial,125,62.5,dry,100,5,200,10,135.65,51.9,75,3000,18.1,21.9,185.6,272.4,166.1,250.9,60.2,64.8,18.0,31,15.5,34,15.0,33.0,15.0,31.5,6,6,8,10,E,ENE,NE,NNW,78.6,80,92,88,500,30540,"Very High: 30,001-40,000"
5,Cuddalore,delux ponni,clay,125,62.5,dry,100,5,200,10,135.65,51.9,75,3000,19.6,20.4,187.2,270.8,167.0,250.0,61.0,64.0,18.5,34,16.0,30,15.5,31.0,16.0,33.0,4,10,8,10,SW,W,NNW,WSW,72.0,78,88,85,400,30905,"Very High: 30,001-40,000"
5,Panruti,delux ponni,clay,125,62.5,dry,100,5,200,10,135.65,51.9,75,3000,18.5,21.5,185.2,272.8,165.3,251.7,60.0,65.0,20.0,35,18.0,30,17.5,33.5,18.0,33.0,4,12,4,12,ENE,NE,NNE,W,85.0,96,84,79,400,31535,"Very High: 30,001-40,000"
5,Kallakurichi,delux ponni,clay,125,62.5,dry,100,5,200,10,135.65,51.9,75,3000,18.5,21.5,185.2,272.8,165.3,251.7,60.0,65.0,19.0,33,17.0,32,16.5,31.5,15.5,32.5,8,6,8,6,W,WNW,SE,S,88.5,95,81,84,400,31555,"Very High: 30,001-40,000"
5,Chinnasalem,ponmani,clay,125,62.5,dry,100,5,200,10,135.65,51.9,75,3000,18.1,21.9,185.6,272.4,166.1,250.9,60.2,64.8,18.0,31,15.5,34,15.0,33.0,15.0,31.5,6,6,8,10,E,ENE,NE,NNW,78.6,80,92,88,500,31920,"Very High: 30,001-40,000"
5,Cuddalore,delux ponni,clay,125,62.5,dry,100,5,200,10,135.65,51.9,75,3000,19.6,20.4,187.2,270.8,167.0,250.0,61.0,64.0,18.5,34,16.0,30,15.5,31.0,16.0,33.0,4,10,8,10,SW,W,NNW,WSW,72.0,78,88,85,400,31035,"Very High: 30,001-40,000"
5,Kurinjipadi,CO_43,alluvial,125,62.5,dry,100,5,200,10,135.65,51.9,75,3000,19.6,20.4,187.2,270.8,167.0,250.0,61.0,64.0,19.5,34,18.5,35,17.0,32.5,16.0,30.5,10,4,10,6,NW,S,SE,SSE,64.6,85,84,87,450,30805,"Very High: 30,001-40,000"
5,Panruti,ponmani,clay,125,62.5,dry,100,5,200,10,135.65,51.9,75,3000,18.5,21.5,185.2,272.8,165.3,251.7,60.0,65.0,20.0,35,18.0,30,17.5,33.5,18.0,33.0,4,12,4,12,ENE,NE,NNE,W,85.0,96,84,79,500,30285,"Very High: 30,001-40,000"
5,Sankarapuram,CO_43,alluvial,125,62.5,dry,100,5,200,10,135.65,51.9,75,3000,18.1,21.9,185.6,272.4,166.1,250.9,60.2,64.8,20.5,32,17.5,28,18.0,34.0,16.5,35.0,10,12,10,12,SSE,W,SW,NW,72.7,91,83,81,450,30855,"Very High: 30,001-40,000"
5,Chinnasalem,delux ponni,clay,125,62.5,dry,100,5,200,10,135.65,51.9,75,3000,18.1,21.9,185.6,272.4,166.1,250.9,60.2,64.8,18.0,31,15.5,34,15.0,33.0,15.0,31.5,6,6,8,10,E,ENE,NE,NNW,78.6,80,92,88,400,30250,"Very High: 30,001-40,000"
5,Panruti,ponmani,alluvial,125,62.5,dry,100,5,200,10,135.65,51.9,75,3000,18.5,21.5,185.2,272.8,165.3,251.7,60.0,65.0,20.0,35,18.0,30,17.5,33.5,18.0,33.0,4,12,4,12,ENE,NE,NNE,W,85.0,96,84,79,500,31065,"Very High: 30,001-40,000"
5,Kallakurichi,delux ponni,clay,125,62.5,dry,100,5,200,10,135.65,51.9,75,3000,18.5,21.5,185.2,272.8,165.3,251.7,60.0,65.0,19.0,33,17.0,32,16.5,31.5,15.5,32.5,8,6,8,6,W,WNW,SE,S,88.5,95,81,84,400,31135,"Very High: 30,001-40,000"
5,Sankarapuram,CO_43,clay,125,62.5,dry,100,5,200,10,135.65,51.9,75,3000,18.1,21.9,185.6,272.4,166.1,250.9,60.2,64.8,20.5,32,17.5,28,18.0,34.0,16.5,35.0,10,12,10,12,SSE,W,SW,NW,72.7,91,83,81,450,31810,"Very High: 30,001-40,000"
5,Cuddalore,delux ponni,alluvial,125,62.5,dry,100,5,200,10,135.65,51.9,75,3000,19.6,20.4,187.2,270.8,167.0,250.0,61.0,64.0,18.5,34,16.0,30,15.5,31.0,16.0,33.0,4,10,8,10,SW,W,NNW,WSW,72.0,78,88,85,400,31815,"Very High: 30,001-40,000"
5,Panruti,delux ponni,alluvial,125,62.5,dry,100,5,200,10,135.65,51.9,75,3000,18.5,21.5,185.2,272.8,165.3,251.7,60.0,65.0,20.0,35,18.0,30,17.5,33.5,18.0,33.0,4,12,4,12,ENE,NE,NNE,W,85.0,96,84,79,400,31045,"Very High: 30,001-40,000"
5,Chinnasalem,ponmani,alluvial,125,62.5,dry,100,5,200,10,135.65,51.9,75,3000,18.1,21.9,185.6,272.4,166.1,250.9,60.2,64.8,18.0,31,15.5,34,15.0,33.0,15.0,31.5,6,6,8,10,E,ENE,NE,NNW,78.6,80,92,88,500,30805,"Very High: 30,001-40,000"
5,Kurinjipadi,CO_43,clay,125,62.5,dry,100,5,200,10,135.65,51.9,75,3000,19.6,20.4,187.2,270.8,167.0,250.0,61.0,64.0,19.5,34,18.5,35,17.0,32.5,16.0,30.5,10,4,10,6,NW,S,SE,SSE,64.6,85,84,87,450,30250,"Very High: 30,001-40,000"
5,Kallakurichi,delux ponni,clay,125,62.5,dry,100,5,200,10,135.65,51.9,75,3000,18.5,21.5,185.2,272.8,165.3,251.7,60.0,65.0,19.0,33,17.0,32,16.5,31.5,15.5,32.5,8,6,8,6,W,WNW,SE,S,88.5,95,81,84,400,30575,"Very High: 30,001-40,000"
5,Cuddalore,ponmani,clay,125,62.5,dry,100,5,200,10,135.65,51.9,75,3000,19.6,20.4,187.2,270.8,167.0,250.0,61.0,64.0,18.5,34,16.0,30,15.5,31.0,16.0,33.0,4,10,8,10,SW,W,NNW,WSW,72.0,78,88,85,500,29365,"High: 20,001-30,000"
5,Kurinjipadi,ponmani,clay,125,62.5,dry,100,5,200,10,135.65,51.9,75,3000,19.6,20.4,187.2,270.8,167.0,250.0,61.0,64.0,19.5,34,18.5,35,17.0,32.5,16.0,30.5,10,4,10,6,NW,S,SE,SSE,64.6,85,84,87,500,29180,"High: 20,001-30,000"
5,Panruti,ponmani,alluvial,125,62.5,dry,100,5,200,10,135.65,51.9,75,3000,18.5,21.5,185.2,272.8,165.3,251.7,60.0,65.0,20.0,35,18.0,30,17.5,33.5,18.0,33.0,4,12,4,12,ENE,NE,NNE,W,85.0,96,84,79,500,28615,"High: 20,001-30,000"
5,Kallakurichi,ponmani,alluvial,125,62.5,dry,100,5,200,10,135.65,51.9,75,3000,18.5,21.5,185.2,272.8,165.3,251.7,60.0,65.0,19.0,33,17.0,32,16.5,31.5,15.5,32.5,8,6,8,6,W,WNW,SE,S,88.5,95,81,84,500,27460,"High: 20,001-30,000"
5,Sankarapuram,CO_43,alluvial,125,62.5,dry,100,5,200,10,135.65,51.9,75,3000,18.1,21.9,185.6,272.4,166.1,250.9,60.2,64.8,20.5,32,17.5,28,18.0,34.0,16.5,35.0,10,12,10,12,SSE,W,SW,NW,72.7,91,83,81,450,29365,"High: 20,001-30,000"
5,Chinnasalem,ponmani,alluvial,125,62.5,dry,100,5,200,10,135.65,51.9,75,3000,18.1,21.9,185.6,272.4,166.1,250.9,60.2,64.8,18.0,31,15.5,34,15.0,33.0,15.0,31.5,6,6,8,10,E,ENE,NE,NNW,78.6,80,92,88,500,29180,"High: 20,001-30,000"
5,Cuddalore,ponmani,clay,125,62.5,dry,100,5,200,10,135.65,51.9,75,3000,19.6,20.4,187.2,270.8,167.0,250.0,61.0,64.0,18.5,34,16.0,30,15.5,31.0,16.0,33.0,4,10,8,10,SW,W,NNW,WSW,72.0,78,88,85,500,29580,"High: 20,001-30,000"
5,Kurinjipadi,ponmani,alluvial,125,62.5,dry,100,5,200,10,135.65,51.9,75,3000,19.6,20.4,187.2,270.8,167.0,250.0,61.0,64.0,19.5,34,18.5,35,17.0,32.5,16.0,30.5,10,4,10,6,NW,S,SE,SSE,64.6,85,84,87,500,28615,"High: 20,001-30,000"
5,Panruti,delux ponni,alluvial,125,62.5,dry,100,5,200,10,135.65,51.9,75,3000,18.5,21.5,185.2,272.8,165.3,251.7,60.0,65.0,20.0,35,18.0,30,17.5,33.5,18.0,33.0,4,12,4,12,ENE,NE,NNE,W,85.0,96,84,79,400,31625,"Very High: 30,001-40,000"
5,Chinnasalem,ponmani,clay,125,62.5,dry,100,5,200,10,135.65,51.9,75,3000,18.1,21.9,185.6,272.4,166.1,250.9,60.2,64.8,18.0,31,15.5,34,15.0,33.0,15.0,31.5,6,6,8,10,E,ENE,NE,NNW,78.6,80,92,88,500,30540,"Very High: 30,001-40,000"
5,Sankarapuram,CO_43,clay,125,62.5,dry,100,5,200,10,135.65,51.9,75,3000,18.1,21.9,185.6,272.4,166.1,250.9,60.2,64.8,20.5,32,17.5,28,18.0,34.0,16.5,35.0,10,12,10,12,SSE,W,SW,NW,72.7,91,83,81,450,30545,"Very High: 30,001-40,000"
5,Kallakurichi,delux ponni,alluvial,125,62.5,dry,100,5,200,10,135.65,51.9,75,3000,18.5,21.5,185.2,272.8,165.3,251.7,60.0,65.0,19.0,33,17.0,32,16.5,31.5,15.5,32.5,8,6,8,6,W,WNW,SE,S,88.5,95,81,84,400,32050,"Very High: 30,001-40,000"
5,Cuddalore,ponmani,alluvial,125,62.5,dry,100,5,200,10,135.65,51.9,75,3000,19.6,20.4,187.2,270.8,167.0,250.0,61.0,64.0,18.5,34,16.0,30,15.5,31.0,16.0,33.0,4,10,8,10,SW,W,NNW,WSW,72.0,78,88,85,500,30610,"Very High: 30,001-40,000"
5,Chinnasalem,ponmani,clay,125,62.5,dry,100,5,200,10,135.65,51.9,75,3000,18.1,21.9,185.6,272.4,166.1,250.9,60.2,64.8,18.0,31,15.5,34,15.0,33.0,15.0,31.5,6,6,8,10,E,ENE,NE,NNW,78.6,80,92,88,500,30755,"Very High: 30,001-40,000"
5,Kallakurichi,ponmani,clay,125,62.5,dry,100,5,200,10,135.65,51.9,75,3000,18.5,21.5,185.2,272.8,165.3,251.7,60.0,65.0,19.0,33,17.0,32,16.5,31.5,15.5,32.5,8,6,8,6,W,WNW,SE,S,88.5,95,81,84,500,32155,"Very High: 30,001-40,000"
5,Chinnasalem,delux ponni,alluvial,125,62.5,dry,100,5,200,10,135.65,51.9,75,3000,18.1,21.9,185.6,272.4,166.1,250.9,60.2,64.8,18.0,31,15.5,34,15.0,33.0,15.0,31.5,6,6,8,10,E,ENE,NE,NNW,78.6,80,92,88,400,31135,"Very High: 30,001-40,000"
5,Cuddalore,ponmani,clay,125,62.5,dry,100,5,200,10,135.65,51.9,75,3000,19.6,20.4,187.2,270.8,167.0,250.0,61.0,64.0,18.5,34,16.0,30,15.5,31.0,16.0,33.0,4,10,8,10,SW,W,NNW,WSW,72.0,78,88,85,500,29275,"High: 20,001-30,000"
5,Kurinjipadi,ponmani,clay,125,62.5,wet,100,5,200,10,135.65,51.9,75,3000,19.6,20.4,187.2,270.8,167.0,250.0,61.0,64.0,19.5,34,18.5,35,17.0,32.5,16.0,30.5,10,4,10,6,NW,S,SE,SSE,64.6,85,84,87,500,27265,"High: 20,001-30,000"
5,Panruti,ponmani,alluvial,125,62.5,wet,100,5,200,10,135.65,51.9,75,3000,18.5,21.5,185.2,272.8,165.3,251.7,60.0,65.0,20.0,35,18.0,30,17.5,33.5,18.0,33.0,4,12,4,12,ENE,NE,NNE,W,85.0,96,84,79,500,28060,"High: 20,001-30,000"
5,Kallakurichi,ponmani,clay,125,62.5,wet,100,5,200,10,135.65,51.9,75,3000,18.5,21.5,185.2,272.8,165.3,251.7,60.0,65.0,19.0,33,17.0,32,16.5,31.5,15.5,32.5,8,6,8,6,W,WNW,SE,S,88.5,95,81,84,500,29365,"High: 20,001-30,000"
5,Sankarapuram,CO_43,alluvial,125,62.5,wet,100,5,200,10,135.65,51.9,75,3000,18.1,21.9,185.6,272.4,166.1,250.9,60.2,64.8,20.5,32,17.5,28,18.0,34.0,16.5,35.0,10,12,10,12,SSE,W,SW,NW,72.7,91,83,81,450,29415,"High: 20,001-30,000"
5,Chinnasalem,ponmani,alluvial,125,62.5,wet,100,5,200,10,135.65,51.9,75,3000,18.1,21.9,185.6,272.4,166.1,250.9,60.2,64.8,18.0,31,15.5,34,15.0,33.0,15.0,31.5,6,6,8,10,E,ENE,NE,NNW,78.6,80,92,88,500,29180,"High: 20,001-30,000"
5,Cuddalore,ponmani,clay,125,62.5,wet,100,5,200,10,135.65,51.9,75,3000,19.6,20.4,187.2,270.8,167.0,250.0,61.0,64.0,18.5,34,16.0,30,15.5,31.0,16.0,33.0,4,10,8,10,SW,W,NNW,WSW,72.0,78,88,85,500,28615,"High: 20,001-30,000"
5,Kurinjipadi,ponmani,alluvial,125,62.5,wet,100,5,200,10,135.65,51.9,75,3000,19.6,20.4,187.2,270.8,167.0,250.0,61.0,64.0,19.5,34,18.5,35,17.0,32.5,16.0,30.5,10,4,10,6,NW,S,SE,SSE,64.6,85,84,87,500,27460,"High: 20,001-30,000"
5,Panruti,delux ponni,alluvial,125,62.5,wet,100,5,200,10,135.65,51.9,75,3000,18.5,21.5,185.2,272.8,165.3,251.7,60.0,65.0,20.0,35,18.0,30,17.5,33.5,18.0,33.0,4,12,4,12,ENE,NE,NNE,W,85.0,96,84,79,400,31625,"Very High: 30,001-40,000"
5,Kallakurichi,delux ponni,alluvial,125,62.5,wet,100,5,200,10,135.65,51.9,75,3000,18.5,21.5,185.2,272.8,165.3,251.7,60.0,65.0,19.0,33,17.0,32,16.5,31.5,15.5,32.5,8,6,8,6,W,WNW,SE,S,88.5,95,81,84,400,32345,"Very High: 30,001-40,000"
5,Kurinjipadi,CO_43,clay,125,62.5,wet,100,5,200,10,135.65,51.9,75,3000,19.6,20.4,187.2,270.8,167.0,250.0,61.0,64.0,19.5,34,18.5,35,17.0,32.5,16.0,30.5,10,4,10,6,NW,S,SE,SSE,64.6,85,84,87,450,30805,"Very High: 30,001-40,000"
5,Kallakurichi,delux ponni,alluvial,125,62.5,wet,100,5,200,10,135.65,51.9,75,3000,18.5,21.5,185.2,272.8,165.3,251.7,60.0,65.0,19.0,33,17.0,32,16.5,31.5,15.5,32.5,8,6,8,6,W,WNW,SE,S,88.5,95,81,84,400,31555,"Very High: 30,001-40,000"
5,Sankarapuram,CO_43,clay,125,62.5,wet,100,5,200,10,135.65,51.9,75,3000,18.1,21.9,185.6,272.4,166.1,250.9,60.2,64.8,20.5,32,17.5,28,18.0,34.0,16.5,35.0,10,12,10,12,SSE,W,SW,NW,72.7,91,83,81,450,30545,"Very High: 30,001-40,000"
5,Chinnasalem,ponmani,clay,125,62.5,wet,100,5,200,10,135.65,51.9,75,3000,18.1,21.9,185.6,272.4,166.1,250.9,60.2,64.8,18.0,31,15.5,34,15.0,33.0,15.0,31.5,6,6,8,10,E,ENE,NE,NNW,78.6,80,92,88,500,31920,"Very High: 30,001-40,000"
5,Cuddalore,delux ponni,clay,125,62.5,wet,100,5,200,10,135.65,51.9,75,3000,19.6,20.4,187.2,270.8,167.0,250.0,61.0,64.0,18.5,34,16.0,30,15.5,31.0,16.0,33.0,4,10,8,10,SW,W,NNW,WSW,72.0,78,88,85,400,31035,"Very High: 30,001-40,000"
5,Panruti,ponmani,alluvial,125,62.5,wet,100,5,200,10,135.65,51.9,75,3000,18.5,21.5,185.2,272.8,165.3,251.7,60.0,65.0,20.0,35,18.0,30,17.5,33.5,18.0,33.0,4,12,4,12,ENE,NE,NNE,W,85.0,96,84,79,500,30285,"Very High: 30,001-40,000"
5,Kallakurichi,delux ponni,alluvial,125,62.5,wet,100,5,200,10,135.65,51.9,75,3000,18.5,21.5,185.2,272.8,165.3,251.7,60.0,65.0,19.0,33,17.0,32,16.5,31.5,15.5,32.5,8,6,8,6,W,WNW,SE,S,88.5,95,81,84,400,32050,"Very High: 30,001-40,000"
5,Sankarapuram,CO_43,clay,125,62.5,wet,100,5,200,10,135.65,51.9,75,3000,18.1,21.9,185.6,272.4,166.1,250.9,60.2,64.8,20.5,32,17.5,28,18.0,34.0,16.5,35.0,10,12,10,12,SSE,W,SW,NW,72.7,91,83,81,450,30855,"Very High: 30,001-40,000"
5,Chinnasalem,delux ponni,alluvial,125,62.5,wet,100,5,200,10,135.65,51.9,75,3000,18.1,21.9,185.6,272.4,166.1,250.9,60.2,64.8,18.0,31,15.5,34,15.0,33.0,15.0,31.5,6,6,8,10,E,ENE,NE,NNW,78.6,80,92,88,400,30250,"Very High: 30,001-40,000"
5,Kurinjipadi,CO_43,alluvial,125,62.5,dry,100,5,200,10,135.65,51.9,75,3000,19.6,20.4,187.2,270.8,167.0,250.0,61.0,64.0,19.5,34,18.5,35,17.0,32.5,16.0,30.5,10,4,10,6,NW,S,SE,SSE,64.6,85,84,87,450,30075,"Very High: 30,001-40,000"
5,Chinnasalem,delux ponni,clay,125,62.5,dry,100,5,200,10,135.65,51.9,75,3000,18.1,21.9,185.6,272.4,166.1,250.9,60.2,64.8,18.0,31,15.5,34,15.0,33.0,15.0,31.5,6,6,8,10,E,ENE,NE,NNW,78.6,80,92,88,400,31815,"Very High: 30,001-40,000"
5,Chinnasalem,CO_43,alluvial,125,62.5,dry,100,5,200,10,135.65,51.9,75,3000,18.1,21.9,185.6,272.4,166.1,250.9,60.2,64.8,18.0,31,15.5,34,15.0,33.0,15.0,31.5,6,6,8,10,E,ENE,NE,NNW,78.6,80,92,88,450,32090,"Very High: 30,001-40,000"
5,Chinnasalem,delux ponni,clay,125,62.5,dry,100,5,200,10,135.65,51.9,75,3000,18.1,21.9,185.6,272.4,166.1,250.9,60.2,64.8,18.0,31,15.5,34,15.0,33.0,15.0,31.5,6,6,8,10,E,ENE,NE,NNW,78.6,80,92,88,400,31045,"Very High: 30,001-40,000"
5,Chinnasalem,ponmani,clay,125,62.5,dry,100,5,200,10,135.65,51.9,75,3000,18.1,21.9,185.6,272.4,166.1,250.9,60.2,64.8,18.0,31,15.5,34,15.0,33.0,15.0,31.5,6,6,8,10,E,ENE,NE,NNW,78.6,80,92,88,500,32155,"Very High: 30,001-40,000"
5,Kallakurichi,CO_43,alluvial,125,62.5,dry,100,5,200,10,135.65,51.9,75,3000,18.5,21.5,185.2,272.8,165.3,251.7,60.0,65.0,19.0,33,17.0,32,16.5,31.5,15.5,32.5,8,6,8,6,W,WNW,SE,S,88.5,95,81,84,450,31400,"Very High: 30,001-40,000"
5,Kallakurichi,ponmani,clay,125,62.5,dry,100,5,200,10,135.65,51.9,75,3000,18.5,21.5,185.2,272.8,165.3,251.7,60.0,65.0,19.0,33,17.0,32,16.5,31.5,15.5,32.5,8,6,8,6,W,WNW,SE,S,88.5,95,81,84,500,30805,"Very High: 30,001-40,000"
5,Kallakurichi,CO_43,clay,125,62.5,dry,100,5,200,10,135.65,51.9,75,3000,18.5,21.5,185.2,272.8,165.3,251.7,60.0,65.0,19.0,33,17.0,32,16.5,31.5,15.5,32.5,8,6,8,6,W,WNW,SE,S,88.5,95,81,84,450,30250,"Very High: 30,001-40,000"
5,Panruti,ponmani,alluvial,125,62.5,dry,100,5,200,10,135.65,51.9,75,3000,18.5,21.5,185.2,272.8,165.3,251.7,60.0,65.0,20.0,35,18.0,30,17.5,33.5,18.0,33.0,4,12,4,12,ENE,NE,NNE,W,85.0,96,84,79,500,30610,"Very High: 30,001-40,000"
5,Panruti,delux ponni,alluvial,125,62.5,dry,100,5,200,10,135.65,51.9,75,3000,18.5,21.5,185.2,272.8,165.3,251.7,60.0,65.0,20.0,35,18.0,30,17.5,33.5,18.0,33.0,4,12,4,12,ENE,NE,NNE,W,85.0,96,84,79,400,30575,"Very High: 30,001-40,000"
5,Panruti,CO_43,clay,125,62.5,dry,100,5,200,10,135.65,51.9,75,3000,18.5,21.5,185.2,272.8,165.3,251.7,60.0,65.0,20.0,35,18.0,30,17.5,33.5,18.0,33.0,4,12,4,12,ENE,NE,NNE,W,85.0,96,84,79,450,31605,"Very High: 30,001-40,000"
5,Panruti,delux ponni,alluvial,125,62.5,dry,100,5,200,10,135.65,51.9,75,3000,18.5,21.5,185.2,272.8,165.3,251.7,60.0,65.0,20.0,35,18.0,30,17.5,33.5,18.0,33.0,4,12,4,12,ENE,NE,NNE,W,85.0,96,84,79,400,31135,"Very High: 30,001-40,000"
5,Panruti,ponmani,clay,125,62.5,wet,100,5,200,10,135.65,51.9,75,3000,18.5,21.5,185.2,272.8,165.3,251.7,60.0,65.0,20.0,35,18.0,30,17.5,33.5,18.0,33.0,4,12,4,12,ENE,NE,NNE,W,85.0,96,84,79,500,29455,"High: 20,001-30,000"
5,Cuddalore,ponmani,alluvial,125,62.5,wet,100,5,200,10,135.65,51.9,75,3000,19.6,20.4,187.2,270.8,167.0,250.0,61.0,64.0,18.5,34,16.0,30,15.5,31.0,16.0,33.0,4,10,8,10,SW,W,NNW,WSW,72.0,78,88,85,500,29930,"High: 20,001-30,000"
5,Cuddalore,ponmani,clay,125,62.5,wet,100,5,200,10,135.65,51.9,75,3000,19.6,20.4,187.2,270.8,167.0,250.0,61.0,64.0,18.5,34,16.0,30,15.5,31.0,16.0,33.0,4,10,8,10,SW,W,NNW,WSW,72.0,78,88,85,500,27100,"High: 20,001-30,000"
5,Cuddalore,ponmani,alluvial,125,62.5,wet,100,5,200,10,135.65,51.9,75,3000,19.6,20.4,187.2,270.8,167.0,250.0,61.0,64.0,18.5,34,16.0,30,15.5,31.0,16.0,33.0,4,10,8,10,SW,W,NNW,WSW,72.0,78,88,85,500,27270,"High: 20,001-30,000"
5,Cuddalore,CO_43,clay,125,62.5,wet,100,5,200,10,135.65,51.9,75,3000,19.6,20.4,187.2,270.8,167.0,250.0,61.0,64.0,18.5,34,16.0,30,15.5,31.0,16.0,33.0,4,10,8,10,SW,W,NNW,WSW,72.0,78,88,85,450,27660,"High: 20,001-30,000"
5,Cuddalore,ponmani,clay,125,62.5,wet,100,5,200,10,135.65,51.9,75,3000,19.6,20.4,187.2,270.8,167.0,250.0,61.0,64.0,18.5,34,16.0,30,15.5,31.0,16.0,33.0,4,10,8,10,SW,W,NNW,WSW,72.0,78,88,85,500,28400,"High: 20,001-30,000"
5,Cuddalore,ponmani,clay,125,62.5,wet,100,5,200,10,135.65,51.9,75,3000,19.6,20.4,187.2,270.8,167.0,250.0,61.0,64.0,18.5,34,16.0,30,15.5,31.0,16.0,33.0,4,10,8,10,SW,W,NNW,WSW,72.0,78,88,85,500,29180,"High: 20,001-30,000"
5,Cuddalore,ponmani,clay,125,62.5,wet,100,5,200,10,135.65,51.9,75,3000,19.6,20.4,187.2,270.8,167.0,250.0,61.0,64.0,18.5,34,16.0,30,15.5,31.0,16.0,33.0,4,10,8,10,SW,W,NNW,WSW,72.0,78,88,85,500,29365,"High: 20,001-30,000"
5,Kurinjipadi,delux ponni,alluvial,125,62.5,wet,100,5,200,10,135.65,51.9,75,3000,19.6,20.4,187.2,270.8,167.0,250.0,61.0,64.0,19.5,34,18.5,35,17.0,32.5,16.0,30.5,10,4,10,6,NW,S,SE,SSE,64.6,85,84,87,400,31625,"Very High: 30,001-40,000"
5,Kurinjipadi,delux ponni,clay,125,62.5,wet,100,5,200,10,135.65,51.9,75,3000,19.6,20.4,187.2,270.8,167.0,250.0,61.0,64.0,19.5,34,18.5,35,17.0,32.5,16.0,30.5,10,4,10,6,NW,S,SE,SSE,64.6,85,84,87,400,32345,"Very High: 30,001-40,000"
5,Kurinjipadi,delux ponni,clay,125,62.5,wet,100,5,200,10,135.65,51.9,75,3000,19.6,20.4,187.2,270.8,167.0,250.0,61.0,64.0,19.5,34,18.5,35,17.0,32.5,16.0,30.5,10,4,10,6,NW,S,SE,SSE,64.6,85,84,87,400,31400,"Very High: 30,001-40,000"
5,Kurinjipadi,ponmani,alluvial,125,62.5,wet,100,5,200,10,135.65,51.9,75,3000,19.6,20.4,187.2,270.8,167.0,250.0,61.0,64.0,19.5,34,18.5,35,17.0,32.5,16.0,30.5,10,4,10,6,NW,S,SE,SSE,64.6,85,84,87,500,30540,"Very High: 30,001-40,000"
5,Kurinjipadi,delux ponni,clay,125,62.5,wet,100,5,200,10,135.65,51.9,75,3000,19.6,20.4,187.2,270.8,167.0,250.0,61.0,64.0,19.5,34,18.5,35,17.0,32.5,16.0,30.5,10,4,10,6,NW,S,SE,SSE,64.6,85,84,87,400,30905,"Very High: 30,001-40,000"
5,Kurinjipadi,delux ponni,alluvial,125,62.5,wet,100,5,200,10,135.65,51.9,75,3000,19.6,20.4,187.2,270.8,167.0,250.0,61.0,64.0,19.5,34,18.5,35,17.0,32.5,16.0,30.5,10,4,10,6,NW,S,SE,SSE,64.6,85,84,87,400,31535,"Very High: 30,001-40,000"
5,Kurinjipadi,delux ponni,clay,125,62.5,wet,100,5,200,10,135.65,51.9,75,3000,19.6,20.4,187.2,270.8,167.0,250.0,61.0,64.0,19.5,34,18.5,35,17.0,32.5,16.0,30.5,10,4,10,6,NW,S,SE,SSE,64.6,85,84,87,400,31555,"Very High: 30,001-40,000"
5,Kurinjipadi,CO_43,clay,125,62.5,wet,100,5,200,10,135.65,51.9,75,3000,19.6,20.4,187.2,270.8,167.0,250.0,61.0,64.0,19.5,34,18.5,35,17.0,32.5,16.0,30.5,10,4,10,6,NW,S,SE,SSE,64.6,85,84,87,450,30545,"Very High: 30,001-40,000"
5,Kurinjipadi,ponmani,clay,125,62.5,wet,100,5,200,10,135.65,51.9,75,3000,19.6,20.4,187.2,270.8,167.0,250.0,61.0,64.0,19.5,34,18.5,35,17.0,32.5,16.0,30.5,10,4,10,6,NW,S,SE,SSE,64.6,85,84,87,500,31920,"Very High: 30,001-40,000"
5,Sankarapuram,delux ponni,alluvial,125,62.5,wet,100,5,200,10,135.65,51.9,75,3000,18.1,21.9,185.6,272.4,166.1,250.9,60.2,64.8,20.5,32,17.5,28,18.0,34.0,16.5,35.0,10,12,10,12,SSE,W,SW,NW,72.7,91,83,81,400,31035,"Very High: 30,001-40,000"
5,Sankarapuram,CO_43,clay,125,62.5,wet,100,5,200,10,135.65,51.9,75,3000,18.1,21.9,185.6,272.4,166.1,250.9,60.2,64.8,20.5,32,17.5,28,18.0,34.0,16.5,35.0,10,12,10,12,SSE,W,SW,NW,72.7,91,83,81,450,30805,"Very High: 30,001-40,000"
5,Sankarapuram,ponmani,clay,125,62.5,wet,100,5,200,10,135.65,51.9,75,3000,18.1,21.9,185.6,272.4,166.1,250.9,60.2,64.8,20.5,32,17.5,28,18.0,34.0,16.5,35.0,10,12,10,12,SSE,W,SW,NW,72.7,91,83,81,500,30285,"Very High: 30,001-40,000"
5,Sankarapuram,delux ponni,alluvial,125,62.5,wet,100,5,200,10,135.65,51.9,75,3000,18.1,21.9,185.6,272.4,166.1,250.9,60.2,64.8,20.5,32,17.5,28,18.0,34.0,16.5,35.0,10,12,10,12,SSE,W,SW,NW,72.7,91,83,81,400,32050,"Very High: 30,001-40,000"
5,Sankarapuram,CO_43,alluvial,125,62.5,wet,100,5,200,10,135.65,51.9,75,3000,18.1,21.9,185.6,272.4,166.1,250.9,60.2,64.8,20.5,32,17.5,28,18.0,34.0,16.5,35.0,10,12,10,12,SSE,W,SW,NW,72.7,91,83,81,450,30855,"Very High: 30,001-40,000"
5,Sankarapuram,delux ponni,alluvial,125,62.5,wet,100,5,200,10,135.65,51.9,75,3000,18.1,21.9,185.6,272.4,166.1,250.9,60.2,64.8,20.5,32,17.5,28,18.0,34.0,16.5,35.0,10,12,10,12,SSE,W,SW,NW,72.7,91,83,81,400,30250,"Very High: 30,001-40,000"
5,Sankarapuram,ponmani,alluvial,125,62.5,wet,100,5,200,10,135.65,51.9,75,3000,18.1,21.9,185.6,272.4,166.1,250.9,60.2,64.8,20.5,32,17.5,28,18.0,34.0,16.5,35.0,10,12,10,12,SSE,W,SW,NW,72.7,91,83,81,500,30610,"Very High: 30,001-40,000"
5,Sankarapuram,CO_43,alluvial,125,62.5,wet,100,5,200,10,135.65,51.9,75,3000,18.1,21.9,185.6,272.4,166.1,250.9,60.2,64.8,20.5,32,17.5,28,18.0,34.0,16.5,35.0,10,12,10,12,SSE,W,SW,NW,72.7,91,83,81,450,30075,"Very High: 30,001-40,000"
5,Sankarapuram,ponmani,alluvial,125,62.5,wet,100,5,200,10,135.65,51.9,75,3000,18.1,21.9,185.6,272.4,166.1,250.9,60.2,64.8,20.5,32,17.5,28,18.0,34.0,16.5,35.0,10,12,10,12,SSE,W,SW,NW,72.7,91,83,81,500,31065,"Very High: 30,001-40,000"
5,Sankarapuram,delux ponni,alluvial,125,62.5,wet,100,5,200,10,135.65,51.9,75,3000,18.1,21.9,185.6,272.4,166.1,250.9,60.2,64.8,20.5,32,17.5,28,18.0,34.0,16.5,35.0,10,12,10,12,SSE,W,SW,NW,72.7,91,83,81,400,31135,"Very High: 30,001-40,000"
5,Sankarapuram,CO_43,clay,125,62.5,wet,100,5,200,10,135.65,51.9,75,3000,18.1,21.9,185.6,272.4,166.1,250.9,60.2,64.8,20.5,32,17.5,28,18.0,34.0,16.5,35.0,10,12,10,12,SSE,W,SW,NW,72.7,91,83,81,450,31810,"Very High: 30,001-40,000"
5,Sankarapuram,ponmani,clay,125,62.5,wet,100,5,200,10,135.65,51.9,75,3000,18.1,21.9,185.6,272.4,166.1,250.9,60.2,64.8,20.5,32,17.5,28,18.0,34.0,16.5,35.0,10,12,10,12,SSE,W,SW,NW,72.7,91,83,81,500,30755,"Very High: 30,001-40,000"
5,Sankarapuram,delux ponni,clay,125,62.5,wet,100,5,200,10,135.65,51.9,75,3000,18.1,21.9,185.6,272.4,166.1,250.9,60.2,64.8,20.5,32,17.5,28,18.0,34.0,16.5,35.0,10,12,10,12,SSE,W,SW,NW,72.7,91,83,81,400,31815,"Very High: 30,001-40,000"
5,Sankarapuram,CO_43,clay,125,62.5,wet,100,5,200,10,135.65,51.9,75,3000,18.1,21.9,185.6,272.4,166.1,250.9,60.2,64.8,20.5,32,17.5,28,18.0,34.0,16.5,35.0,10,12,10,12,SSE,W,SW,NW,72.7,91,83,81,450,32090,"Very High: 30,001-40,000"
5,Sankarapuram,delux ponni,clay,125,62.5,dry,100,5,200,10,135.65,51.9,75,3000,18.1,21.9,185.6,272.4,166.1,250.9,60.2,64.8,20.5,32,17.5,28,18.0,34.0,16.5,35.0,10,12,10,12,SSE,W,SW,NW,72.7,91,83,81,400,31045,"Very High: 30,001-40,000"
5,Sankarapuram,ponmani,clay,125,62.5,dry,100,5,200,10,135.65,51.9,75,3000,18.1,21.9,185.6,272.4,166.1,250.9,60.2,64.8,20.5,32,17.5,28,18.0,34.0,16.5,35.0,10,12,10,12,SSE,W,SW,NW,72.7,91,83,81,500,32155,"Very High: 30,001-40,000"
5,Sankarapuram,CO_43,clay,125,62.5,dry,100,5,200,10,135.65,51.9,75,3000,18.1,21.9,185.6,272.4,166.1,250.9,60.2,64.8,20.5,32,17.5,28,18.0,34.0,16.5,35.0,10,12,10,12,SSE,W,SW,NW,72.7,91,83,81,450,31400,"Very High: 30,001-40,000"
5,Sankarapuram,ponmani,clay,125,62.5,dry,100,5,200,10,135.65,51.9,75,3000,18.1,21.9,185.6,272.4,166.1,250.9,60.2,64.8,20.5,32,17.5,28,18.0,34.0,16.5,35.0,10,12,10,12,SSE,W,SW,NW,72.7,91,83,81,500,30805,"Very High: 30,001-40,000"
5,Sankarapuram,delux ponni,alluvial,125,62.5,dry,100,5,200,10,135.65,51.9,75,3000,18.1,21.9,185.6,272.4,166.1,250.9,60.2,64.8,20.5,32,17.5,28,18.0,34.0,16.5,35.0,10,12,10,12,SSE,W,SW,NW,72.7,91,83,81,400,31555,"Very High: 30,001-40,000"
5,Sankarapuram,CO_43,alluvial,125,62.5,dry,100,5,200,10,135.65,51.9,75,3000,18.1,21.9,185.6,272.4,166.1,250.9,60.2,64.8,20.5,32,17.5,28,18.0,34.0,16.5,35.0,10,12,10,12,SSE,W,SW,NW,72.7,91,83,81,450,30250,"Very High: 30,001-40,000"
5,Kurinjipadi,delux ponni,alluvial,125,62.5,dry,100,5,200,10,135.65,51.9,75,3000,19.6,20.4,187.2,270.8,167.0,250.0,61.0,64.0,19.5,34,18.5,35,17.0,32.5,16.0,30.5,10,4,10,6,NW,S,SE,SSE,64.6,85,84,87,400,30575,"Very High: 30,001-40,000"
5,Panruti,CO_43,alluvial,125,62.5,dry,100,5,200,10,135.65,51.9,75,3000,18.5,21.5,185.2,272.8,165.3,251.7,60.0,65.0,20.0,35,18.0,30,17.5,33.5,18.0,33.0,4,12,4,12,ENE,NE,NNE,W,85.0,96,84,79,450,31605,"Very High: 30,001-40,000"
5,Sankarapuram,ponmani,alluvial,125,62.5,dry,100,5,200,10,135.65,51.9,75,3000,18.1,21.9,185.6,272.4,166.1,250.9,60.2,64.8,20.5,32,17.5,28,18.0,34.0,16.5,35.0,10,12,10,12,SSE,W,SW,NW,72.7,91,83,81,500,29365,"High: 20,001-30,000"
5,Chinnasalem,ponmani,alluvial,125,62.5,dry,100,5,200,10,135.65,51.9,75,3000,18.1,21.9,185.6,272.4,166.1,250.9,60.2,64.8,18.0,31,15.5,34,15.0,33.0,15.0,31.5,6,6,8,10,E,ENE,NE,NNW,78.6,80,92,88,500,27315,"High: 20,001-30,000"
5,Cuddalore,ponmani,clay,125,62.5,dry,100,5,200,10,135.65,51.9,75,3000,19.6,20.4,187.2,270.8,167.0,250.0,61.0,64.0,18.5,34,16.0,30,15.5,31.0,16.0,33.0,4,10,8,10,SW,W,NNW,WSW,72.0,78,88,85,500,27460,"High: 20,001-30,000"
5,Kurinjipadi,ponmani,clay,125,62.5,dry,100,5,200,10,135.65,51.9,75,3000,19.6,20.4,187.2,270.8,167.0,250.0,61.0,64.0,19.5,34,18.5,35,17.0,32.5,16.0,30.5,10,4,10,6,NW,S,SE,SSE,64.6,85,84,87,500,28615,"High: 20,001-30,000"
5,Panruti,CO_43,clay,125,62.5,dry,100,5,200,10,135.65,51.9,75,3000,18.5,21.5,185.2,272.8,165.3,251.7,60.0,65.0,20.0,35,18.0,30,17.5,33.5,18.0,33.0,4,12,4,12,ENE,NE,NNE,W,85.0,96,84,79,450,29180,"High: 20,001-30,000"
5,Kallakurichi,ponmani,clay,125,62.5,dry,100,5,200,10,135.65,51.9,75,3000,18.5,21.5,185.2,272.8,165.3,251.7,60.0,65.0,19.0,33,17.0,32,16.5,31.5,15.5,32.5,8,6,8,6,W,WNW,SE,S,88.5,95,81,84,500,29275,"High: 20,001-30,000"
5,Sankarapuram,ponmani,clay,125,62.5,dry,100,5,200,10,135.65,51.9,75,3000,18.1,21.9,185.6,272.4,166.1,250.9,60.2,64.8,20.5,32,17.5,28,18.0,34.0,16.5,35.0,10,12,10,12,SSE,W,SW,NW,72.7,91,83,81,500,29180,"High: 20,001-30,000"
5,Chinnasalem,ponmani,clay,125,62.5,dry,100,5,200,10,135.65,51.9,75,3000,18.1,21.9,185.6,272.4,166.1,250.9,60.2,64.8,18.0,31,15.5,34,15.0,33.0,15.0,31.5,6,6,8,10,E,ENE,NE,NNW,78.6,80,92,88,500,28615,"High: 20,001-30,000"
5,Cuddalore,delux ponni,clay,125,62.5,dry,100,5,200,10,135.65,51.9,75,3000,19.6,20.4,187.2,270.8,167.0,250.0,61.0,64.0,18.5,34,16.0,30,15.5,31.0,16.0,33.0,4,10,8,10,SW,W,NNW,WSW,72.0,78,88,85,400,30100,"Very High: 30,001-40,000"
5,Kurinjipadi,delux ponni,alluvial,125,62.5,dry,100,5,200,10,135.65,51.9,75,3000,19.6,20.4,187.2,270.8,167.0,250.0,61.0,64.0,19.5,34,18.5,35,17.0,32.5,16.0,30.5,10,4,10,6,NW,S,SE,SSE,64.6,85,84,87,400,32085,"Very High: 30,001-40,000"
5,Panruti,delux ponni,clay,125,62.5,dry,100,5,200,10,135.65,51.9,75,3000,18.5,21.5,185.2,272.8,165.3,251.7,60.0,65.0,20.0,35,18.0,30,17.5,33.5,18.0,33.0,4,12,4,12,ENE,NE,NNE,W,85.0,96,84,79,400,31980,"Very High: 30,001-40,000"
5,Kallakurichi,ponmani,alluvial,125,62.5,dry,100,5,200,10,135.65,51.9,75,3000,18.5,21.5,185.2,272.8,165.3,251.7,60.0,65.0,19.0,33,17.0,32,16.5,31.5,15.5,32.5,8,6,8,6,W,WNW,SE,S,88.5,95,81,84,500,29180,"High: 20,001-30,000"
5,Sankarapuram,delux ponni,clay,125,62.5,dry,100,5,200,10,135.65,51.9,75,3000,18.1,21.9,185.6,272.4,166.1,250.9,60.2,64.8,20.5,32,17.5,28,18.0,34.0,16.5,35.0,10,12,10,12,SSE,W,SW,NW,72.7,91,83,81,400,31555,"Very High: 30,001-40,000"
5,Chinnasalem,CO_43,alluvial,125,62.5,wet,100,5,200,10,135.65,51.9,75,3000,18.1,21.9,185.6,272.4,166.1,250.9,60.2,64.8,18.0,31,15.5,34,15.0,33.0,15.0,31.5,6,6,8,10,E,ENE,NE,NNW,78.6,80,92,88,450,29315,"High: 20,001-30,000"
5,Cuddalore,delux ponni,alluvial,125,62.5,wet,100,5,200,10,135.65,51.9,75,3000,19.6,20.4,187.2,270.8,167.0,250.0,61.0,64.0,18.5,34,16.0,30,15.5,31.0,16.0,33.0,4,10,8,10,SW,W,NNW,WSW,72.0,78,88,85,400,30405,"Very High: 30,001-40,000"
5,Kurinjipadi,delux ponni,clay,125,62.5,wet,100,5,200,10,135.65,51.9,75,3000,19.6,20.4,187.2,270.8,167.0,250.0,61.0,64.0,19.5,34,18.5,35,17.0,32.5,16.0,30.5,10,4,10,6,NW,S,SE,SSE,64.6,85,84,87,400,31420,"Very High: 30,001-40,000"
5,Panruti,CO_43,alluvial,125,62.5,wet,100,5,200,10,135.65,51.9,75,3000,18.5,21.5,185.2,272.8,165.3,251.7,60.0,65.0,20.0,35,18.0,30,17.5,33.5,18.0,33.0,4,12,4,12,ENE,NE,NNE,W,85.0,96,84,79,450,29180,"High: 20,001-30,000"
5,Kallakurichi,ponmani,clay,125,62.5,wet,100,5,200,10,135.65,51.9,75,3000,18.5,21.5,185.2,272.8,165.3,251.7,60.0,65.0,19.0,33,17.0,32,16.5,31.5,15.5,32.5,8,6,8,6,W,WNW,SE,S,88.5,95,81,84,500,28615,"High: 20,001-30,000"
5,Sankarapuram,delux ponni,alluvial,125,62.5,wet,100,5,200,10,135.65,51.9,75,3000,18.1,21.9,185.6,272.4,166.1,250.9,60.2,64.8,20.5,32,17.5,28,18.0,34.0,16.5,35.0,10,12,10,12,SSE,W,SW,NW,72.7,91,83,81,400,30965,"Very High: 30,001-40,000"
5,Chinnasalem,CO_43,clay,125,62.5,wet,100,5,200,10,135.65,51.9,75,3000,18.1,21.9,185.6,272.4,166.1,250.9,60.2,64.8,18.0,31,15.5,34,15.0,33.0,15.0,31.5,6,6,8,10,E,ENE,NE,NNW,78.6,80,92,88,450,29365,"High: 20,001-30,000"
5,Cuddalore,ponmani,alluvial,125,62.5,wet,100,5,200,10,135.65,51.9,75,3000,19.6,20.4,187.2,270.8,167.0,250.0,61.0,64.0,18.5,34,16.0,30,15.5,31.0,16.0,33.0,4,10,8,10,SW,W,NNW,WSW,72.0,78,88,85,500,27315,"High: 20,001-30,000"
5,Kurinjipadi,delux ponni,clay,125,62.5,wet,100,5,200,10,135.65,51.9,75,3000,19.6,20.4,187.2,270.8,167.0,250.0,61.0,64.0,19.5,34,18.5,35,17.0,32.5,16.0,30.5,10,4,10,6,NW,S,SE,SSE,64.6,85,84,87,400,31140,"Very High: 30,001-40,000"
5,Panruti,CO_43,clay,125,62.5,wet,100,5,200,10,135.65,51.9,75,3000,18.5,21.5,185.2,272.8,165.3,251.7,60.0,65.0,20.0,35,18.0,30,17.5,33.5,18.0,33.0,4,12,4,12,ENE,NE,NNE,W,85.0,96,84,79,450,27265,"High: 20,001-30,000"
5,Kallakurichi,delux ponni,alluvial,125,62.5,wet,100,5,200,10,135.65,51.9,75,3000,18.5,21.5,185.2,272.8,165.3,251.7,60.0,65.0,19.0,33,17.0,32,16.5,31.5,15.5,32.5,8,6,8,6,W,WNW,SE,S,88.5,95,81,84,400,30250,"Very High: 30,001-40,000"
5,Sankarapuram,ponmani,clay,125,62.5,dry,100,5,200,10,135.65,51.9,75,3000,18.1,21.9,185.6,272.4,166.1,250.9,60.2,64.8,20.5,32,17.5,28,18.0,34.0,16.5,35.0,10,12,10,12,SSE,W,SW,NW,72.7,91,83,81,500,30610,"Very High: 30,001-40,000"
5,Chinnasalem,CO_43,clay,125,62.5,dry,100,5,200,10,135.65,51.9,75,3000,18.1,21.9,185.6,272.4,166.1,250.9,60.2,64.8,18.0,31,15.5,34,15.0,33.0,15.0,31.5,6,6,8,10,E,ENE,NE,NNW,78.6,80,92,88,450,30575,"Very High: 30,001-40,000"
5,Cuddalore,ponmani,alluvial,125,62.5,dry,100,5,200,10,135.65,51.9,75,3000,19.6,20.4,187.2,270.8,167.0,250.0,61.0,64.0,18.5,34,16.0,30,15.5,31.0,16.0,33.0,4,10,8,10,SW,W,NNW,WSW,72.0,78,88,85,500,30075,"Very High: 30,001-40,000"
5,Kurinjipadi,delux ponni,clay,125,62.5,dry,100,5,200,10,135.65,51.9,75,3000,19.6,20.4,187.2,270.8,167.0,250.0,61.0,64.0,19.5,34,18.5,35,17.0,32.5,16.0,30.5,10,4,10,6,NW,S,SE,SSE,64.6,85,84,87,400,31605,"Very High: 30,001-40,000"
5,Panruti,CO_43,clay,125,62.5,dry,100,5,200,10,135.65,51.9,75,3000,18.5,21.5,185.2,272.8,165.3,251.7,60.0,65.0,20.0,35,18.0,30,17.5,33.5,18.0,33.0,4,12,4,12,ENE,NE,NNE,W,85.0,96,84,79,450,31065,"Very High: 30,001-40,000"
5,Kallakurichi,ponmani,clay,125,62.5,dry,100,5,200,10,135.65,51.9,75,3000,18.5,21.5,185.2,272.8,165.3,251.7,60.0,65.0,19.0,33,17.0,32,16.5,31.5,15.5,32.5,8,6,8,6,W,WNW,SE,S,88.5,95,81,84,500,31135,"Very High: 30,001-40,000"
5,Sankarapuram,delux ponni,clay,125,62.5,dry,100,5,200,10,135.65,51.9,75,3000,18.1,21.9,185.6,272.4,166.1,250.9,60.2,64.8,20.5,32,17.5,28,18.0,34.0,16.5,35.0,10,12,10,12,SSE,W,SW,NW,72.7,91,83,81,400,32080,"Very High: 30,001-40,000"
5,Chinnasalem,CO_43,alluvial,125,62.5,dry,100,5,200,10,135.65,51.9,75,3000,18.1,21.9,185.6,272.4,166.1,250.9,60.2,64.8,18.0,31,15.5,34,15.0,33.0,15.0,31.5,6,6,8,10,E,ENE,NE,NNW,78.6,80,92,88,450,31135,"Very High: 30,001-40,000"
5,Cuddalore,delux ponni,clay,125,62.5,dry,100,5,200,10,135.65,51.9,75,3000,19.6,20.4,187.2,270.8,167.0,250.0,61.0,64.0,18.5,34,16.0,30,15.5,31.0,16.0,33.0,4,10,8,10,SW,W,NNW,WSW,72.0,78,88,85,400,31810,"Very High: 30,001-40,000"
5,Kurinjipadi,ponmani,alluvial,125,62.5,dry,100,5,200,10,135.65,51.9,75,3000,19.6,20.4,187.2,270.8,167.0,250.0,61.0,64.0,19.5,34,18.5,35,17.0,32.5,16.0,30.5,10,4,10,6,NW,S,SE,SSE,64.6,85,84,87,500,30885,"Very High: 30,001-40,000"
5,Panruti,CO_43,clay,125,62.5,wet,100,5,200,10,135.65,51.9,75,3000,18.5,21.5,185.2,272.8,165.3,251.7,60.0,65.0,20.0,35,18.0,30,17.5,33.5,18.0,33.0,4,12,4,12,ENE,NE,NNE,W,85.0,96,84,79,450,31430,"Very High: 30,001-40,000"
5,Kallakurichi,ponmani,clay,125,62.5,wet,100,5,200,10,135.65,51.9,75,3000,18.5,21.5,185.2,272.8,165.3,251.7,60.0,65.0,19.0,33,17.0,32,16.5,31.5,15.5,32.5,8,6,8,6,W,WNW,SE,S,88.5,95,81,84,500,30755,"Very High: 30,001-40,000"
5,Sankarapuram,delux ponni,alluvial,125,62.5,wet,100,5,200,10,135.65,51.9,75,3000,18.1,21.9,185.6,272.4,166.1,250.9,60.2,64.8,20.5,32,17.5,28,18.0,34.0,16.5,35.0,10,12,10,12,SSE,W,SW,NW,72.7,91,83,81,400,30945,"Very High: 30,001-40,000"
5,Chinnasalem,CO_43,clay,125,62.5,wet,100,5,200,10,135.65,51.9,75,3000,18.1,21.9,185.6,272.4,166.1,250.9,60.2,64.8,18.0,31,15.5,34,15.0,33.0,15.0,31.5,6,6,8,10,E,ENE,NE,NNW,78.6,80,92,88,450,31815,"Very High: 30,001-40,000"
5,Cuddalore,ponmani,alluvial,125,62.5,wet,100,5,200,10,135.65,51.9,75,3000,19.6,20.4,187.2,270.8,167.0,250.0,61.0,64.0,18.5,34,16.0,30,15.5,31.0,16.0,33.0,4,10,8,10,SW,W,NNW,WSW,72.0,78,88,85,500,30460,"Very High: 30,001-40,000"
5,Kurinjipadi,delux ponni,alluvial,125,62.5,wet,100,5,200,10,135.65,51.9,75,3000,19.6,20.4,187.2,270.8,167.0,250.0,61.0,64.0,19.5,34,18.5,35,17.0,32.5,16.0,30.5,10,4,10,6,NW,S,SE,SSE,64.6,85,84,87,400,30960,"Very High: 30,001-40,000"
5,Panruti,CO_43,clay,125,62.5,wet,100,5,200,10,135.65,51.9,75,3000,18.5,21.5,185.2,272.8,165.3,251.7,60.0,65.0,20.0,35,18.0,30,17.5,33.5,18.0,33.0,4,12,4,12,ENE,NE,NNE,W,85.0,96,84,79,450,32020,"Very High: 30,001-40,000"
5,Kallakurichi,delux ponni,alluvial,125,62.5,wet,100,5,200,10,135.65,51.9,75,3000,18.5,21.5,185.2,272.8,165.3,251.7,60.0,65.0,19.0,33,17.0,32,16.5,31.5,15.5,32.5,8,6,8,6,W,WNW,SE,S,88.5,95,81,84,400,32090,"Very High: 30,001-40,000"
5,Sankarapuram,ponmani,alluvial,125,62.5,wet,100,5,200,10,135.65,51.9,75,3000,18.1,21.9,185.6,272.4,166.1,250.9,60.2,64.8,20.5,32,17.5,28,18.0,34.0,16.5,35.0,10,12,10,12,SSE,W,SW,NW,72.7,91,83,81,500,31780,"Very High: 30,001-40,000"
5,Chinnasalem,ponmani,alluvial,125,62.5,wet,100,5,200,10,135.65,51.9,75,3000,18.1,21.9,185.6,272.4,166.1,250.9,60.2,64.8,18.0,31,15.5,34,15.0,33.0,15.0,31.5,6,6,8,10,E,ENE,NE,NNW,78.6,80,92,88,500,30795,"Very High: 30,001-40,000"
5,Cuddalore,ponmani,alluvial,125,62.5,wet,100,5,200,10,135.65,51.9,75,3000,19.6,20.4,187.2,270.8,167.0,250.0,61.0,64.0,18.5,34,16.0,30,15.5,31.0,16.0,33.0,4,10,8,10,SW,W,NNW,WSW,72.0,78,88,85,500,31045,"Very High: 30,001-40,000"
5,Kurinjipadi,ponmani,clay,125,62.5,wet,100,5,200,10,135.65,51.9,75,3000,19.6,20.4,187.2,270.8,167.0,250.0,61.0,64.0,19.5,34,18.5,35,17.0,32.5,16.0,30.5,10,4,10,6,NW,S,SE,SSE,64.6,85,84,87,500,30575,"Very High: 30,001-40,000"
5,Panruti,CO_43,alluvial,125,62.5,wet,100,5,200,10,135.65,51.9,75,3000,18.5,21.5,185.2,272.8,165.3,251.7,60.0,65.0,20.0,35,18.0,30,17.5,33.5,18.0,33.0,4,12,4,12,ENE,NE,NNE,W,85.0,96,84,79,450,32155,"Very High: 30,001-40,000"
5,Kallakurichi,ponmani,clay,125,62.5,wet,100,5,200,10,135.65,51.9,75,3000,18.5,21.5,185.2,272.8,165.3,251.7,60.0,65.0,19.0,33,17.0,32,16.5,31.5,15.5,32.5,8,6,8,6,W,WNW,SE,S,88.5,95,81,84,500,30355,"Very High: 30,001-40,000"
5,Sankarapuram,ponmani,clay,125,62.5,wet,100,5,200,10,135.65,51.9,75,3000,18.1,21.9,185.6,272.4,166.1,250.9,60.2,64.8,20.5,32,17.5,28,18.0,34.0,16.5,35.0,10,12,10,12,SSE,W,SW,NW,72.7,91,83,81,500,31625,"Very High: 30,001-40,000"
5,Chinnasalem,ponmani,alluvial,125,62.5,wet,100,5,200,10,135.65,51.9,75,3000,18.1,21.9,185.6,272.4,166.1,250.9,60.2,64.8,18.0,31,15.5,34,15.0,33.0,15.0,31.5,6,6,8,10,E,ENE,NE,NNW,78.6,80,92,88,500,32345,"Very High: 30,001-40,000"
5,Cuddalore,delux ponni,clay,125,62.5,wet,100,5,200,10,135.65,51.9,75,3000,19.6,20.4,187.2,270.8,167.0,250.0,61.0,64.0,18.5,34,16.0,30,15.5,31.0,16.0,33.0,4,10,8,10,SW,W,NNW,WSW,72.0,78,88,85,400,31400,"Very High: 30,001-40,000"
5,Kurinjipadi,delux ponni,clay,125,62.5,wet,100,5,200,10,135.65,51.9,75,3000,19.6,20.4,187.2,270.8,167.0,250.0,61.0,64.0,19.5,34,18.5,35,17.0,32.5,16.0,30.5,10,4,10,6,NW,S,SE,SSE,64.6,85,84,87,400,30540,"Very High: 30,001-40,000"
5,Panruti,delux ponni,clay,125,62.5,wet,100,5,200,10,135.65,51.9,75,3000,18.5,21.5,185.2,272.8,165.3,251.7,60.0,65.0,20.0,35,18.0,30,17.5,33.5,18.0,33.0,4,12,4,12,ENE,NE,NNE,W,85.0,96,84,79,400,30905,"Very High: 30,001-40,000"
5,Kallakurichi,ponmani,alluvial,125,62.5,wet,100,5,200,10,135.65,51.9,75,3000,18.5,21.5,185.2,272.8,165.3,251.7,60.0,65.0,19.0,33,17.0,32,16.5,31.5,15.5,32.5,8,6,8,6,W,WNW,SE,S,88.5,95,81,84,500,30805,"Very High: 30,001-40,000"
5,Sankarapuram,delux ponni,alluvial,125,62.5,wet,100,5,200,10,135.65,51.9,75,3000,18.1,21.9,185.6,272.4,166.1,250.9,60.2,64.8,20.5,32,17.5,28,18.0,34.0,16.5,35.0,10,12,10,12,SSE,W,SW,NW,72.7,91,83,81,400,31535,"Very High: 30,001-40,000"
5,Chinnasalem,CO_43,alluvial,125,62.5,wet,100,5,200,10,135.65,51.9,75,3000,18.1,21.9,185.6,272.4,166.1,250.9,60.2,64.8,18.0,31,15.5,34,15.0,33.0,15.0,31.5,6,6,8,10,E,ENE,NE,NNW,78.6,80,92,88,450,31555,"Very High: 30,001-40,000"
5,Cuddalore,delux ponni,clay,125,62.5,dry,100,5,200,10,135.65,51.9,75,3000,19.6,20.4,187.2,270.8,167.0,250.0,61.0,64.0,18.5,34,16.0,30,15.5,31.0,16.0,33.0,4,10,8,10,SW,W,NNW,WSW,72.0,78,88,85,400,30545,"Very High: 30,001-40,000"
5,Kurinjipadi,delux ponni,alluvial,125,62.5,dry,100,5,200,10,135.65,51.9,75,3000,19.6,20.4,187.2,270.8,167.0,250.0,61.0,64.0,19.5,34,18.5,35,17.0,32.5,16.0,30.5,10,4,10,6,NW,S,SE,SSE,64.6,85,84,87,400,31920,"Very High: 30,001-40,000"
5,Panruti,CO_43,clay,125,62.5,dry,100,5,200,10,135.65,51.9,75,3000,18.5,21.5,185.2,272.8,165.3,251.7,60.0,65.0,20.0,35,18.0,30,17.5,33.5,18.0,33.0,4,12,4,12,ENE,NE,NNE,W,85.0,96,84,79,450,31035,"Very High: 30,001-40,000"
5,Kallakurichi,ponmani,alluvial,125,62.5,dry,100,5,200,10,135.65,51.9,75,3000,18.5,21.5,185.2,272.8,165.3,251.7,60.0,65.0,19.0,33,17.0,32,16.5,31.5,15.5,32.5,8,6,8,6,W,WNW,SE,S,88.5,95,81,84,500,30805,"Very High: 30,001-40,000"
5,Sankarapuram,delux ponni,alluvial,125,62.5,dry,100,5,200,10,135.65,51.9,75,3000,18.1,21.9,185.6,272.4,166.1,250.9,60.2,64.8,20.5,32,17.5,28,18.0,34.0,16.5,35.0,10,12,10,12,SSE,W,SW,NW,72.7,91,83,81,400,30285,"Very High: 30,001-40,000"
5,Chinnasalem,CO_43,clay,125,62.5,dry,100,5,200,10,135.65,51.9,75,3000,18.1,21.9,185.6,272.4,166.1,250.9,60.2,64.8,18.0,31,15.5,34,15.0,33.0,15.0,31.5,6,6,8,10,E,ENE,NE,NNW,78.6,80,92,88,450,32050,"Very High: 30,001-40,000"
5,Cuddalore,ponmani,clay,125,62.5,dry,100,5,200,10,135.65,51.9,75,3000,19.6,20.4,187.2,270.8,167.0,250.0,61.0,64.0,18.5,34,16.0,30,15.5,31.0,16.0,33.0,4,10,8,10,SW,W,NNW,WSW,72.0,78,88,85,500,30855,"Very High: 30,001-40,000"
5,Kurinjipadi,delux ponni,alluvial,125,62.5,dry,100,5,200,10,135.65,51.9,75,3000,19.6,20.4,187.2,270.8,167.0,250.0,61.0,64.0,19.5,34,18.5,35,17.0,32.5,16.0,30.5,10,4,10,6,NW,S,SE,SSE,64.6,85,84,87,400,30250,"Very High: 30,001-40,000"
5,Panruti,CO_43,clay,125,62.5,dry,100,5,200,10,135.65,51.9,75,3000,18.5,21.5,185.2,272.8,165.3,251.7,60.0,65.0,20.0,35,18.0,30,17.5,33.5,18.0,33.0,4,12,4,12,ENE,NE,NNE,W,85.0,96,84,79,450,30610,"Very High: 30,001-40,000"
5,Kallakurichi,delux ponni,alluvial,125,62.5,dry,100,5,200,10,135.65,51.9,75,3000,18.5,21.5,185.2,272.8,165.3,251.7,60.0,65.0,19.0,33,17.0,32,16.5,31.5,15.5,32.5,8,6,8,6,W,WNW,SE,S,88.5,95,81,84,400,30075,"Very High: 30,001-40,000"
5,Sankarapuram,ponmani,clay,125,62.5,dry,100,5,200,10,135.65,51.9,75,3000,18.1,21.9,185.6,272.4,166.1,250.9,60.2,64.8,20.5,32,17.5,28,18.0,34.0,16.5,35.0,10,12,10,12,SSE,W,SW,NW,72.7,91,83,81,500,31065,"Very High: 30,001-40,000"
5,Chinnasalem,CO_43,clay,125,62.5,wet,100,5,200,10,135.65,51.9,75,3000,18.1,21.9,185.6,272.4,166.1,250.9,60.2,64.8,18.0,31,15.5,34,15.0,33.0,15.0,31.5,6,6,8,10,E,ENE,NE,NNW,78.6,80,92,88,450,31135,"Very High: 30,001-40,000"
5,Cuddalore,ponmani,alluvial,125,62.5,wet,100,5,200,10,135.65,51.9,75,3000,19.6,20.4,187.2,270.8,167.0,250.0,61.0,64.0,18.5,34,16.0,30,15.5,31.0,16.0,33.0,4,10,8,10,SW,W,NNW,WSW,72.0,78,88,85,500,31810,"Very High: 30,001-40,000"
5,Kurinjipadi,delux ponni,clay,125,62.5,wet,100,5,200,10,135.65,51.9,75,3000,19.6,20.4,187.2,270.8,167.0,250.0,61.0,64.0,19.5,34,18.5,35,17.0,32.5,16.0,30.5,10,4,10,6,NW,S,SE,SSE,64.6,85,84,87,400,30755,"Very High: 30,001-40,000"
5,Panruti,CO_43,alluvial,125,62.5,wet,100,5,200,10,135.65,51.9,75,3000,18.5,21.5,185.2,272.8,165.3,251.7,60.0,65.0,20.0,35,18.0,30,17.5,33.5,18.0,33.0,4,12,4,12,ENE,NE,NNE,W,85.0,96,84,79,450,31815,"Very High: 30,001-40,000"
5,Kallakurichi,ponmani,clay,125,62.5,wet,100,5,200,10,135.65,51.9,75,3000,18.5,21.5,185.2,272.8,165.3,251.7,60.0,65.0,19.0,33,17.0,32,16.5,31.5,15.5,32.5,8,6,8,6,W,WNW,SE,S,88.5,95,81,84,500,32090,"Very High: 30,001-40,000"
5,Sankarapuram,delux ponni,alluvial,125,62.5,wet,100,5,200,10,135.65,51.9,75,3000,18.1,21.9,185.6,272.4,166.1,250.9,60.2,64.8,20.5,32,17.5,28,18.0,34.0,16.5,35.0,10,12,10,12,SSE,W,SW,NW,72.7,91,83,81,400,31045,"Very High: 30,001-40,000"
5,Chinnasalem,CO_43,alluvial,125,62.5,wet,100,5,200,10,135.65,51.9,75,3000,18.1,21.9,185.6,272.4,166.1,250.9,60.2,64.8,18.0,31,15.5,34,15.0,33.0,15.0,31.5,6,6,8,10,E,ENE,NE,NNW,78.6,80,92,88,450,32155,"Very High: 30,001-40,000"
5,Kurinjipadi,ponmani,alluvial,125,62.5,wet,100,5,200,10,135.65,51.9,75,3000,19.6,20.4,187.2,270.8,167.0,250.0,61.0,64.0,19.5,34,18.5,35,17.0,32.5,16.0,30.5,10,4,10,6,NW,S,SE,SSE,64.6,85,84,87,500,30805,"Very High: 30,001-40,000"
5,Panruti,CO_43,clay,125,62.5,wet,100,5,200,10,135.65,51.9,75,3000,18.5,21.5,185.2,272.8,165.3,251.7,60.0,65.0,20.0,35,18.0,30,17.5,33.5,18.0,33.0,4,12,4,12,ENE,NE,NNE,W,85.0,96,84,79,450,31555,"Very High: 30,001-40,000"
5,Kallakurichi,ponmani,alluvial,125,62.5,wet,100,5,200,10,135.65,51.9,75,3000,18.5,21.5,185.2,272.8,165.3,251.7,60.0,65.0,19.0,33,17.0,32,16.5,31.5,15.5,32.5,8,6,8,6,W,WNW,SE,S,88.5,95,81,84,500,30250,"Very High: 30,001-40,000"
5,Sankarapuram,delux ponni,clay,125,62.5,wet,100,5,200,10,135.65,51.9,75,3000,18.1,21.9,185.6,272.4,166.1,250.9,60.2,64.8,20.5,32,17.5,28,18.0,34.0,16.5,35.0,10,12,10,12,SSE,W,SW,NW,72.7,91,83,81,400,30610,"Very High: 30,001-40,000"
5,Chinnasalem,CO_43,alluvial,125,62.5,wet,100,5,200,10,135.65,51.9,75,3000,18.1,21.9,185.6,272.4,166.1,250.9,60.2,64.8,18.0,31,15.5,34,15.0,33.0,15.0,31.5,6,6,8,10,E,ENE,NE,NNW,78.6,80,92,88,450,30575,"Very High: 30,001-40,000"
5,Cuddalore,ponmani,clay,125,62.5,dry,100,5,200,10,135.65,51.9,75,3000,19.6,20.4,187.2,270.8,167.0,250.0,61.0,64.0,18.5,34,16.0,30,15.5,31.0,16.0,33.0,4,10,8,10,SW,W,NNW,WSW,72.0,78,88,85,500,31605,"Very High: 30,001-40,000"
5,Kurinjipadi,delux ponni,clay,125,62.5,dry,100,5,200,10,135.65,51.9,75,3000,19.6,20.4,187.2,270.8,167.0,250.0,61.0,64.0,19.5,34,18.5,35,17.0,32.5,16.0,30.5,10,4,10,6,NW,S,SE,SSE,64.6,85,84,87,400,31135,"Very High: 30,001-40,000"
5,Panruti,CO_43,clay,125,62.5,dry,100,5,200,10,135.65,51.9,75,3000,18.5,21.5,185.2,272.8,165.3,251.7,60.0,65.0,20.0,35,18.0,30,17.5,33.5,18.0,33.0,4,12,4,12,ENE,NE,NNE,W,85.0,96,84,79,450,32080,"Very High: 30,001-40,000"
5,Kallakurichi,delux ponni,clay,125,62.5,dry,100,5,200,10,135.65,51.9,75,3000,18.5,21.5,185.2,272.8,165.3,251.7,60.0,65.0,19.0,33,17.0,32,16.5,31.5,15.5,32.5,8,6,8,6,W,WNW,SE,S,88.5,95,81,84,400,30885,"Very High: 30,001-40,000"
5,Sankarapuram,ponmani,alluvial,125,62.5,dry,100,5,200,10,135.65,51.9,75,3000,18.1,21.9,185.6,272.4,166.1,250.9,60.2,64.8,20.5,32,17.5,28,18.0,34.0,16.5,35.0,10,12,10,12,SSE,W,SW,NW,72.7,91,83,81,500,30945,"Very High: 30,001-40,000"
5,Chinnasalem,ponmani,clay,125,62.5,dry,100,5,200,10,135.65,51.9,75,3000,18.1,21.9,185.6,272.4,166.1,250.9,60.2,64.8,18.0,31,15.5,34,15.0,33.0,15.0,31.5,6,6,8,10,E,ENE,NE,NNW,78.6,80,92,88,500,30460,"Very High: 30,001-40,000"
5,Cuddalore,ponmani,clay,125,62.5,dry,100,5,200,10,135.65,51.9,75,3000,19.6,20.4,187.2,270.8,167.0,250.0,61.0,64.0,18.5,34,16.0,30,15.5,31.0,16.0,33.0,4,10,8,10,SW,W,NNW,WSW,72.0,78,88,85,500,31780,"Very High: 30,001-40,000"
5,Kurinjipadi,ponmani,alluvial,125,62.5,dry,100,5,200,10,135.65,51.9,75,3000,19.6,20.4,187.2,270.8,167.0,250.0,61.0,64.0,19.5,34,18.5,35,17.0,32.5,16.0,30.5,10,4,10,6,NW,S,SE,SSE,64.6,85,84,87,500,30575,"Very High: 30,001-40,000"
5,Panruti,CO_43,clay,125,62.5,dry,100,5,200,10,135.65,51.9,75,3000,18.5,21.5,185.2,272.8,165.3,251.7,60.0,65.0,20.0,35,18.0,30,17.5,33.5,18.0,33.0,4,12,4,12,ENE,NE,NNE,W,85.0,96,84,79,450,30355,"Very High: 30,001-40,000"
5,Kallakurichi,ponmani,clay,125,62.5,wet,100,5,200,10,135.65,51.9,75,3000,18.5,21.5,185.2,272.8,165.3,251.7,60.0,65.0,19.0,33,17.0,32,16.5,31.5,15.5,32.5,8,6,8,6,W,WNW,SE,S,88.5,95,81,84,500,30540,"Very High: 30,001-40,000"
5,Sankarapuram,ponmani,alluvial,125,62.5,wet,100,5,200,10,135.65,51.9,75,3000,18.1,21.9,185.6,272.4,166.1,250.9,60.2,64.8,20.5,32,17.5,28,18.0,34.0,16.5,35.0,10,12,10,12,SSE,W,SW,NW,72.7,91,83,81,500,31535,"Very High: 30,001-40,000"
5,Chinnasalem,ponmani,clay,125,62.5,wet,100,5,200,10,135.65,51.9,75,3000,18.1,21.9,185.6,272.4,166.1,250.9,60.2,64.8,18.0,31,15.5,34,15.0,33.0,15.0,31.5,6,6,8,10,E,ENE,NE,NNW,78.6,80,92,88,500,30545,"Very High: 30,001-40,000"
5,Cuddalore,delux ponni,clay,125,62.5,wet,100,5,200,10,135.65,51.9,75,3000,19.6,20.4,187.2,270.8,167.0,250.0,61.0,64.0,18.5,34,16.0,30,15.5,31.0,16.0,33.0,4,10,8,10,SW,W,NNW,WSW,72.0,78,88,85,400,31625,"Very High: 30,001-40,000"
5,Panruti,delux ponni,alluvial,125,62.5,wet,100,5,200,10,135.65,51.9,75,3000,18.5,21.5,185.2,272.8,165.3,251.7,60.0,65.0,20.0,35,18.0,30,17.5,33.5,18.0,33.0,4,12,4,12,ENE,NE,NNE,W,85.0,96,84,79,400,31400,"Very High: 30,001-40,000"
5,Kallakurichi,ponmani,clay,125,62.5,wet,100,5,200,10,135.65,51.9,75,3000,18.5,21.5,185.2,272.8,165.3,251.7,60.0,65.0,19.0,33,17.0,32,16.5,31.5,15.5,32.5,8,6,8,6,W,WNW,SE,S,88.5,95,81,84,500,30905,"Very High: 30,001-40,000"
5,Sankarapuram,delux ponni,clay,125,62.5,wet,100,5,200,10,135.65,51.9,75,3000,18.1,21.9,185.6,272.4,166.1,250.9,60.2,64.8,20.5,32,17.5,28,18.0,34.0,16.5,35.0,10,12,10,12,SSE,W,SW,NW,72.7,91,83,81,400,31535,"Very High: 30,001-40,000"
5,Cuddalore,delux ponni,alluvial,125,62.5,wet,100,5,200,10,135.65,51.9,75,3000,19.6,20.4,187.2,270.8,167.0,250.0,61.0,64.0,18.5,34,16.0,30,15.5,31.0,16.0,33.0,4,10,8,10,SW,W,NNW,WSW,72.0,78,88,85,400,31035,"Very High: 30,001-40,000"
5,Kurinjipadi,delux ponni,alluvial,125,62.5,dry,100,5,200,10,135.65,51.9,75,3000,19.6,20.4,187.2,270.8,167.0,250.0,61.0,64.0,19.5,34,18.5,35,17.0,32.5,16.0,30.5,10,4,10,6,NW,S,SE,SSE,64.6,85,84,87,400,32050,"Very High: 30,001-40,000"
5,Panruti,CO_43,alluvial,125,62.5,dry,100,5,200,10,135.65,51.9,75,3000,18.5,21.5,185.2,272.8,165.3,251.7,60.0,65.0,20.0,35,18.0,30,17.5,33.5,18.0,33.0,4,12,4,12,ENE,NE,NNE,W,85.0,96,84,79,450,30250,"Very High: 30,001-40,000"
5,Kallakurichi,ponmani,alluvial,125,62.5,dry,100,5,200,10,135.65,51.9,75,3000,18.5,21.5,185.2,272.8,165.3,251.7,60.0,65.0,19.0,33,17.0,32,16.5,31.5,15.5,32.5,8,6,8,6,W,WNW,SE,S,88.5,95,81,84,500,31135,"Very High: 30,001-40,000"
5,Sankarapuram,delux ponni,alluvial,125,62.5,dry,100,5,200,10,135.65,51.9,75,3000,18.1,21.9,185.6,272.4,166.1,250.9,60.2,64.8,20.5,32,17.5,28,18.0,34.0,16.5,35.0,10,12,10,12,SSE,W,SW,NW,72.7,91,83,81,400,31815,"Very High: 30,001-40,000"
5,Chinnasalem,CO_43,alluvial,125,62.5,dry,100,5,200,10,135.65,51.9,75,3000,18.1,21.9,185.6,272.4,166.1,250.9,60.2,64.8,18.0,31,15.5,34,15.0,33.0,15.0,31.5,6,6,8,10,E,ENE,NE,NNW,78.6,80,92,88,450,31045,"Very High: 30,001-40,000"
5,Cuddalore,ponmani,clay,125,62.5,dry,100,5,200,10,135.65,51.9,75,3000,19.6,20.4,187.2,270.8,167.0,250.0,61.0,64.0,18.5,34,16.0,30,15.5,31.0,16.0,33.0,4,10,8,10,SW,W,NNW,WSW,72.0,78,88,85,500,31555,"Very High: 30,001-40,000"
5,Kurinjipadi,delux ponni,clay,125,62.5,dry,100,5,200,10,135.65,51.9,75,3000,19.6,20.4,187.2,270.8,167.0,250.0,61.0,64.0,19.5,34,18.5,35,17.0,32.5,16.0,30.5,10,4,10,6,NW,S,SE,SSE,64.6,85,84,87,400,30575,"Very High: 30,001-40,000"
5,Panruti,CO_43,clay,125,62.5,dry,100,5,200,10,135.65,51.9,75,3000,18.5,21.5,185.2,272.8,165.3,251.7,60.0,65.0,20.0,35,18.0,30,17.5,33.5,18.0,33.0,4,12,4,12,ENE,NE,NNE,W,85.0,96,84,79,450,31135,"Very High: 30,001-40,000"
5,Kallakurichi,delux ponni,clay,125,62.5,dry,100,5,200,10,135.65,51.9,75,3000,18.5,21.5,185.2,272.8,165.3,251.7,60.0,65.0,19.0,33,17.0,32,16.5,31.5,15.5,32.5,8,6,8,6,W,WNW,SE,S,88.5,95,81,84,400,31625,"Very High: 30,001-40,000"
5,Sankarapuram,ponmani,clay,125,62.5,dry,100,5,200,10,135.65,51.9,75,3000,18.1,21.9,185.6,272.4,166.1,250.9,60.2,64.8,20.5,32,17.5,28,18.0,34.0,16.5,35.0,10,12,10,12,SSE,W,SW,NW,72.7,91,83,81,500,32345,"Very High: 30,001-40,000"
5,Chinnasalem,CO_43,clay,125,62.5,dry,100,5,200,10,135.65,51.9,75,3000,18.1,21.9,185.6,272.4,166.1,250.9,60.2,64.8,18.0,31,15.5,34,15.0,33.0,15.0,31.5,6,6,8,10,E,ENE,NE,NNW,78.6,80,92,88,450,31400,"Very High: 30,001-40,000"
5,Cuddalore,ponmani,clay,125,62.5,wet,100,5,200,10,135.65,51.9,75,3000,19.6,20.4,187.2,270.8,167.0,250.0,61.0,64.0,18.5,34,16.0,30,15.5,31.0,16.0,33.0,4,10,8,10,SW,W,NNW,WSW,72.0,78,88,85,500,30905,"Very High: 30,001-40,000"
5,Kurinjipadi,delux ponni,clay,125,62.5,wet,100,5,200,10,135.65,51.9,75,3000,19.6,20.4,187.2,270.8,167.0,250.0,61.0,64.0,19.5,34,18.5,35,17.0,32.5,16.0,30.5,10,4,10,6,NW,S,SE,SSE,64.6,85,84,87,400,31535,"Very High: 30,001-40,000"
5,Panruti,CO_43,alluvial,125,62.5,wet,100,5,200,10,135.65,51.9,75,3000,18.5,21.5,185.2,272.8,165.3,251.7,60.0,65.0,20.0,35,18.0,30,17.5,33.5,18.0,33.0,4,12,4,12,ENE,NE,NNE,W,85.0,96,84,79,450,31555,"Very High: 30,001-40,000"
5,Kallakurichi,ponmani,alluvial,125,62.5,wet,100,5,200,10,135.65,51.9,75,3000,18.5,21.5,185.2,272.8,165.3,251.7,60.0,65.0,19.0,33,17.0,32,16.5,31.5,15.5,32.5,8,6,8,6,W,WNW,SE,S,88.5,95,81,84,500,31035,"Very High: 30,001-40,000"
5,Chinnasalem,CO_43,alluvial,125,62.5,wet,100,5,200,10,135.65,51.9,75,3000,18.1,21.9,185.6,272.4,166.1,250.9,60.2,64.8,18.0,31,15.5,34,15.0,33.0,15.0,31.5,6,6,8,10,E,ENE,NE,NNW,78.6,80,92,88,450,30250,"Very High: 30,001-40,000"
5,Cuddalore,delux ponni,alluvial,125,62.5,wet,100,5,200,10,135.65,51.9,75,3000,19.6,20.4,187.2,270.8,167.0,250.0,61.0,64.0,18.5,34,16.0,30,15.5,31.0,16.0,33.0,4,10,8,10,SW,W,NNW,WSW,72.0,78,88,85,400,31135,"Very High: 30,001-40,000"
5,Kurinjipadi,ponmani,alluvial,125,62.5,wet,100,5,200,10,135.65,51.9,75,3000,19.6,20.4,187.2,270.8,167.0,250.0,61.0,64.0,19.5,34,18.5,35,17.0,32.5,16.0,30.5,10,4,10,6,NW,S,SE,SSE,64.6,85,84,87,500,31815,"Very High: 30,001-40,000"
5,Panruti,CO_43,alluvial,125,62.5,wet,100,5,200,10,135.65,51.9,75,3000,18.5,21.5,185.2,272.8,165.3,251.7,60.0,65.0,20.0,35,18.0,30,17.5,33.5,18.0,33.0,4,12,4,12,ENE,NE,NNE,W,85.0,96,84,79,450,31045,"Very High: 30,001-40,000"
5,Kallakurichi,ponmani,alluvial,125,62.5,wet,100,5,200,10,135.65,51.9,75,3000,18.5,21.5,185.2,272.8,165.3,251.7,60.0,65.0,19.0,33,17.0,32,16.5,31.5,15.5,32.5,8,6,8,6,W,WNW,SE,S,88.5,95,81,84,500,31555,"Very High: 30,001-40,000"
5,Sankarapuram,delux ponni,clay,125,62.5,wet,100,5,200,10,135.65,51.9,75,3000,18.1,21.9,185.6,272.4,166.1,250.9,60.2,64.8,20.5,32,17.5,28,18.0,34.0,16.5,35.0,10,12,10,12,SSE,W,SW,NW,72.7,91,83,81,400,30575,"Very High: 30,001-40,000"
5,Cuddalore,ponmani,clay,125,62.5,dry,100,5,200,10,135.65,51.9,75,3000,19.6,20.4,187.2,270.8,167.0,250.0,61.0,64.0,18.5,34,16.0,30,15.5,31.0,16.0,33.0,4,10,8,10,SW,W,NNW,WSW,72.0,78,88,85,500,31625,"Very High: 30,001-40,000"
5,Kurinjipadi,delux ponni,clay,125,62.5,dry,100,5,200,10,135.65,51.9,75,3000,19.6,20.4,187.2,270.8,167.0,250.0,61.0,64.0,19.5,34,18.5,35,17.0,32.5,16.0,30.5,10,4,10,6,NW,S,SE,SSE,64.6,85,84,87,400,32345,"Very High: 30,001-40,000"
5,Panruti,CO_43,clay,125,62.5,dry,100,5,200,10,135.65,51.9,75,3000,18.5,21.5,185.2,272.8,165.3,251.7,60.0,65.0,20.0,35,18.0,30,17.5,33.5,18.0,33.0,4,12,4,12,ENE,NE,NNE,W,85.0,96,84,79,450,31400,"Very High: 30,001-40,000"
5,Kallakurichi,delux ponni,clay,125,62.5,dry,100,5,200,10,135.65,51.9,75,3000,18.5,21.5,185.2,272.8,165.3,251.7,60.0,65.0,19.0,33,17.0,32,16.5,31.5,15.5,32.5,8,6,8,6,W,WNW,SE,S,88.5,95,81,84,400,30905,"Very High: 30,001-40,000"
5,Sankarapuram,ponmani,clay,125,62.5,dry,100,5,200,10,135.65,51.9,75,3000,18.1,21.9,185.6,272.4,166.1,250.9,60.2,64.8,20.5,32,17.5,28,18.0,34.0,16.5,35.0,10,12,10,12,SSE,W,SW,NW,72.7,91,83,81,500,31535,"Very High: 30,001-40,000"
5,Chinnasalem,ponmani,alluvial,125,62.5,dry,100,5,200,10,135.65,51.9,75,3000,18.1,21.9,185.6,272.4,166.1,250.9,60.2,64.8,18.0,31,15.5,34,15.0,33.0,15.0,31.5,6,6,8,10,E,ENE,NE,NNW,78.6,80,92,88,500,31555,"Very High: 30,001-40,000"
5,Cuddalore,ponmani,clay,125,62.5,dry,100,5,200,10,135.65,51.9,75,3000,19.6,20.4,187.2,270.8,167.0,250.0,61.0,64.0,18.5,34,16.0,30,15.5,31.0,16.0,33.0,4,10,8,10,SW,W,NNW,WSW,72.0,78,88,85,500,31035,"Very High: 30,001-40,000"
5,Kurinjipadi,ponmani,alluvial,125,62.5,dry,100,5,200,10,135.65,51.9,75,3000,19.6,20.4,187.2,270.8,167.0,250.0,61.0,64.0,19.5,34,18.5,35,17.0,32.5,16.0,30.5,10,4,10,6,NW,S,SE,SSE,64.6,85,84,87,500,32050,"Very High: 30,001-40,000"
5,Panruti,CO_43,clay,125,62.5,dry,100,5,200,10,135.65,51.9,75,3000,18.5,21.5,185.2,272.8,165.3,251.7,60.0,65.0,20.0,35,18.0,30,17.5,33.5,18.0,33.0,4,12,4,12,ENE,NE,NNE,W,85.0,96,84,79,450,30250,"Very High: 30,001-40,000"
5,Sankarapuram,ponmani,alluvial,125,62.5,wet,100,5,200,10,135.65,51.9,75,3000,18.1,21.9,185.6,272.4,166.1,250.9,60.2,64.8,20.5,32,17.5,28,18.0,34.0,16.5,35.0,10,12,10,12,SSE,W,SW,NW,72.7,91,83,81,500,31815,"Very High: 30,001-40,000"
5,Chinnasalem,ponmani,clay,125,62.5,wet,100,5,200,10,135.65,51.9,75,3000,18.1,21.9,185.6,272.4,166.1,250.9,60.2,64.8,18.0,31,15.5,34,15.0,33.0,15.0,31.5,6,6,8,10,E,ENE,NE,NNW,78.6,80,92,88,500,31045,"Very High: 30,001-40,000"
5,Cuddalore,delux ponni,alluvial,125,62.5,wet,100,5,200,10,135.65,51.9,75,3000,19.6,20.4,187.2,270.8,167.0,250.0,61.0,64.0,18.5,34,16.0,30,15.5,31.0,16.0,33.0,4,10,8,10,SW,W,NNW,WSW,72.0,78,88,85,400,31555,"Very High: 30,001-40,000"
5,Kurinjipadi,delux ponni,clay,125,62.5,wet,100,5,200,10,135.65,51.9,75,3000,19.6,20.4,187.2,270.8,167.0,250.0,61.0,64.0,19.5,34,18.5,35,17.0,32.5,16.0,30.5,10,4,10,6,NW,S,SE,SSE,64.6,85,84,87,400,30575,"Very High: 30,001-40,000"
5,Panruti,delux ponni,alluvial,125,62.5,wet,100,5,200,10,135.65,51.9,75,3000,18.5,21.5,185.2,272.8,165.3,251.7,60.0,65.0,20.0,35,18.0,30,17.5,33.5,18.0,33.0,4,12,4,12,ENE,NE,NNE,W,85.0,96,84,79,400,31135,"Very High: 30,001-40,000"
5,Kallakurichi,ponmani,clay,125,62.5,wet,100,5,200,10,135.65,51.9,75,3000,18.5,21.5,185.2,272.8,165.3,251.7,60.0,65.0,19.0,33,17.0,32,16.5,31.5,15.5,32.5,8,6,8,6,W,WNW,SE,S,88.5,95,81,84,500,31625,"Very High: 30,001-40,000"
5,Sankarapuram,delux ponni,alluvial,125,62.5,wet,100,5,200,10,135.65,51.9,75,3000,18.1,21.9,185.6,272.4,166.1,250.9,60.2,64.8,20.5,32,17.5,28,18.0,34.0,16.5,35.0,10,12,10,12,SSE,W,SW,NW,72.7,91,83,81,400,32345,"Very High: 30,001-40,000"
5,Chinnasalem,CO_43,clay,125,62.5,wet,100,5,200,10,135.65,51.9,75,3000,18.1,21.9,185.6,272.4,166.1,250.9,60.2,64.8,18.0,31,15.5,34,15.0,33.0,15.0,31.5,6,6,8,10,E,ENE,NE,NNW,78.6,80,92,88,450,31400,"Very High: 30,001-40,000"
5,Cuddalore,delux ponni,clay,125,62.5,wet,100,5,200,10,135.65,51.9,75,3000,19.6,20.4,187.2,270.8,167.0,250.0,61.0,64.0,18.5,34,16.0,30,15.5,31.0,16.0,33.0,4,10,8,10,SW,W,NNW,WSW,72.0,78,88,85,400,30905,"Very High: 30,001-40,000"
5,Kallakurichi,ponmani,clay,125,62.5,wet,100,5,200,10,135.65,51.9,75,3000,18.5,21.5,185.2,272.8,165.3,251.7,60.0,65.0,19.0,33,17.0,32,16.5,31.5,15.5,32.5,8,6,8,6,W,WNW,SE,S,88.5,95,81,84,500,31035,"Very High: 30,001-40,000"
5,Chinnasalem,CO_43,clay,125,62.5,wet,100,5,200,10,135.65,51.9,75,3000,18.1,21.9,185.6,272.4,166.1,250.9,60.2,64.8,18.0,31,15.5,34,15.0,33.0,15.0,31.5,6,6,8,10,E,ENE,NE,NNW,78.6,80,92,88,450,30250,"Very High: 30,001-40,000"
5,Chinnasalem,ponmani,clay,125,62.5,wet,100,5,200,10,135.65,51.9,75,3000,18.1,21.9,185.6,272.4,166.1,250.9,60.2,64.8,18.0,31,15.5,34,15.0,33.0,15.0,31.5,6,6,8,10,E,ENE,NE,NNW,78.6,80,92,88,500,31135,"Very High: 30,001-40,000"
5,Chinnasalem,delux ponni,clay,125,62.5,wet,100,5,200,10,135.65,51.9,75,3000,18.1,21.9,185.6,272.4,166.1,250.9,60.2,64.8,18.0,31,15.5,34,15.0,33.0,15.0,31.5,6,6,8,10,E,ENE,NE,NNW,78.6,80,92,88,400,31815,"Very High: 30,001-40,000"
5,Chinnasalem,CO_43,clay,125,62.5,wet,100,5,200,10,135.65,51.9,75,3000,18.1,21.9,185.6,272.4,166.1,250.9,60.2,64.8,18.0,31,15.5,34,15.0,33.0,15.0,31.5,6,6,8,10,E,ENE,NE,NNW,78.6,80,92,88,450,31045,"Very High: 30,001-40,000"
5,Chinnasalem,delux ponni,alluvial,125,62.5,wet,100,5,200,10,135.65,51.9,75,3000,18.1,21.9,185.6,272.4,166.1,250.9,60.2,64.8,18.0,31,15.5,34,15.0,33.0,15.0,31.5,6,6,8,10,E,ENE,NE,NNW,78.6,80,92,88,400,31555,"Very High: 30,001-40,000"
5,Kallakurichi,ponmani,clay,125,62.5,wet,100,5,200,10,135.65,51.9,75,3000,18.5,21.5,185.2,272.8,165.3,251.7,60.0,65.0,19.0,33,17.0,32,16.5,31.5,15.5,32.5,8,6,8,6,W,WNW,SE,S,88.5,95,81,84,500,30575,"Very High: 30,001-40,000"
5,Kallakurichi,CO_43,alluvial,125,62.5,wet,100,5,200,10,135.65,51.9,75,3000,18.5,21.5,185.2,272.8,165.3,251.7,60.0,65.0,19.0,33,17.0,32,16.5,31.5,15.5,32.5,8,6,8,6,W,WNW,SE,S,88.5,95,81,84,450,31135,"Very High: 30,001-40,000"
5,Panruti,CO_43,alluvial,125,62.5,wet,100,5,200,10,135.65,51.9,75,3000,18.5,21.5,185.2,272.8,165.3,251.7,60.0,65.0,20.0,35,18.0,30,17.5,33.5,18.0,33.0,4,12,4,12,ENE,NE,NNE,W,85.0,96,84,79,450,31400,"Very High: 30,001-40,000"
5,Panruti,ponmani,clay,125,62.5,wet,100,5,200,10,135.65,51.9,75,3000,18.5,21.5,185.2,272.8,165.3,251.7,60.0,65.0,20.0,35,18.0,30,17.5,33.5,18.0,33.0,4,12,4,12,ENE,NE,NNE,W,85.0,96,84,79,500,30905,"Very High: 30,001-40,000"
5,Panruti,delux ponni,alluvial,125,62.5,wet,100,5,200,10,135.65,51.9,75,3000,18.5,21.5,185.2,272.8,165.3,251.7,60.0,65.0,20.0,35,18.0,30,17.5,33.5,18.0,33.0,4,12,4,12,ENE,NE,NNE,W,85.0,96,84,79,400,31535,"Very High: 30,001-40,000"
5,Panruti,delux ponni,clay,125,62.5,wet,100,5,200,10,135.65,51.9,75,3000,18.5,21.5,185.2,272.8,165.3,251.7,60.0,65.0,20.0,35,18.0,30,17.5,33.5,18.0,33.0,4,12,4,12,ENE,NE,NNE,W,85.0,96,84,79,400,31035,"Very High: 30,001-40,000"
5,Cuddalore,ponmani,alluvial,125,62.5,wet,100,5,200,10,135.65,51.9,75,3000,19.6,20.4,187.2,270.8,167.0,250.0,61.0,64.0,18.5,34,16.0,30,15.5,31.0,16.0,33.0,4,10,8,10,SW,W,NNW,WSW,72.0,78,88,85,500,32050,"Very High: 30,001-40,000"
5,Cuddalore,CO_43,alluvial,125,62.5,wet,100,5,200,10,135.65,51.9,75,3000,19.6,20.4,187.2,270.8,167.0,250.0,61.0,64.0,18.5,34,16.0,30,15.5,31.0,16.0,33.0,4,10,8,10,SW,W,NNW,WSW,72.0,78,88,85,450,30250,"Very High: 30,001-40,000"
5,Cuddalore,ponmani,alluvial,125,62.5,wet,100,5,200,10,135.65,51.9,75,3000,19.6,20.4,187.2,270.8,167.0,250.0,61.0,64.0,18.5,34,16.0,30,15.5,31.0,16.0,33.0,4,10,8,10,SW,W,NNW,WSW,72.0,78,88,85,500,31135,"Very High: 30,001-40,000"
5,Cuddalore,delux ponni,alluvial,125,62.5,wet,100,5,200,10,135.65,51.9,75,3000,19.6,20.4,187.2,270.8,167.0,250.0,61.0,64.0,18.5,34,16.0,30,15.5,31.0,16.0,33.0,4,10,8,10,SW,W,NNW,WSW,72.0,78,88,85,400,31815,"Very High: 30,001-40,000"
5,Cuddalore,CO_43,clay,125,62.5,wet,100,5,200,10,135.65,51.9,75,3000,19.6,20.4,187.2,270.8,167.0,250.0,61.0,64.0,18.5,34,16.0,30,15.5,31.0,16.0,33.0,4,10,8,10,SW,W,NNW,WSW,72.0,78,88,85,450,31045,"Very High: 30,001-40,000"
5,Cuddalore,ponmani,alluvial,125,62.5,wet,100,5,200,10,135.65,51.9,75,3000,19.6,20.4,187.2,270.8,167.0,250.0,61.0,64.0,18.5,34,16.0,30,15.5,31.0,16.0,33.0,4,10,8,10,SW,W,NNW,WSW,72.0,78,88,85,500,31555,"Very High: 30,001-40,000"
5,Cuddalore,delux ponni,clay,125,62.5,wet,100,5,200,10,135.65,51.9,75,3000,19.6,20.4,187.2,270.8,167.0,250.0,61.0,64.0,18.5,34,16.0,30,15.5,31.0,16.0,33.0,4,10,8,10,SW,W,NNW,WSW,72.0,78,88,85,400,30575,"Very High: 30,001-40,000"
5,Kurinjipadi,CO_43,clay,125,62.5,wet,100,5,200,10,135.65,51.9,75,3000,19.6,20.4,187.2,270.8,167.0,250.0,61.0,64.0,19.5,34,18.5,35,17.0,32.5,16.0,30.5,10,4,10,6,NW,S,SE,SSE,64.6,85,84,87,450,31135,"Very High: 30,001-40,000"
5,Kurinjipadi,delux ponni,alluvial,125,62.5,wet,100,5,200,10,135.65,51.9,75,3000,19.6,20.4,187.2,270.8,167.0,250.0,61.0,64.0,19.5,34,18.5,35,17.0,32.5,16.0,30.5,10,4,10,6,NW,S,SE,SSE,64.6,85,84,87,400,30100,"Very High: 30,001-40,000"
5,Kurinjipadi,ponmani,clay,125,62.5,dry,100,5,200,10,135.65,51.9,75,3000,19.6,20.4,187.2,270.8,167.0,250.0,61.0,64.0,19.5,34,18.5,35,17.0,32.5,16.0,30.5,10,4,10,6,NW,S,SE,SSE,64.6,85,84,87,500,32085,"Very High: 30,001-40,000"
5,Kurinjipadi,ponmani,clay,125,62.5,dry,100,5,200,10,135.65,51.9,75,3000,19.6,20.4,187.2,270.8,167.0,250.0,61.0,64.0,19.5,34,18.5,35,17.0,32.5,16.0,30.5,10,4,10,6,NW,S,SE,SSE,64.6,85,84,87,500,31980,"Very High: 30,001-40,000"
5,Kurinjipadi,ponmani,clay,125,62.5,dry,100,5,200,10,135.65,51.9,75,3000,19.6,20.4,187.2,270.8,167.0,250.0,61.0,64.0,19.5,34,18.5,35,17.0,32.5,16.0,30.5,10,4,10,6,NW,S,SE,SSE,64.6,85,84,87,500,31555,"Very High: 30,001-40,000"
5,Kurinjipadi,ponmani,alluvial,125,62.5,dry,100,5,200,10,135.65,51.9,75,3000,19.6,20.4,187.2,270.8,167.0,250.0,61.0,64.0,19.5,34,18.5,35,17.0,32.5,16.0,30.5,10,4,10,6,NW,S,SE,SSE,64.6,85,84,87,500,30405,"Very High: 30,001-40,000"
5,Kurinjipadi,CO_43,alluvial,125,62.5,dry,100,5,200,10,135.65,51.9,75,3000,19.6,20.4,187.2,270.8,167.0,250.0,61.0,64.0,19.5,34,18.5,35,17.0,32.5,16.0,30.5,10,4,10,6,NW,S,SE,SSE,64.6,85,84,87,450,31420,"Very High: 30,001-40,000"
5,Kurinjipadi,ponmani,alluvial,125,62.5,dry,100,5,200,10,135.65,51.9,75,3000,19.6,20.4,187.2,270.8,167.0,250.0,61.0,64.0,19.5,34,18.5,35,17.0,32.5,16.0,30.5,10,4,10,6,NW,S,SE,SSE,64.6,85,84,87,500,30965,"Very High: 30,001-40,000"
5,Kurinjipadi,ponmani,clay,125,62.5,dry,100,5,200,10,135.65,51.9,75,3000,19.6,20.4,187.2,270.8,167.0,250.0,61.0,64.0,19.5,34,18.5,35,17.0,32.5,16.0,30.5,10,4,10,6,NW,S,SE,SSE,64.6,85,84,87,500,31140,"Very High: 30,001-40,000"
5,Sankarapuram,delux ponni,clay,125,62.5,dry,100,5,200,10,135.65,51.9,75,3000,18.1,21.9,185.6,272.4,166.1,250.9,60.2,64.8,20.5,32,17.5,28,18.0,34.0,16.5,35.0,10,12,10,12,SSE,W,SW,NW,72.7,91,83,81,400,30250,"Very High: 30,001-40,000"
5,Sankarapuram,delux ponni,alluvial,125,62.5,dry,100,5,200,10,135.65,51.9,75,3000,18.1,21.9,185.6,272.4,166.1,250.9,60.2,64.8,20.5,32,17.5,28,18.0,34.0,16.5,35.0,10,12,10,12,SSE,W,SW,NW,72.7,91,83,81,400,30610,"Very High: 30,001-40,000"
5,Sankarapuram,delux ponni,alluvial,125,62.5,dry,100,5,200,10,135.65,51.9,75,3000,18.1,21.9,185.6,272.4,166.1,250.9,60.2,64.8,20.5,32,17.5,28,18.0,34.0,16.5,35.0,10,12,10,12,SSE,W,SW,NW,72.7,91,83,81,400,30575,"Very High: 30,001-40,000"
5,Sankarapuram,ponmani,clay,125,62.5,wet,100,5,200,10,135.65,51.9,75,3000,18.1,21.9,185.6,272.4,166.1,250.9,60.2,64.8,20.5,32,17.5,28,18.0,34.0,16.5,35.0,10,12,10,12,SSE,W,SW,NW,72.7,91,83,81,500,30075,"Very High: 30,001-40,000"
5,Sankarapuram,delux ponni,clay,125,62.5,wet,100,5,200,10,135.65,51.9,75,3000,18.1,21.9,185.6,272.4,166.1,250.9,60.2,64.8,20.5,32,17.5,28,18.0,34.0,16.5,35.0,10,12,10,12,SSE,W,SW,NW,72.7,91,83,81,400,31605,"Very High: 30,001-40,000"
5,Sankarapuram,CO_43,alluvial,125,62.5,wet,100,5,200,10,135.65,51.9,75,3000,18.1,21.9,185.6,272.4,166.1,250.9,60.2,64.8,20.5,32,17.5,28,18.0,34.0,16.5,35.0,10,12,10,12,SSE,W,SW,NW,72.7,91,83,81,450,31065,"Very High: 30,001-40,000"
5,Sankarapuram,delux ponni,clay,125,62.5,wet,100,5,200,10,135.65,51.9,75,3000,18.1,21.9,185.6,272.4,166.1,250.9,60.2,64.8,20.5,32,17.5,28,18.0,34.0,16.5,35.0,10,12,10,12,SSE,W,SW,NW,72.7,91,83,81,400,31135,"Very High: 30,001-40,000"
5,Sankarapuram,delux ponni,alluvial,125,62.5,wet,100,5,200,10,135.65,51.9,75,3000,18.1,21.9,185.6,272.4,166.1,250.9,60.2,64.8,20.5,32,17.5,28,18.0,34.0,16.5,35.0,10,12,10,12,SSE,W,SW,NW,72.7,91,83,81,400,32080,"Very High: 30,001-40,000"
5,Sankarapuram,CO_43,clay,125,62.5,wet,100,5,200,10,135.65,51.9,75,3000,18.1,21.9,185.6,272.4,166.1,250.9,60.2,64.8,20.5,32,17.5,28,18.0,34.0,16.5,35.0,10,12,10,12,SSE,W,SW,NW,72.7,91,83,81,450,31135,"Very High: 30,001-40,000"
5,Sankarapuram,ponmani,clay,125,62.5,wet,100,5,200,10,135.65,51.9,75,3000,18.1,21.9,185.6,272.4,166.1,250.9,60.2,64.8,20.5,32,17.5,28,18.0,34.0,16.5,35.0,10,12,10,12,SSE,W,SW,NW,72.7,91,83,81,500,31810,"Very High: 30,001-40,000"
5,Sankarapuram,delux ponni,alluvial,125,62.5,wet,100,5,200,10,135.65,51.9,75,3000,18.1,21.9,185.6,272.4,166.1,250.9,60.2,64.8,20.5,32,17.5,28,18.0,34.0,16.5,35.0,10,12,10,12,SSE,W,SW,NW,72.7,91,83,81,400,30885,"Very High: 30,001-40,000"
5,Sankarapuram,CO_43,clay,125,62.5,wet,100,5,200,10,135.65,51.9,75,3000,18.1,21.9,185.6,272.4,166.1,250.9,60.2,64.8,20.5,32,17.5,28,18.0,34.0,16.5,35.0,10,12,10,12,SSE,W,SW,NW,72.7,91,83,81,450,31430,"Very High: 30,001-40,000"
5,Sankarapuram,ponmani,alluvial,125,62.5,wet,100,5,200,10,135.65,51.9,75,3000,18.1,21.9,185.6,272.4,166.1,250.9,60.2,64.8,20.5,32,17.5,28,18.0,34.0,16.5,35.0,10,12,10,12,SSE,W,SW,NW,72.7,91,83,81,500,30755,"Very High: 30,001-40,000"
5,Sankarapuram,delux ponni,clay,125,62.5,wet,100,5,200,10,135.65,51.9,75,3000,18.1,21.9,185.6,272.4,166.1,250.9,60.2,64.8,20.5,32,17.5,28,18.0,34.0,16.5,35.0,10,12,10,12,SSE,W,SW,NW,72.7,91,83,81,400,30945,"Very High: 30,001-40,000"
5,Sankarapuram,CO_43,alluvial,125,62.5,wet,100,5,200,10,135.65,51.9,75,3000,18.1,21.9,185.6,272.4,166.1,250.9,60.2,64.8,20.5,32,17.5,28,18.0,34.0,16.5,35.0,10,12,10,12,SSE,W,SW,NW,72.7,91,83,81,450,31815,"Very High: 30,001-40,000"
5,Sankarapuram,delux ponni,alluvial,125,62.5,wet,100,5,200,10,135.65,51.9,75,3000,18.1,21.9,185.6,272.4,166.1,250.9,60.2,64.8,20.5,32,17.5,28,18.0,34.0,16.5,35.0,10,12,10,12,SSE,W,SW,NW,72.7,91,83,81,400,30460,"Very High: 30,001-40,000"
5,Sankarapuram,ponmani,clay,125,62.5,wet,100,5,200,10,135.65,51.9,75,3000,18.1,21.9,185.6,272.4,166.1,250.9,60.2,64.8,20.5,32,17.5,28,18.0,34.0,16.5,35.0,10,12,10,12,SSE,W,SW,NW,72.7,91,83,81,500,30960,"Very High: 30,001-40,000"
5,Sankarapuram,CO_43,alluvial,125,62.5,wet,100,5,200,10,135.65,51.9,75,3000,18.1,21.9,185.6,272.4,166.1,250.9,60.2,64.8,20.5,32,17.5,28,18.0,34.0,16.5,35.0,10,12,10,12,SSE,W,SW,NW,72.7,91,83,81,450,32020,"Very High: 30,001-40,000"
5,Sankarapuram,ponmani,clay,125,62.5,wet,100,5,200,10,135.65,51.9,75,3000,18.1,21.9,185.6,272.4,166.1,250.9,60.2,64.8,20.5,32,17.5,28,18.0,34.0,16.5,35.0,10,12,10,12,SSE,W,SW,NW,72.7,91,83,81,500,32090,"Very High: 30,001-40,000"
5,Sankarapuram,delux ponni,alluvial,125,62.5,wet,100,5,200,10,135.65,51.9,75,3000,18.1,21.9,185.6,272.4,166.1,250.9,60.2,64.8,20.5,32,17.5,28,18.0,34.0,16.5,35.0,10,12,10,12,SSE,W,SW,NW,72.7,91,83,81,400,31780,"Very High: 30,001-40,000"
5,Cuddalore,CO_43,clay,125,62.5,wet,100,5,200,10,135.65,51.9,75,3000,19.6,20.4,187.2,270.8,167.0,250.0,61.0,64.0,18.5,34,16.0,30,15.5,31.0,16.0,33.0,4,10,8,10,SW,W,NNW,WSW,72.0,78,88,85,450,30795,"Very High: 30,001-40,000"
5,Kurinjipadi,ponmani,alluvial,125,62.5,wet,100,5,200,10,135.65,51.9,75,3000,19.6,20.4,187.2,270.8,167.0,250.0,61.0,64.0,19.5,34,18.5,35,17.0,32.5,16.0,30.5,10,4,10,6,NW,S,SE,SSE,64.6,85,84,87,500,31045,"Very High: 30,001-40,000"
5,Panruti,delux ponni,clay,125,62.5,wet,100,5,200,10,135.65,51.9,75,3000,18.5,21.5,185.2,272.8,165.3,251.7,60.0,65.0,20.0,35,18.0,30,17.5,33.5,18.0,33.0,4,12,4,12,ENE,NE,NNE,W,85.0,96,84,79,400,30575,"Very High: 30,001-40,000"
5,Kallakurichi,CO_43,clay,125,62.5,wet,100,5,200,10,135.65,51.9,75,3000,18.5,21.5,185.2,272.8,165.3,251.7,60.0,65.0,19.0,33,17.0,32,16.5,31.5,15.5,32.5,8,6,8,6,W,WNW,SE,S,88.5,95,81,84,450,32155,"Very High: 30,001-40,000"
5,Sankarapuram,delux ponni,clay,125,62.5,wet,100,5,200,10,135.65,51.9,75,3000,18.1,21.9,185.6,272.4,166.1,250.9,60.2,64.8,20.5,32,17.5,28,18.0,34.0,16.5,35.0,10,12,10,12,SSE,W,SW,NW,72.7,91,83,81,400,30355,"Very High: 30,001-40,000"
5,Chinnasalem,ponmani,clay,125,62.5,wet,100,5,200,10,135.65,51.9,75,3000,18.1,21.9,185.6,272.4,166.1,250.9,60.2,64.8,18.0,31,15.5,34,15.0,33.0,15.0,31.5,6,6,8,10,E,ENE,NE,NNW,78.6,80,92,88,500,31625,"Very High: 30,001-40,000"
5,Cuddalore,CO_43,alluvial,125,62.5,wet,100,5,200,10,135.65,51.9,75,3000,19.6,20.4,187.2,270.8,167.0,250.0,61.0,64.0,18.5,34,16.0,30,15.5,31.0,16.0,33.0,4,10,8,10,SW,W,NNW,WSW,72.0,78,88,85,450,32345,"Very High: 30,001-40,000"
5,Kurinjipadi,ponmani,clay,125,62.5,wet,100,5,200,10,135.65,51.9,75,3000,19.6,20.4,187.2,270.8,167.0,250.0,61.0,64.0,19.5,34,18.5,35,17.0,32.5,16.0,30.5,10,4,10,6,NW,S,SE,SSE,64.6,85,84,87,500,31400,"Very High: 30,001-40,000"
5,Panruti,delux ponni,clay,125,62.5,wet,100,5,200,10,135.65,51.9,75,3000,18.5,21.5,185.2,272.8,165.3,251.7,60.0,65.0,20.0,35,18.0,30,17.5,33.5,18.0,33.0,4,12,4,12,ENE,NE,NNE,W,85.0,96,84,79,400,30540,"Very High: 30,001-40,000"
5,Kallakurichi,CO_43,alluvial,125,62.5,wet,100,5,200,10,135.65,51.9,75,3000,18.5,21.5,185.2,272.8,165.3,251.7,60.0,65.0,19.0,33,17.0,32,16.5,31.5,15.5,32.5,8,6,8,6,W,WNW,SE,S,88.5,95,81,84,450,30905,"Very High: 30,001-40,000"
5,Sankarapuram,ponmani,clay,125,62.5,wet,100,5,200,10,135.65,51.9,75,3000,18.1,21.9,185.6,272.4,166.1,250.9,60.2,64.8,20.5,32,17.5,28,18.0,34.0,16.5,35.0,10,12,10,12,SSE,W,SW,NW,72.7,91,83,81,500,30805,"Very High: 30,001-40,000"
5,Chinnasalem,delux ponni,clay,125,62.5,wet,100,5,200,10,135.65,51.9,75,3000,18.1,21.9,185.6,272.4,166.1,250.9,60.2,64.8,18.0,31,15.5,34,15.0,33.0,15.0,31.5,6,6,8,10,E,ENE,NE,NNW,78.6,80,92,88,400,31535,"Very High: 30,001-40,000"
5,Cuddalore,CO_43,alluvial,125,62.5,wet,100,5,200,10,135.65,51.9,75,3000,19.6,20.4,187.2,270.8,167.0,250.0,61.0,64.0,18.5,34,16.0,30,15.5,31.0,16.0,33.0,4,10,8,10,SW,W,NNW,WSW,72.0,78,88,85,450,31555,"Very High: 30,001-40,000"
5,Kurinjipadi,delux ponni,clay,125,62.5,wet,100,5,200,10,135.65,51.9,75,3000,19.6,20.4,187.2,270.8,167.0,250.0,61.0,64.0,19.5,34,18.5,35,17.0,32.5,16.0,30.5,10,4,10,6,NW,S,SE,SSE,64.6,85,84,87,400,30545,"Very High: 30,001-40,000"
5,Panruti,ponmani,clay,125,62.5,dry,100,5,200,10,135.65,51.9,75,3000,18.5,21.5,185.2,272.8,165.3,251.7,60.0,65.0,20.0,35,18.0,30,17.5,33.5,18.0,33.0,4,12,4,12,ENE,NE,NNE,W,85.0,96,84,79,500,31920,"Very High: 30,001-40,000"
5,Kallakurichi,ponmani,clay,125,62.5,dry,100,5,200,10,135.65,51.9,75,3000,18.5,21.5,185.2,272.8,165.3,251.7,60.0,65.0,19.0,33,17.0,32,16.5,31.5,15.5,32.5,8,6,8,6,W,WNW,SE,S,88.5,95,81,84,500,31035,"Very High: 30,001-40,000"
5,Sankarapuram,ponmani,alluvial,125,62.5,dry,100,5,200,10,135.65,51.9,75,3000,18.1,21.9,185.6,272.4,166.1,250.9,60.2,64.8,20.5,32,17.5,28,18.0,34.0,16.5,35.0,10,12,10,12,SSE,W,SW,NW,72.7,91,83,81,500,30805,"Very High: 30,001-40,000"
5,Chinnasalem,ponmani,clay,125,62.5,dry,100,5,200,10,135.65,51.9,75,3000,18.1,21.9,185.6,272.4,166.1,250.9,60.2,64.8,18.0,31,15.5,34,15.0,33.0,15.0,31.5,6,6,8,10,E,ENE,NE,NNW,78.6,80,92,88,500,30285,"Very High: 30,001-40,000"
5,Cuddalore,CO_43,clay,125,62.5,dry,100,5,200,10,135.65,51.9,75,3000,19.6,20.4,187.2,270.8,167.0,250.0,61.0,64.0,18.5,34,16.0,30,15.5,31.0,16.0,33.0,4,10,8,10,SW,W,NNW,WSW,72.0,78,88,85,450,32050,"Very High: 30,001-40,000"
5,Kurinjipadi,ponmani,alluvial,125,62.5,dry,100,5,200,10,135.65,51.9,75,3000,19.6,20.4,187.2,270.8,167.0,250.0,61.0,64.0,19.5,34,18.5,35,17.0,32.5,16.0,30.5,10,4,10,6,NW,S,SE,SSE,64.6,85,84,87,500,30855,"Very High: 30,001-40,000"
5,Panruti,ponmani,alluvial,125,62.5,dry,100,5,200,10,135.65,51.9,75,3000,18.5,21.5,185.2,272.8,165.3,251.7,60.0,65.0,20.0,35,18.0,30,17.5,33.5,18.0,33.0,4,12,4,12,ENE,NE,NNE,W,85.0,96,84,79,500,30250,"Very High: 30,001-40,000"
5,Kallakurichi,ponmani,alluvial,125,62.5,dry,100,5,200,10,135.65,51.9,75,3000,18.5,21.5,185.2,272.8,165.3,251.7,60.0,65.0,19.0,33,17.0,32,16.5,31.5,15.5,32.5,8,6,8,6,W,WNW,SE,S,88.5,95,81,84,500,30610,"Very High: 30,001-40,000"
5,Sankarapuram,delux ponni,alluvial,125,62.5,dry,100,5,200,10,135.65,51.9,75,3000,18.1,21.9,185.6,272.4,166.1,250.9,60.2,64.8,20.5,32,17.5,28,18.0,34.0,16.5,35.0,10,12,10,12,SSE,W,SW,NW,72.7,91,83,81,400,30075,"Very High: 30,001-40,000"
5,Chinnasalem,delux ponni,alluvial,125,62.5,dry,100,5,200,10,135.65,51.9,75,3000,18.1,21.9,185.6,272.4,166.1,250.9,60.2,64.8,18.0,31,15.5,34,15.0,33.0,15.0,31.5,6,6,8,10,E,ENE,NE,NNW,78.6,80,92,88,400,31065,"Very High: 30,001-40,000"
5,Cuddalore,delux ponni,alluvial,125,62.5,dry,100,5,200,10,135.65,51.9,75,3000,19.6,20.4,187.2,270.8,167.0,250.0,61.0,64.0,18.5,34,16.0,30,15.5,31.0,16.0,33.0,4,10,8,10,SW,W,NNW,WSW,72.0,78,88,85,400,31135,"Very High: 30,001-40,000"
5,Kurinjipadi,ponmani,alluvial,125,62.5,dry,100,5,200,10,135.65,51.9,75,3000,19.6,20.4,187.2,270.8,167.0,250.0,61.0,64.0,19.5,34,18.5,35,17.0,32.5,16.0,30.5,10,4,10,6,NW,S,SE,SSE,64.6,85,84,87,500,31810,"Very High: 30,001-40,000"
5,Panruti,delux ponni,clay,125,62.5,dry,100,5,200,10,135.65,51.9,75,3000,18.5,21.5,185.2,272.8,165.3,251.7,60.0,65.0,20.0,35,18.0,30,17.5,33.5,18.0,33.0,4,12,4,12,ENE,NE,NNE,W,85.0,96,84,79,400,30755,"Very High: 30,001-40,000"
5,Kallakurichi,CO_43,clay,125,62.5,dry,100,5,200,10,135.65,51.9,75,3000,18.5,21.5,185.2,272.8,165.3,251.7,60.0,65.0,19.0,33,17.0,32,16.5,31.5,15.5,32.5,8,6,8,6,W,WNW,SE,S,88.5,95,81,84,450,31815,"Very High: 30,001-40,000"
5,Sankarapuram,delux ponni,clay,125,62.5,dry,100,5,200,10,135.65,51.9,75,3000,18.1,21.9,185.6,272.4,166.1,250.9,60.2,64.8,20.5,32,17.5,28,18.0,34.0,16.5,35.0,10,12,10,12,SSE,W,SW,NW,72.7,91,83,81,400,32090,"Very High: 30,001-40,000"
5,Cuddalore,CO_43,clay,125,62.5,wet,100,5,200,10,135.65,51.9,75,3000,19.6,20.4,187.2,270.8,167.0,250.0,61.0,64.0,18.5,34,16.0,30,15.5,31.0,16.0,33.0,4,10,8,10,SW,W,NNW,WSW,72.0,78,88,85,450,32155,"Very High: 30,001-40,000"
5,Panruti,delux ponni,clay,125,62.5,wet,100,5,200,10,135.65,51.9,75,3000,18.5,21.5,185.2,272.8,165.3,251.7,60.0,65.0,20.0,35,18.0,30,17.5,33.5,18.0,33.0,4,12,4,12,ENE,NE,NNE,W,85.0,96,84,79,400,30805,"Very High: 30,001-40,000"
5,Kallakurichi,CO_43,clay,125,62.5,wet,100,5,200,10,135.65,51.9,75,3000,18.5,21.5,185.2,272.8,165.3,251.7,60.0,65.0,19.0,33,17.0,32,16.5,31.5,15.5,32.5,8,6,8,6,W,WNW,SE,S,88.5,95,81,84,450,31555,"Very High: 30,001-40,000"
5,Sankarapuram,ponmani,alluvial,125,62.5,wet,100,5,200,10,135.65,51.9,75,3000,18.1,21.9,185.6,272.4,166.1,250.9,60.2,64.8,20.5,32,17.5,28,18.0,34.0,16.5,35.0,10,12,10,12,SSE,W,SW,NW,72.7,91,83,81,500,30250,"Very High: 30,001-40,000"
5,Chinnasalem,delux ponni,alluvial,125,62.5,wet,100,5,200,10,135.65,51.9,75,3000,18.1,21.9,185.6,272.4,166.1,250.9,60.2,64.8,18.0,31,15.5,34,15.0,33.0,15.0,31.5,6,6,8,10,E,ENE,NE,NNW,78.6,80,92,88,400,30610,"Very High: 30,001-40,000"
5,Cuddalore,CO_43,alluvial,125,62.5,wet,100,5,200,10,135.65,51.9,75,3000,19.6,20.4,187.2,270.8,167.0,250.0,61.0,64.0,18.5,34,16.0,30,15.5,31.0,16.0,33.0,4,10,8,10,SW,W,NNW,WSW,72.0,78,88,85,450,30575,"Very High: 30,001-40,000"
5,Kurinjipadi,delux ponni,alluvial,125,62.5,wet,100,5,200,10,135.65,51.9,75,3000,19.6,20.4,187.2,270.8,167.0,250.0,61.0,64.0,19.5,34,18.5,35,17.0,32.5,16.0,30.5,10,4,10,6,NW,S,SE,SSE,64.6,85,84,87,400,31605,"Very High: 30,001-40,000"
5,Panruti,ponmani,clay,125,62.5,dry,100,5,200,10,135.65,51.9,75,3000,18.5,21.5,185.2,272.8,165.3,251.7,60.0,65.0,20.0,35,18.0,30,17.5,33.5,18.0,33.0,4,12,4,12,ENE,NE,NNE,W,85.0,96,84,79,500,31135,"Very High: 30,001-40,000"
5,Kallakurichi,CO_43,alluvial,125,62.5,dry,100,5,200,10,135.65,51.9,75,3000,18.5,21.5,185.2,272.8,165.3,251.7,60.0,65.0,19.0,33,17.0,32,16.5,31.5,15.5,32.5,8,6,8,6,W,WNW,SE,S,88.5,95,81,84,450,32080,"Very High: 30,001-40,000"
5,Sankarapuram,ponmani,alluvial,125,62.5,dry,100,5,200,10,135.65,51.9,75,3000,18.1,21.9,185.6,272.4,166.1,250.9,60.2,64.8,20.5,32,17.5,28,18.0,34.0,16.5,35.0,10,12,10,12,SSE,W,SW,NW,72.7,91,83,81,500,30885,"Very High: 30,001-40,000"
5,Chinnasalem,delux ponni,alluvial,125,62.5,dry,100,5,200,10,135.65,51.9,75,3000,18.1,21.9,185.6,272.4,166.1,250.9,60.2,64.8,18.0,31,15.5,34,15.0,33.0,15.0,31.5,6,6,8,10,E,ENE,NE,NNW,78.6,80,92,88,400,30945,"Very High: 30,001-40,000"
5,Cuddalore,CO_43,clay,125,62.5,dry,100,5,200,10,135.65,51.9,75,3000,19.6,20.4,187.2,270.8,167.0,250.0,61.0,64.0,18.5,34,16.0,30,15.5,31.0,16.0,33.0,4,10,8,10,SW,W,NNW,WSW,72.0,78,88,85,450,30460,"Very High: 30,001-40,000"
5,Kurinjipadi,ponmani,clay,125,62.5,dry,100,5,200,10,135.65,51.9,75,3000,19.6,20.4,187.2,270.8,167.0,250.0,61.0,64.0,19.5,34,18.5,35,17.0,32.5,16.0,30.5,10,4,10,6,NW,S,SE,SSE,64.6,85,84,87,500,31780,"Very High: 30,001-40,000"
5,Panruti,delux ponni,clay,125,62.5,dry,100,5,200,10,135.65,51.9,75,3000,18.5,21.5,185.2,272.8,165.3,251.7,60.0,65.0,20.0,35,18.0,30,17.5,33.5,18.0,33.0,4,12,4,12,ENE,NE,NNE,W,85.0,96,84,79,400,30575,"Very High: 30,001-40,000"
5,Kallakurichi,CO_43,clay,125,62.5,dry,100,5,200,10,135.65,51.9,75,3000,18.5,21.5,185.2,272.8,165.3,251.7,60.0,65.0,19.0,33,17.0,32,16.5,31.5,15.5,32.5,8,6,8,6,W,WNW,SE,S,88.5,95,81,84,450,30355,"Very High: 30,001-40,000"
5,Sankarapuram,delux ponni,clay,125,62.5,dry,100,5,200,10,135.65,51.9,75,3000,18.1,21.9,185.6,272.4,166.1,250.9,60.2,64.8,20.5,32,17.5,28,18.0,34.0,16.5,35.0,10,12,10,12,SSE,W,SW,NW,72.7,91,83,81,400,30540,"Very High: 30,001-40,000"
5,Chinnasalem,ponmani,clay,125,62.5,wet,100,5,200,10,135.65,51.9,75,3000,18.1,21.9,185.6,272.4,166.1,250.9,60.2,64.8,18.0,31,15.5,34,15.0,33.0,15.0,31.5,6,6,8,10,E,ENE,NE,NNW,78.6,80,92,88,500,31535,"Very High: 30,001-40,000"
5,Cuddalore,CO_43,clay,125,62.5,wet,100,5,200,10,135.65,51.9,75,3000,19.6,20.4,187.2,270.8,167.0,250.0,61.0,64.0,18.5,34,16.0,30,15.5,31.0,16.0,33.0,4,10,8,10,SW,W,NNW,WSW,72.0,78,88,85,450,30545,"Very High: 30,001-40,000"
5,Kurinjipadi,ponmani,alluvial,125,62.5,wet,100,5,200,10,135.65,51.9,75,3000,19.6,20.4,187.2,270.8,167.0,250.0,61.0,64.0,19.5,34,18.5,35,17.0,32.5,16.0,30.5,10,4,10,6,NW,S,SE,SSE,64.6,85,84,87,500,31625,"Very High: 30,001-40,000"
5,Panruti,delux ponni,clay,125,62.5,wet,100,5,200,10,135.65,51.9,75,3000,18.5,21.5,185.2,272.8,165.3,251.7,60.0,65.0,20.0,35,18.0,30,17.5,33.5,18.0,33.0,4,12,4,12,ENE,NE,NNE,W,85.0,96,84,79,400,32345,"Very High: 30,001-40,000"
5,Kallakurichi,CO_43,alluvial,125,62.5,wet,100,5,200,10,135.65,51.9,75,3000,18.5,21.5,185.2,272.8,165.3,251.7,60.0,65.0,19.0,33,17.0,32,16.5,31.5,15.5,32.5,8,6,8,6,W,WNW,SE,S,88.5,95,81,84,450,31400,"Very High: 30,001-40,000"
5,Sankarapuram,ponmani,clay,125,62.5,wet,100,5,200,10,135.65,51.9,75,3000,18.1,21.9,185.6,272.4,166.1,250.9,60.2,64.8,20.5,32,17.5,28,18.0,34.0,16.5,35.0,10,12,10,12,SSE,W,SW,NW,72.7,91,83,81,500,30905,"Very High: 30,001-40,000"
5,Chinnasalem,delux ponni,alluvial,125,62.5,wet,100,5,200,10,135.65,51.9,75,3000,18.1,21.9,185.6,272.4,166.1,250.9,60.2,64.8,18.0,31,15.5,34,15.0,33.0,15.0,31.5,6,6,8,10,E,ENE,NE,NNW,78.6,80,92,88,400,31535,"Very High: 30,001-40,000"
5,Kurinjipadi,delux ponni,clay,125,62.5,wet,100,5,200,10,135.65,51.9,75,3000,19.6,20.4,187.2,270.8,167.0,250.0,61.0,64.0,19.5,34,18.5,35,17.0,32.5,16.0,30.5,10,4,10,6,NW,S,SE,SSE,64.6,85,84,87,400,31035,"Very High: 30,001-40,000"
5,Panruti,ponmani,alluvial,125,62.5,wet,100,5,200,10,135.65,51.9,75,3000,18.5,21.5,185.2,272.8,165.3,251.7,60.0,65.0,20.0,35,18.0,30,17.5,33.5,18.0,33.0,4,12,4,12,ENE,NE,NNE,W,85.0,96,84,79,500,32050,"Very High: 30,001-40,000"
5,Kallakurichi,ponmani,clay,125,62.5,wet,100,5,200,10,135.65,51.9,75,3000,18.5,21.5,185.2,272.8,165.3,251.7,60.0,65.0,19.0,33,17.0,32,16.5,31.5,15.5,32.5,8,6,8,6,W,WNW,SE,S,88.5,95,81,84,500,30250,"Very High: 30,001-40,000"
5,Sankarapuram,ponmani,alluvial,125,62.5,wet,100,5,200,10,135.65,51.9,75,3000,18.1,21.9,185.6,272.4,166.1,250.9,60.2,64.8,20.5,32,17.5,28,18.0,34.0,16.5,35.0,10,12,10,12,SSE,W,SW,NW,72.7,91,83,81,500,31135,"Very High: 30,001-40,000"
5,Chinnasalem,ponmani,clay,125,62.5,wet,100,5,200,10,135.65,51.9,75,3000,18.1,21.9,185.6,272.4,166.1,250.9,60.2,64.8,18.0,31,15.5,34,15.0,33.0,15.0,31.5,6,6,8,10,E,ENE,NE,NNW,78.6,80,92,88,500,31815,"Very High: 30,001-40,000"
5,Cuddalore,CO_43,alluvial,125,62.5,wet,100,5,200,10,135.65,51.9,75,3000,19.6,20.4,187.2,270.8,167.0,250.0,61.0,64.0,18.5,34,16.0,30,15.5,31.0,16.0,33.0,4,10,8,10,SW,W,NNW,WSW,72.0,78,88,85,450,31045,"Very High: 30,001-40,000"
5,Kurinjipadi,ponmani,clay,125,62.5,wet,100,5,200,10,135.65,51.9,75,3000,19.6,20.4,187.2,270.8,167.0,250.0,61.0,64.0,19.5,34,18.5,35,17.0,32.5,16.0,30.5,10,4,10,6,NW,S,SE,SSE,64.6,85,84,87,500,31555,"Very High: 30,001-40,000"
5,Panruti,ponmani,clay,125,62.5,wet,100,5,200,10,135.65,51.9,75,3000,18.5,21.5,185.2,272.8,165.3,251.7,60.0,65.0,20.0,35,18.0,30,17.5,33.5,18.0,33.0,4,12,4,12,ENE,NE,NNE,W,85.0,96,84,79,500,30575,"Very High: 30,001-40,000"
5,Kallakurichi,ponmani,alluvial,125,62.5,wet,100,5,200,10,135.65,51.9,75,3000,18.5,21.5,185.2,272.8,165.3,251.7,60.0,65.0,19.0,33,17.0,32,16.5,31.5,15.5,32.5,8,6,8,6,W,WNW,SE,S,88.5,95,81,84,500,31135,"Very High: 30,001-40,000"
5,Sankarapuram,delux ponni,clay,125,62.5,wet,100,5,200,10,135.65,51.9,75,3000,18.1,21.9,185.6,272.4,166.1,250.9,60.2,64.8,20.5,32,17.5,28,18.0,34.0,16.5,35.0,10,12,10,12,SSE,W,SW,NW,72.7,91,83,81,400,31625,"Very High: 30,001-40,000"
5,Chinnasalem,delux ponni,clay,125,62.5,dry,100,5,200,10,135.65,51.9,75,3000,18.1,21.9,185.6,272.4,166.1,250.9,60.2,64.8,18.0,31,15.5,34,15.0,33.0,15.0,31.5,6,6,8,10,E,ENE,NE,NNW,78.6,80,92,88,400,32345,"Very High: 30,001-40,000"
5,Cuddalore,delux ponni,alluvial,125,62.5,dry,100,5,200,10,135.65,51.9,75,3000,19.6,20.4,187.2,270.8,167.0,250.0,61.0,64.0,18.5,34,16.0,30,15.5,31.0,16.0,33.0,4,10,8,10,SW,W,NNW,WSW,72.0,78,88,85,400,31400,"Very High: 30,001-40,000"
5,Kurinjipadi,ponmani,clay,125,62.5,dry,100,5,200,10,135.65,51.9,75,3000,19.6,20.4,187.2,270.8,167.0,250.0,61.0,64.0,19.5,34,18.5,35,17.0,32.5,16.0,30.5,10,4,10,6,NW,S,SE,SSE,64.6,85,84,87,500,30905,"Very High: 30,001-40,000"
5,Kallakurichi,CO_43,clay,125,62.5,dry,100,5,200,10,135.65,51.9,75,3000,18.5,21.5,185.2,272.8,165.3,251.7,60.0,65.0,19.0,33,17.0,32,16.5,31.5,15.5,32.5,8,6,8,6,W,WNW,SE,S,88.5,95,81,84,450,31555,"Very High: 30,001-40,000"
5,Sankarapuram,delux ponni,clay,125,62.5,dry,100,5,200,10,135.65,51.9,75,3000,18.1,21.9,185.6,272.4,166.1,250.9,60.2,64.8,20.5,32,17.5,28,18.0,34.0,16.5,35.0,10,12,10,12,SSE,W,SW,NW,72.7,91,83,81,400,31035,"Very High: 30,001-40,000"
5,Chinnasalem,delux ponni,alluvial,125,62.5,dry,100,5,200,10,135.65,51.9,75,3000,18.1,21.9,185.6,272.4,166.1,250.9,60.2,64.8,18.0,31,15.5,34,15.0,33.0,15.0,31.5,6,6,8,10,E,ENE,NE,NNW,78.6,80,92,88,400,32050,"Very High: 30,001-40,000"
5,Cuddalore,CO_43,clay,125,62.5,dry,100,5,200,10,135.65,51.9,75,3000,19.6,20.4,187.2,270.8,167.0,250.0,61.0,64.0,18.5,34,16.0,30,15.5,31.0,16.0,33.0,4,10,8,10,SW,W,NNW,WSW,72.0,78,88,85,450,30250,"Very High: 30,001-40,000"
5,Kurinjipadi,ponmani,alluvial,125,62.5,dry,100,5,200,10,135.65,51.9,75,3000,19.6,20.4,187.2,270.8,167.0,250.0,61.0,64.0,19.5,34,18.5,35,17.0,32.5,16.0,30.5,10,4,10,6,NW,S,SE,SSE,64.6,85,84,87,500,31135,"Very High: 30,001-40,000"
5,Panruti,delux ponni,clay,125,62.5,dry,100,5,200,10,135.65,51.9,75,3000,18.5,21.5,185.2,272.8,165.3,251.7,60.0,65.0,20.0,35,18.0,30,17.5,33.5,18.0,33.0,4,12,4,12,ENE,NE,NNE,W,85.0,96,84,79,400,31815,"Very High: 30,001-40,000"
5,Kallakurichi,CO_43,clay,125,62.5,wet,100,5,200,10,135.65,51.9,75,3000,18.5,21.5,185.2,272.8,165.3,251.7,60.0,65.0,19.0,33,17.0,32,16.5,31.5,15.5,32.5,8,6,8,6,W,WNW,SE,S,88.5,95,81,84,450,31045,"Very High: 30,001-40,000"
5,Sankarapuram,ponmani,alluvial,125,62.5,wet,100,5,200,10,135.65,51.9,75,3000,18.1,21.9,185.6,272.4,166.1,250.9,60.2,64.8,20.5,32,17.5,28,18.0,34.0,16.5,35.0,10,12,10,12,SSE,W,SW,NW,72.7,91,83,81,500,31555,"Very High: 30,001-40,000"
5,Chinnasalem,delux ponni,clay,125,62.5,wet,100,5,200,10,135.65,51.9,75,3000,18.1,21.9,185.6,272.4,166.1,250.9,60.2,64.8,18.0,31,15.5,34,15.0,33.0,15.0,31.5,6,6,8,10,E,ENE,NE,NNW,78.6,80,92,88,400,30575,"Very High: 30,001-40,000"
5,Cuddalore,CO_43,alluvial,125,62.5,wet,100,5,200,10,135.65,51.9,75,3000,19.6,20.4,187.2,270.8,167.0,250.0,61.0,64.0,18.5,34,16.0,30,15.5,31.0,16.0,33.0,4,10,8,10,SW,W,NNW,WSW,72.0,78,88,85,450,31135,"Very High: 30,001-40,000"
5,Panruti,ponmani,clay,125,62.5,wet,100,5,200,10,135.65,51.9,75,3000,18.5,21.5,185.2,272.8,165.3,251.7,60.0,65.0,20.0,35,18.0,30,17.5,33.5,18.0,33.0,4,12,4,12,ENE,NE,NNE,W,85.0,96,84,79,500,32345,"Very High: 30,001-40,000"
5,Sankarapuram,ponmani,alluvial,125,62.5,wet,100,5,200,10,135.65,51.9,75,3000,18.1,21.9,185.6,272.4,166.1,250.9,60.2,64.8,20.5,32,17.5,28,18.0,34.0,16.5,35.0,10,12,10,12,SSE,W,SW,NW,72.7,91,83,81,500,30905,"Very High: 30,001-40,000"
5,Kurinjipadi,ponmani,clay,125,62.5,wet,100,5,200,10,135.65,51.9,75,3000,19.6,20.4,187.2,270.8,167.0,250.0,61.0,64.0,19.5,34,18.5,35,17.0,32.5,16.0,30.5,10,4,10,6,NW,S,SE,SSE,64.6,85,84,87,500,31035,"Very High: 30,001-40,000"
5,Panruti,delux ponni,alluvial,125,62.5,dry,100,5,200,10,135.65,51.9,75,3000,18.5,21.5,185.2,272.8,165.3,251.7,60.0,65.0,20.0,35,18.0,30,17.5,33.5,18.0,33.0,4,12,4,12,ENE,NE,NNE,W,85.0,96,84,79,400,32050,"Very High: 30,001-40,000"
5,Sankarapuram,delux ponni,clay,125,62.5,dry,100,5,200,10,135.65,51.9,75,3000,18.1,21.9,185.6,272.4,166.1,250.9,60.2,64.8,20.5,32,17.5,28,18.0,34.0,16.5,35.0,10,12,10,12,SSE,W,SW,NW,72.7,91,83,81,400,31135,"Very High: 30,001-40,000"
5,Chinnasalem,ponmani,alluvial,125,62.5,dry,100,5,200,10,135.65,51.9,75,3000,18.1,21.9,185.6,272.4,166.1,250.9,60.2,64.8,18.0,31,15.5,34,15.0,33.0,15.0,31.5,6,6,8,10,E,ENE,NE,NNW,78.6,80,92,88,500,31815,"Very High: 30,001-40,000"
5,Cuddalore,CO_43,clay,125,62.5,dry,100,5,200,10,135.65,51.9,75,3000,19.6,20.4,187.2,270.8,167.0,250.0,61.0,64.0,18.5,34,16.0,30,15.5,31.0,16.0,33.0,4,10,8,10,SW,W,NNW,WSW,72.0,78,88,85,450,31045,"Very High: 30,001-40,000"
5,Kallakurichi,CO_43,alluvial,125,62.5,dry,100,5,200,10,135.65,51.9,75,3000,18.5,21.5,185.2,272.8,165.3,251.7,60.0,65.0,19.0,33,17.0,32,16.5,31.5,15.5,32.5,8,6,8,6,W,WNW,SE,S,88.5,95,81,84,450,31135,"Very High: 30,001-40,000"
5,Sankarapuram,ponmani,alluvial,125,62.5,dry,100,5,200,10,135.65,51.9,75,3000,18.1,21.9,185.6,272.4,166.1,250.9,60.2,64.8,20.5,32,17.5,28,18.0,34.0,16.5,35.0,10,12,10,12,SSE,W,SW,NW,72.7,91,83,81,500,31625,"Very High: 30,001-40,000"
5,Chinnasalem,delux ponni,alluvial,125,62.5,dry,100,5,200,10,135.65,51.9,75,3000,18.1,21.9,185.6,272.4,166.1,250.9,60.2,64.8,18.0,31,15.5,34,15.0,33.0,15.0,31.5,6,6,8,10,E,ENE,NE,NNW,78.6,80,92,88,400,32345,"Very High: 30,001-40,000"
5,Cuddalore,CO_43,clay,125,62.5,wet,100,5,200,10,135.65,51.9,75,3000,19.6,20.4,187.2,270.8,167.0,250.0,61.0,64.0,18.5,34,16.0,30,15.5,31.0,16.0,33.0,4,10,8,10,SW,W,NNW,WSW,72.0,78,88,85,450,31400,"Very High: 30,001-40,000"
5,Kurinjipadi,delux ponni,alluvial,125,62.5,wet,100,5,200,10,135.65,51.9,75,3000,19.6,20.4,187.2,270.8,167.0,250.0,61.0,64.0,19.5,34,18.5,35,17.0,32.5,16.0,30.5,10,4,10,6,NW,S,SE,SSE,64.6,85,84,87,400,30905,"Very High: 30,001-40,000"
5,Panruti,ponmani,clay,125,62.5,wet,100,5,200,10,135.65,51.9,75,3000,18.5,21.5,185.2,272.8,165.3,251.7,60.0,65.0,20.0,35,18.0,30,17.5,33.5,18.0,33.0,4,12,4,12,ENE,NE,NNE,W,85.0,96,84,79,500,31535,"Very High: 30,001-40,000"
5,Sankarapuram,ponmani,alluvial,125,62.5,wet,100,5,200,10,135.65,51.9,75,3000,18.1,21.9,185.6,272.4,166.1,250.9,60.2,64.8,20.5,32,17.5,28,18.0,34.0,16.5,35.0,10,12,10,12,SSE,W,SW,NW,72.7,91,83,81,500,31035,"Very High: 30,001-40,000"
5,Chinnasalem,ponmani,clay,125,62.5,wet,100,5,200,10,135.65,51.9,75,3000,18.1,21.9,185.6,272.4,166.1,250.9,60.2,64.8,18.0,31,15.5,34,15.0,33.0,15.0,31.5,6,6,8,10,E,ENE,NE,NNW,78.6,80,92,88,500,32050,"Very High: 30,001-40,000"
5,Cuddalore,CO_43,clay,125,62.5,wet,100,5,200,10,135.65,51.9,75,3000,19.6,20.4,187.2,270.8,167.0,250.0,61.0,64.0,18.5,34,16.0,30,15.5,31.0,16.0,33.0,4,10,8,10,SW,W,NNW,WSW,72.0,78,88,85,450,30250,"Very High: 30,001-40,000"
5,Kurinjipadi,ponmani,alluvial,125,62.5,wet,100,5,200,10,135.65,51.9,75,3000,19.6,20.4,187.2,270.8,167.0,250.0,61.0,64.0,19.5,34,18.5,35,17.0,32.5,16.0,30.5,10,4,10,6,NW,S,SE,SSE,64.6,85,84,87,500,31135,"Very High: 30,001-40,000"
5,Panruti,ponmani,clay,125,62.5,wet,100,5,200,10,135.65,51.9,75,3000,18.5,21.5,185.2,272.8,165.3,251.7,60.0,65.0,20.0,35,18.0,30,17.5,33.5,18.0,33.0,4,12,4,12,ENE,NE,NNE,W,85.0,96,84,79,500,31815,"Very High: 30,001-40,000"
5,Kallakurichi,ponmani,alluvial,125,62.5,wet,100,5,200,10,135.65,51.9,75,3000,18.5,21.5,185.2,272.8,165.3,251.7,60.0,65.0,19.0,33,17.0,32,16.5,31.5,15.5,32.5,8,6,8,6,W,WNW,SE,S,88.5,95,81,84,500,31045,"Very High: 30,001-40,000"
5,Sankarapuram,delux ponni,clay,125,62.5,wet,100,5,200,10,135.65,51.9,75,3000,18.1,21.9,185.6,272.4,166.1,250.9,60.2,64.8,20.5,32,17.5,28,18.0,34.0,16.5,35.0,10,12,10,12,SSE,W,SW,NW,72.7,91,83,81,400,31555,"Very High: 30,001-40,000"
5,Kurinjipadi,ponmani,clay,125,62.5,dry,100,5,200,10,135.65,51.9,75,3000,19.6,20.4,187.2,270.8,167.0,250.0,61.0,64.0,19.5,34,18.5,35,17.0,32.5,16.0,30.5,10,4,10,6,NW,S,SE,SSE,64.6,85,84,87,500,31625,"Very High: 30,001-40,000"
5,Panruti,delux ponni,alluvial,125,62.5,dry,100,5,200,10,135.65,51.9,75,3000,18.5,21.5,185.2,272.8,165.3,251.7,60.0,65.0,20.0,35,18.0,30,17.5,33.5,18.0,33.0,4,12,4,12,ENE,NE,NNE,W,85.0,96,84,79,400,32345,"Very High: 30,001-40,000"
5,Kallakurichi,CO_43,clay,125,62.5,dry,100,5,200,10,135.65,51.9,75,3000,18.5,21.5,185.2,272.8,165.3,251.7,60.0,65.0,19.0,33,17.0,32,16.5,31.5,15.5,32.5,8,6,8,6,W,WNW,SE,S,88.5,95,81,84,450,31400,"Very High: 30,001-40,000"
5,Sankarapuram,delux ponni,alluvial,125,62.5,dry,100,5,200,10,135.65,51.9,75,3000,18.1,21.9,185.6,272.4,166.1,250.9,60.2,64.8,20.5,32,17.5,28,18.0,34.0,16.5,35.0,10,12,10,12,SSE,W,SW,NW,72.7,91,83,81,400,30905,"Very High: 30,001-40,000"
5,Chinnasalem,delux ponni,alluvial,125,62.5,dry,100,5,200,10,135.65,51.9,75,3000,18.1,21.9,185.6,272.4,166.1,250.9,60.2,64.8,18.0,31,15.5,34,15.0,33.0,15.0,31.5,6,6,8,10,E,ENE,NE,NNW,78.6,80,92,88,400,31535,"Very High: 30,001-40,000"
5,Cuddalore,CO_43,clay,125,62.5,dry,100,5,200,10,135.65,51.9,75,3000,19.6,20.4,187.2,270.8,167.0,250.0,61.0,64.0,18.5,34,16.0,30,15.5,31.0,16.0,33.0,4,10,8,10,SW,W,NNW,WSW,72.0,78,88,85,450,31555,"Very High: 30,001-40,000"
5,Kurinjipadi,ponmani,alluvial,125,62.5,dry,100,5,200,10,135.65,51.9,75,3000,19.6,20.4,187.2,270.8,167.0,250.0,61.0,64.0,19.5,34,18.5,35,17.0,32.5,16.0,30.5,10,4,10,6,NW,S,SE,SSE,64.6,85,84,87,500,31035,"Very High: 30,001-40,000"
5,Panruti,delux ponni,clay,125,62.5,dry,100,5,200,10,135.65,51.9,75,3000,18.5,21.5,185.2,272.8,165.3,251.7,60.0,65.0,20.0,35,18.0,30,17.5,33.5,18.0,33.0,4,12,4,12,ENE,NE,NNE,W,85.0,96,84,79,400,32050,"Very High: 30,001-40,000"
5,Kallakurichi,CO_43,alluvial,125,62.5,dry,100,5,200,10,135.65,51.9,75,3000,18.5,21.5,185.2,272.8,165.3,251.7,60.0,65.0,19.0,33,17.0,32,16.5,31.5,15.5,32.5,8,6,8,6,W,WNW,SE,S,88.5,95,81,84,450,30250,"Very High: 30,001-40,000"
5,Sankarapuram,ponmani,clay,125,62.5,dry,100,5,200,10,135.65,51.9,75,3000,18.1,21.9,185.6,272.4,166.1,250.9,60.2,64.8,20.5,32,17.5,28,18.0,34.0,16.5,35.0,10,12,10,12,SSE,W,SW,NW,72.7,91,83,81,500,31135,"Very High: 30,001-40,000"
5,Chinnasalem,delux ponni,alluvial,125,62.5,dry,100,5,200,10,135.65,51.9,75,3000,18.1,21.9,185.6,272.4,166.1,250.9,60.2,64.8,18.0,31,15.5,34,15.0,33.0,15.0,31.5,6,6,8,10,E,ENE,NE,NNW,78.6,80,92,88,400,31815,"Very High: 30,001-40,000"
5,Kallakurichi,CO_43,clay,125,62.5,wet,100,5,200,10,135.65,51.9,75,3000,18.5,21.5,185.2,272.8,165.3,251.7,60.0,65.0,19.0,33,17.0,32,16.5,31.5,15.5,32.5,8,6,8,6,W,WNW,SE,S,88.5,95,81,84,450,31135,"Very High: 30,001-40,000"
5,Sankarapuram,ponmani,alluvial,125,62.5,wet,100,5,200,10,135.65,51.9,75,3000,18.1,21.9,185.6,272.4,166.1,250.9,60.2,64.8,20.5,32,17.5,28,18.0,34.0,16.5,35.0,10,12,10,12,SSE,W,SW,NW,72.7,91,83,81,500,30100,"Very High: 30,001-40,000"
5,Chinnasalem,delux ponni,clay,125,62.5,wet,100,5,200,10,135.65,51.9,75,3000,18.1,21.9,185.6,272.4,166.1,250.9,60.2,64.8,18.0,31,15.5,34,15.0,33.0,15.0,31.5,6,6,8,10,E,ENE,NE,NNW,78.6,80,92,88,400,32085,"Very High: 30,001-40,000"
5,Cuddalore,CO_43,clay,125,62.5,wet,100,5,200,10,135.65,51.9,75,3000,19.6,20.4,187.2,270.8,167.0,250.0,61.0,64.0,18.5,34,16.0,30,15.5,31.0,16.0,33.0,4,10,8,10,SW,W,NNW,WSW,72.0,78,88,85,450,31980,"Very High: 30,001-40,000"
5,Kurinjipadi,ponmani,alluvial,125,62.5,wet,100,5,200,10,135.65,51.9,75,3000,19.6,20.4,187.2,270.8,167.0,250.0,61.0,64.0,19.5,34,18.5,35,17.0,32.5,16.0,30.5,10,4,10,6,NW,S,SE,SSE,64.6,85,84,87,500,31555,"Very High: 30,001-40,000"
5,Panruti,delux ponni,clay,125,62.5,wet,100,5,200,10,135.65,51.9,75,3000,18.5,21.5,185.2,272.8,165.3,251.7,60.0,65.0,20.0,35,18.0,30,17.5,33.5,18.0,33.0,4,12,4,12,ENE,NE,NNE,W,85.0,96,84,79,400,30405,"Very High: 30,001-40,000"
5,Kallakurichi,CO_43,clay,125,62.5,wet,100,5,200,10,135.65,51.9,75,3000,18.5,21.5,185.2,272.8,165.3,251.7,60.0,65.0,19.0,33,17.0,32,16.5,31.5,15.5,32.5,8,6,8,6,W,WNW,SE,S,88.5,95,81,84,450,31420,"Very High: 30,001-40,000"
5,Chinnasalem,ponmani,clay,125,62.5,wet,100,5,200,10,135.65,51.9,75,3000,18.1,21.9,185.6,272.4,166.1,250.9,60.2,64.8,18.0,31,15.5,34,15.0,33.0,15.0,31.5,6,6,8,10,E,ENE,NE,NNW,78.6,80,92,88,500,31140,"Very High: 30,001-40,000"
5,Cuddalore,CO_43,clay,125,62.5,wet,100,5,200,10,135.65,51.9,75,3000,19.6,20.4,187.2,270.8,167.0,250.0,61.0,64.0,18.5,34,16.0,30,15.5,31.0,16.0,33.0,4,10,8,10,SW,W,NNW,WSW,72.0,78,88,85,450,29190,"High: 20,001-30,000"
5,Kurinjipadi,ponmani,clay,125,62.5,wet,100,5,200,10,135.65,51.9,75,3000,19.6,20.4,187.2,270.8,167.0,250.0,61.0,64.0,19.5,34,18.5,35,17.0,32.5,16.0,30.5,10,4,10,6,NW,S,SE,SSE,64.6,85,84,87,500,29510,"High: 20,001-30,000"
5,Panruti,delux ponni,alluvial,125,62.5,dry,100,5,200,10,135.65,51.9,75,3000,18.5,21.5,185.2,272.8,165.3,251.7,60.0,65.0,20.0,35,18.0,30,17.5,33.5,18.0,33.0,4,12,4,12,ENE,NE,NNE,W,85.0,96,84,79,400,30250,"Very High: 30,001-40,000"
5,Kallakurichi,CO_43,clay,125,62.5,dry,100,5,200,10,135.65,51.9,75,3000,18.5,21.5,185.2,272.8,165.3,251.7,60.0,65.0,19.0,33,17.0,32,16.5,31.5,15.5,32.5,8,6,8,6,W,WNW,SE,S,88.5,95,81,84,450,30610,"Very High: 30,001-40,000"
5,Sankarapuram,ponmani,clay,125,62.5,dry,100,5,200,10,135.65,51.9,75,3000,18.1,21.9,185.6,272.4,166.1,250.9,60.2,64.8,20.5,32,17.5,28,18.0,34.0,16.5,35.0,10,12,10,12,SSE,W,SW,NW,72.7,91,83,81,500,30575,"Very High: 30,001-40,000"
5,Chinnasalem,delux ponni,alluvial,125,62.5,dry,100,5,200,10,135.65,51.9,75,3000,18.1,21.9,185.6,272.4,166.1,250.9,60.2,64.8,18.0,31,15.5,34,15.0,33.0,15.0,31.5,6,6,8,10,E,ENE,NE,NNW,78.6,80,92,88,400,30075,"Very High: 30,001-40,000"
5,Cuddalore,CO_43,alluvial,125,62.5,dry,100,5,200,10,135.65,51.9,75,3000,19.6,20.4,187.2,270.8,167.0,250.0,61.0,64.0,18.5,34,16.0,30,15.5,31.0,16.0,33.0,4,10,8,10,SW,W,NNW,WSW,72.0,78,88,85,450,31605,"Very High: 30,001-40,000"
5,Kurinjipadi,delux ponni,alluvial,125,62.5,dry,100,5,200,10,135.65,51.9,75,3000,19.6,20.4,187.2,270.8,167.0,250.0,61.0,64.0,19.5,34,18.5,35,17.0,32.5,16.0,30.5,10,4,10,6,NW,S,SE,SSE,64.6,85,84,87,400,31065,"Very High: 30,001-40,000"
5,Panruti,ponmani,alluvial,125,62.5,dry,100,5,200,10,135.65,51.9,75,3000,18.5,21.5,185.2,272.8,165.3,251.7,60.0,65.0,20.0,35,18.0,30,17.5,33.5,18.0,33.0,4,12,4,12,ENE,NE,NNE,W,85.0,96,84,79,500,31135,"Very High: 30,001-40,000"
5,Kallakurichi,ponmani,alluvial,125,62.5,dry,100,5,200,10,135.65,51.9,75,3000,18.5,21.5,185.2,272.8,165.3,251.7,60.0,65.0,19.0,33,17.0,32,16.5,31.5,15.5,32.5,8,6,8,6,W,WNW,SE,S,88.5,95,81,84,500,32080,"Very High: 30,001-40,000"
5,Sankarapuram,ponmani,alluvial,125,62.5,dry,100,5,200,10,135.65,51.9,75,3000,18.1,21.9,185.6,272.4,166.1,250.9,60.2,64.8,20.5,32,17.5,28,18.0,34.0,16.5,35.0,10,12,10,12,SSE,W,SW,NW,72.7,91,83,81,500,31135,"Very High: 30,001-40,000"
5,Chinnasalem,ponmani,alluvial,125,62.5,dry,100,5,200,10,135.65,51.9,75,3000,18.1,21.9,185.6,272.4,166.1,250.9,60.2,64.8,18.0,31,15.5,34,15.0,33.0,15.0,31.5,6,6,8,10,E,ENE,NE,NNW,78.6,80,92,88,500,31810,"Very High: 30,001-40,000"
5,Cuddalore,CO_43,clay,125,62.5,dry,100,5,200,10,135.65,51.9,75,3000,19.6,20.4,187.2,270.8,167.0,250.0,61.0,64.0,18.5,34,16.0,30,15.5,31.0,16.0,33.0,4,10,8,10,SW,W,NNW,WSW,72.0,78,88,85,450,30885,"Very High: 30,001-40,000"
5,Kurinjipadi,ponmani,clay,125,62.5,dry,100,5,200,10,135.65,51.9,75,3000,19.6,20.4,187.2,270.8,167.0,250.0,61.0,64.0,19.5,34,18.5,35,17.0,32.5,16.0,30.5,10,4,10,6,NW,S,SE,SSE,64.6,85,84,87,500,31430,"Very High: 30,001-40,000"
5,Panruti,ponmani,clay,125,62.5,dry,100,5,200,10,135.65,51.9,75,3000,18.5,21.5,185.2,272.8,165.3,251.7,60.0,65.0,20.0,35,18.0,30,17.5,33.5,18.0,33.0,4,12,4,12,ENE,NE,NNE,W,85.0,96,84,79,500,30755,"Very High: 30,001-40,000"
5,Kallakurichi,ponmani,clay,125,62.5,dry,100,5,200,10,135.65,51.9,75,3000,18.5,21.5,185.2,272.8,165.3,251.7,60.0,65.0,19.0,33,17.0,32,16.5,31.5,15.5,32.5,8,6,8,6,W,WNW,SE,S,88.5,95,81,84,500,30945,"Very High: 30,001-40,000"
5,Sankarapuram,delux ponni,clay,125,62.5,dry,100,5,200,10,135.65,51.9,75,3000,18.1,21.9,185.6,272.4,166.1,250.9,60.2,64.8,20.5,32,17.5,28,18.0,34.0,16.5,35.0,10,12,10,12,SSE,W,SW,NW,72.7,91,83,81,400,31815,"Very High: 30,001-40,000"
5,Chinnasalem,delux ponni,clay,125,62.5,dry,100,5,200,10,135.65,51.9,75,3000,18.1,21.9,185.6,272.4,166.1,250.9,60.2,64.8,18.0,31,15.5,34,15.0,33.0,15.0,31.5,6,6,8,10,E,ENE,NE,NNW,78.6,80,92,88,400,30460,"Very High: 30,001-40,000"
5,Chinnasalem,delux ponni,clay,125,62.5,dry,100,5,200,10,135.65,51.9,75,3000,18.1,21.9,185.6,272.4,166.1,250.9,60.2,64.8,18.0,31,15.5,34,15.0,33.0,15.0,31.5,6,6,8,10,E,ENE,NE,NNW,78.6,80,92,88,400,30960,"Very High: 30,001-40,000"
5,Chinnasalem,ponmani,clay,125,62.5,dry,100,5,200,10,135.65,51.9,75,3000,18.1,21.9,185.6,272.4,166.1,250.9,60.2,64.8,18.0,31,15.5,34,15.0,33.0,15.0,31.5,6,6,8,10,E,ENE,NE,NNW,78.6,80,92,88,500,32020,"Very High: 30,001-40,000"
5,Chinnasalem,delux ponni,alluvial,125,62.5,dry,100,5,200,10,135.65,51.9,75,3000,18.1,21.9,185.6,272.4,166.1,250.9,60.2,64.8,18.0,31,15.5,34,15.0,33.0,15.0,31.5,6,6,8,10,E,ENE,NE,NNW,78.6,80,92,88,400,32090,"Very High: 30,001-40,000"
5,Chinnasalem,CO_43,alluvial,125,62.5,dry,100,5,200,10,135.65,51.9,75,3000,18.1,21.9,185.6,272.4,166.1,250.9,60.2,64.8,18.0,31,15.5,34,15.0,33.0,15.0,31.5,6,6,8,10,E,ENE,NE,NNW,78.6,80,92,88,450,31780,"Very High: 30,001-40,000"
5,Kallakurichi,delux ponni,alluvial,125,62.5,dry,100,5,200,10,135.65,51.9,75,3000,18.5,21.5,185.2,272.8,165.3,251.7,60.0,65.0,19.0,33,17.0,32,16.5,31.5,15.5,32.5,8,6,8,6,W,WNW,SE,S,88.5,95,81,84,400,30795,"Very High: 30,001-40,000"
5,Kallakurichi,delux ponni,alluvial,125,62.5,dry,100,5,200,10,135.65,51.9,75,3000,18.5,21.5,185.2,272.8,165.3,251.7,60.0,65.0,19.0,33,17.0,32,16.5,31.5,15.5,32.5,8,6,8,6,W,WNW,SE,S,88.5,95,81,84,400,31045,"Very High: 30,001-40,000"
5,Kallakurichi,CO_43,alluvial,125,62.5,dry,100,5,200,10,135.65,51.9,75,3000,18.5,21.5,185.2,272.8,165.3,251.7,60.0,65.0,19.0,33,17.0,32,16.5,31.5,15.5,32.5,8,6,8,6,W,WNW,SE,S,88.5,95,81,84,450,30575,"Very High: 30,001-40,000"
5,Panruti,delux ponni,alluvial,125,62.5,dry,100,5,200,10,135.65,51.9,75,3000,18.5,21.5,185.2,272.8,165.3,251.7,60.0,65.0,20.0,35,18.0,30,17.5,33.5,18.0,33.0,4,12,4,12,ENE,NE,NNE,W,85.0,96,84,79,400,30355,"Very High: 30,001-40,000"
5,Panruti,CO_43,alluvial,125,62.5,dry,100,5,200,10,135.65,51.9,75,3000,18.5,21.5,185.2,272.8,165.3,251.7,60.0,65.0,20.0,35,18.0,30,17.5,33.5,18.0,33.0,4,12,4,12,ENE,NE,NNE,W,85.0,96,84,79,450,31625,"Very High: 30,001-40,000"
5,Panruti,ponmani,clay,125,62.5,dry,100,5,200,10,135.65,51.9,75,3000,18.5,21.5,185.2,272.8,165.3,251.7,60.0,65.0,20.0,35,18.0,30,17.5,33.5,18.0,33.0,4,12,4,12,ENE,NE,NNE,W,85.0,96,84,79,500,32345,"Very High: 30,001-40,000"
5,Panruti,delux ponni,clay,125,62.5,dry,100,5,200,10,135.65,51.9,75,3000,18.5,21.5,185.2,272.8,165.3,251.7,60.0,65.0,20.0,35,18.0,30,17.5,33.5,18.0,33.0,4,12,4,12,ENE,NE,NNE,W,85.0,96,84,79,400,31400,"Very High: 30,001-40,000"
5,Panruti,CO_43,clay,125,62.5,dry,100,5,200,10,135.65,51.9,75,3000,18.5,21.5,185.2,272.8,165.3,251.7,60.0,65.0,20.0,35,18.0,30,17.5,33.5,18.0,33.0,4,12,4,12,ENE,NE,NNE,W,85.0,96,84,79,450,30540,"Very High: 30,001-40,000"
5,Cuddalore,ponmani,clay,125,62.5,dry,100,5,200,10,135.65,51.9,75,3000,19.6,20.4,187.2,270.8,167.0,250.0,61.0,64.0,18.5,34,16.0,30,15.5,31.0,16.0,33.0,4,10,8,10,SW,W,NNW,WSW,72.0,78,88,85,500,30805,"Very High: 30,001-40,000"
5,Cuddalore,CO_43,clay,125,62.5,dry,100,5,200,10,135.65,51.9,75,3000,19.6,20.4,187.2,270.8,167.0,250.0,61.0,64.0,18.5,34,16.0,30,15.5,31.0,16.0,33.0,4,10,8,10,SW,W,NNW,WSW,72.0,78,88,85,450,31535,"Very High: 30,001-40,000"
5,Cuddalore,delux ponni,alluvial,125,62.5,dry,100,5,200,10,135.65,51.9,75,3000,19.6,20.4,187.2,270.8,167.0,250.0,61.0,64.0,18.5,34,16.0,30,15.5,31.0,16.0,33.0,4,10,8,10,SW,W,NNW,WSW,72.0,78,88,85,400,30545,"Very High: 30,001-40,000"
5,Cuddalore,CO_43,clay,125,62.5,dry,100,5,200,10,135.65,51.9,75,3000,19.6,20.4,187.2,270.8,167.0,250.0,61.0,64.0,18.5,34,16.0,30,15.5,31.0,16.0,33.0,4,10,8,10,SW,W,NNW,WSW,72.0,78,88,85,450,31920,"Very High: 30,001-40,000"
5,Cuddalore,ponmani,alluvial,125,62.5,dry,100,5,200,10,135.65,51.9,75,3000,19.6,20.4,187.2,270.8,167.0,250.0,61.0,64.0,18.5,34,16.0,30,15.5,31.0,16.0,33.0,4,10,8,10,SW,W,NNW,WSW,72.0,78,88,85,500,31035,"Very High: 30,001-40,000"
5,Kurinjipadi,delux ponni,clay,125,62.5,dry,100,5,200,10,135.65,51.9,75,3000,19.6,20.4,187.2,270.8,167.0,250.0,61.0,64.0,19.5,34,18.5,35,17.0,32.5,16.0,30.5,10,4,10,6,NW,S,SE,SSE,64.6,85,84,87,400,30805,"Very High: 30,001-40,000"
5,Kurinjipadi,CO_43,alluvial,125,62.5,dry,100,5,200,10,135.65,51.9,75,3000,19.6,20.4,187.2,270.8,167.0,250.0,61.0,64.0,19.5,34,18.5,35,17.0,32.5,16.0,30.5,10,4,10,6,NW,S,SE,SSE,64.6,85,84,87,450,30285,"Very High: 30,001-40,000"
5,Kurinjipadi,ponmani,clay,125,62.5,dry,100,5,200,10,135.65,51.9,75,3000,19.6,20.4,187.2,270.8,167.0,250.0,61.0,64.0,19.5,34,18.5,35,17.0,32.5,16.0,30.5,10,4,10,6,NW,S,SE,SSE,64.6,85,84,87,500,30855,"Very High: 30,001-40,000"
5,Kurinjipadi,ponmani,clay,125,62.5,dry,100,5,200,10,135.65,51.9,75,3000,19.6,20.4,187.2,270.8,167.0,250.0,61.0,64.0,19.5,34,18.5,35,17.0,32.5,16.0,30.5,10,4,10,6,NW,S,SE,SSE,64.6,85,84,87,500,30610,"Very High: 30,001-40,000"
5,Kurinjipadi,delux ponni,alluvial,125,62.5,dry,100,5,200,10,135.65,51.9,75,3000,19.6,20.4,187.2,270.8,167.0,250.0,61.0,64.0,19.5,34,18.5,35,17.0,32.5,16.0,30.5,10,4,10,6,NW,S,SE,SSE,64.6,85,84,87,400,30075,"Very High: 30,001-40,000"
5,Kurinjipadi,CO_43,clay,125,62.5,dry,100,5,200,10,135.65,51.9,75,3000,19.6,20.4,187.2,270.8,167.0,250.0,61.0,64.0,19.5,34,18.5,35,17.0,32.5,16.0,30.5,10,4,10,6,NW,S,SE,SSE,64.6,85,84,87,450,31065,"Very High: 30,001-40,000"
5,Kurinjipadi,delux ponni,clay,125,62.5,dry,100,5,200,10,135.65,51.9,75,3000,19.6,20.4,187.2,270.8,167.0,250.0,61.0,64.0,19.5,34,18.5,35,17.0,32.5,16.0,30.5,10,4,10,6,NW,S,SE,SSE,64.6,85,84,87,400,31810,"Very High: 30,001-40,000"
5,Sankarapuram,CO_43,clay,125,62.5,wet,100,5,200,10,135.65,51.9,75,3000,18.1,21.9,185.6,272.4,166.1,250.9,60.2,64.8,20.5,32,17.5,28,18.0,34.0,16.5,35.0,10,12,10,12,SSE,W,SW,NW,72.7,91,83,81,450,30755,"Very High: 30,001-40,000"
5,Sankarapuram,delux ponni,alluvial,125,62.5,wet,100,5,200,10,135.65,51.9,75,3000,18.1,21.9,185.6,272.4,166.1,250.9,60.2,64.8,20.5,32,17.5,28,18.0,34.0,16.5,35.0,10,12,10,12,SSE,W,SW,NW,72.7,91,83,81,400,31815,"Very High: 30,001-40,000"
5,Sankarapuram,ponmani,clay,125,62.5,wet,100,5,200,10,135.65,51.9,75,3000,18.1,21.9,185.6,272.4,166.1,250.9,60.2,64.8,20.5,32,17.5,28,18.0,34.0,16.5,35.0,10,12,10,12,SSE,W,SW,NW,72.7,91,83,81,500,31045,"Very High: 30,001-40,000"
5,Sankarapuram,ponmani,alluvial,125,62.5,wet,100,5,200,10,135.65,51.9,75,3000,18.1,21.9,185.6,272.4,166.1,250.9,60.2,64.8,20.5,32,17.5,28,18.0,34.0,16.5,35.0,10,12,10,12,SSE,W,SW,NW,72.7,91,83,81,500,32155,"Very High: 30,001-40,000"
5,Sankarapuram,ponmani,clay,125,62.5,wet,100,5,200,10,135.65,51.9,75,3000,18.1,21.9,185.6,272.4,166.1,250.9,60.2,64.8,20.5,32,17.5,28,18.0,34.0,16.5,35.0,10,12,10,12,SSE,W,SW,NW,72.7,91,83,81,500,31400,"Very High: 30,001-40,000"
5,Sankarapuram,ponmani,clay,125,62.5,wet,100,5,200,10,135.65,51.9,75,3000,18.1,21.9,185.6,272.4,166.1,250.9,60.2,64.8,20.5,32,17.5,28,18.0,34.0,16.5,35.0,10,12,10,12,SSE,W,SW,NW,72.7,91,83,81,500,31555,"Very High: 30,001-40,000"
5,Sankarapuram,ponmani,clay,125,62.5,wet,100,5,200,10,135.65,51.9,75,3000,18.1,21.9,185.6,272.4,166.1,250.9,60.2,64.8,20.5,32,17.5,28,18.0,34.0,16.5,35.0,10,12,10,12,SSE,W,SW,NW,72.7,91,83,81,500,30250,"Very High: 30,001-40,000"
5,Sankarapuram,delux ponni,alluvial,125,62.5,wet,100,5,200,10,135.65,51.9,75,3000,18.1,21.9,185.6,272.4,166.1,250.9,60.2,64.8,20.5,32,17.5,28,18.0,34.0,16.5,35.0,10,12,10,12,SSE,W,SW,NW,72.7,91,83,81,400,31605,"Very High: 30,001-40,000"
5,Sankarapuram,ponmani,clay,125,62.5,dry,100,5,200,10,135.65,51.9,75,3000,18.1,21.9,185.6,272.4,166.1,250.9,60.2,64.8,20.5,32,17.5,28,18.0,34.0,16.5,35.0,10,12,10,12,SSE,W,SW,NW,72.7,91,83,81,500,32080,"Very High: 30,001-40,000"
5,Sankarapuram,delux ponni,alluvial,125,62.5,dry,100,5,200,10,135.65,51.9,75,3000,18.1,21.9,185.6,272.4,166.1,250.9,60.2,64.8,20.5,32,17.5,28,18.0,34.0,16.5,35.0,10,12,10,12,SSE,W,SW,NW,72.7,91,83,81,400,30885,"Very High: 30,001-40,000"
5,Sankarapuram,CO_43,clay,125,62.5,dry,100,5,200,10,135.65,51.9,75,3000,18.1,21.9,185.6,272.4,166.1,250.9,60.2,64.8,20.5,32,17.5,28,18.0,34.0,16.5,35.0,10,12,10,12,SSE,W,SW,NW,72.7,91,83,81,450,30945,"Very High: 30,001-40,000"
5,Sankarapuram,delux ponni,alluvial,125,62.5,dry,100,5,200,10,135.65,51.9,75,3000,18.1,21.9,185.6,272.4,166.1,250.9,60.2,64.8,20.5,32,17.5,28,18.0,34.0,16.5,35.0,10,12,10,12,SSE,W,SW,NW,72.7,91,83,81,400,30460,"Very High: 30,001-40,000"
5,Sankarapuram,delux ponni,alluvial,125,62.5,dry,100,5,200,10,135.65,51.9,75,3000,18.1,21.9,185.6,272.4,166.1,250.9,60.2,64.8,20.5,32,17.5,28,18.0,34.0,16.5,35.0,10,12,10,12,SSE,W,SW,NW,72.7,91,83,81,400,31780,"Very High: 30,001-40,000"
5,Sankarapuram,CO_43,clay,125,62.5,dry,100,5,200,10,135.65,51.9,75,3000,18.1,21.9,185.6,272.4,166.1,250.9,60.2,64.8,20.5,32,17.5,28,18.0,34.0,16.5,35.0,10,12,10,12,SSE,W,SW,NW,72.7,91,83,81,450,30575,"Very High: 30,001-40,000"
5,Sankarapuram,ponmani,alluvial,125,62.5,dry,100,5,200,10,135.65,51.9,75,3000,18.1,21.9,185.6,272.4,166.1,250.9,60.2,64.8,20.5,32,17.5,28,18.0,34.0,16.5,35.0,10,12,10,12,SSE,W,SW,NW,72.7,91,83,81,500,30355,"Very High: 30,001-40,000"
5,Cuddalore,delux ponni,alluvial,125,62.5,dry,100,5,200,10,135.65,51.9,75,3000,19.6,20.4,187.2,270.8,167.0,250.0,61.0,64.0,18.5,34,16.0,30,15.5,31.0,16.0,33.0,4,10,8,10,SW,W,NNW,WSW,72.0,78,88,85,400,30540,"Very High: 30,001-40,000"
5,Kurinjipadi,CO_43,alluvial,125,62.5,dry,100,5,200,10,135.65,51.9,75,3000,19.6,20.4,187.2,270.8,167.0,250.0,61.0,64.0,19.5,34,18.5,35,17.0,32.5,16.0,30.5,10,4,10,6,NW,S,SE,SSE,64.6,85,84,87,450,31535,"Very High: 30,001-40,000"
5,Panruti,ponmani,alluvial,125,62.5,dry,100,5,200,10,135.65,51.9,75,3000,18.5,21.5,185.2,272.8,165.3,251.7,60.0,65.0,20.0,35,18.0,30,17.5,33.5,18.0,33.0,4,12,4,12,ENE,NE,NNE,W,85.0,96,84,79,500,30545,"Very High: 30,001-40,000"
5,Kallakurichi,delux ponni,clay,125,62.5,wet,100,5,200,10,135.65,51.9,75,3000,18.5,21.5,185.2,272.8,165.3,251.7,60.0,65.0,19.0,33,17.0,32,16.5,31.5,15.5,32.5,8,6,8,6,W,WNW,SE,S,88.5,95,81,84,400,31625,"Very High: 30,001-40,000"
5,Sankarapuram,CO_43,alluvial,125,62.5,wet,100,5,200,10,135.65,51.9,75,3000,18.1,21.9,185.6,272.4,166.1,250.9,60.2,64.8,20.5,32,17.5,28,18.0,34.0,16.5,35.0,10,12,10,12,SSE,W,SW,NW,72.7,91,83,81,450,32345,"Very High: 30,001-40,000"
5,Chinnasalem,delux ponni,clay,125,62.5,wet,100,5,200,10,135.65,51.9,75,3000,18.1,21.9,185.6,272.4,166.1,250.9,60.2,64.8,18.0,31,15.5,34,15.0,33.0,15.0,31.5,6,6,8,10,E,ENE,NE,NNW,78.6,80,92,88,400,31400,"Very High: 30,001-40,000"
5,Kurinjipadi,CO_43,alluvial,125,62.5,wet,100,5,200,10,135.65,51.9,75,3000,19.6,20.4,187.2,270.8,167.0,250.0,61.0,64.0,19.5,34,18.5,35,17.0,32.5,16.0,30.5,10,4,10,6,NW,S,SE,SSE,64.6,85,84,87,450,31535,"Very High: 30,001-40,000"
5,Panruti,ponmani,clay,125,62.5,wet,100,5,200,10,135.65,51.9,75,3000,18.5,21.5,185.2,272.8,165.3,251.7,60.0,65.0,20.0,35,18.0,30,17.5,33.5,18.0,33.0,4,12,4,12,ENE,NE,NNE,W,85.0,96,84,79,500,31555,"Very High: 30,001-40,000"
5,Kallakurichi,delux ponni,clay,125,62.5,wet,100,5,200,10,135.65,51.9,75,3000,18.5,21.5,185.2,272.8,165.3,251.7,60.0,65.0,19.0,33,17.0,32,16.5,31.5,15.5,32.5,8,6,8,6,W,WNW,SE,S,88.5,95,81,84,400,31035,"Very High: 30,001-40,000"
5,Sankarapuram,CO_43,clay,125,62.5,wet,100,5,200,10,135.65,51.9,75,3000,18.1,21.9,185.6,272.4,166.1,250.9,60.2,64.8,20.5,32,17.5,28,18.0,34.0,16.5,35.0,10,12,10,12,SSE,W,SW,NW,72.7,91,83,81,450,32050,"Very High: 30,001-40,000"
5,Chinnasalem,ponmani,alluvial,125,62.5,wet,100,5,200,10,135.65,51.9,75,3000,18.1,21.9,185.6,272.4,166.1,250.9,60.2,64.8,18.0,31,15.5,34,15.0,33.0,15.0,31.5,6,6,8,10,E,ENE,NE,NNW,78.6,80,92,88,500,30250,"Very High: 30,001-40,000"
5,Kurinjipadi,CO_43,alluvial,125,62.5,wet,100,5,200,10,135.65,51.9,75,3000,19.6,20.4,187.2,270.8,167.0,250.0,61.0,64.0,19.5,34,18.5,35,17.0,32.5,16.0,30.5,10,4,10,6,NW,S,SE,SSE,64.6,85,84,87,450,31815,"Very High: 30,001-40,000"
5,Panruti,delux ponni,clay,125,62.5,wet,100,5,200,10,135.65,51.9,75,3000,18.5,21.5,185.2,272.8,165.3,251.7,60.0,65.0,20.0,35,18.0,30,17.5,33.5,18.0,33.0,4,12,4,12,ENE,NE,NNE,W,85.0,96,84,79,400,31045,"Very High: 30,001-40,000"
5,Kallakurichi,ponmani,alluvial,125,62.5,dry,100,5,200,10,135.65,51.9,75,3000,18.5,21.5,185.2,272.8,165.3,251.7,60.0,65.0,19.0,33,17.0,32,16.5,31.5,15.5,32.5,8,6,8,6,W,WNW,SE,S,88.5,95,81,84,500,31555,"Very High: 30,001-40,000"
5,Chinnasalem,ponmani,alluvial,125,62.5,dry,100,5,200,10,135.65,51.9,75,3000,18.1,21.9,185.6,272.4,166.1,250.9,60.2,64.8,18.0,31,15.5,34,15.0,33.0,15.0,31.5,6,6,8,10,E,ENE,NE,NNW,78.6,80,92,88,500,31135,"Very High: 30,001-40,000"
5,Cuddalore,delux ponni,alluvial,125,62.5,dry,100,5,200,10,135.65,51.9,75,3000,19.6,20.4,187.2,270.8,167.0,250.0,61.0,64.0,18.5,34,16.0,30,15.5,31.0,16.0,33.0,4,10,8,10,SW,W,NNW,WSW,72.0,78,88,85,400,31625,"Very High: 30,001-40,000"
5,Kurinjipadi,CO_43,clay,125,62.5,dry,100,5,200,10,135.65,51.9,75,3000,19.6,20.4,187.2,270.8,167.0,250.0,61.0,64.0,19.5,34,18.5,35,17.0,32.5,16.0,30.5,10,4,10,6,NW,S,SE,SSE,64.6,85,84,87,450,32345,"Very High: 30,001-40,000"
5,Panruti,ponmani,clay,125,62.5,dry,100,5,200,10,135.65,51.9,75,3000,18.5,21.5,185.2,272.8,165.3,251.7,60.0,65.0,20.0,35,18.0,30,17.5,33.5,18.0,33.0,4,12,4,12,ENE,NE,NNE,W,85.0,96,84,79,500,31400,"Very High: 30,001-40,000"
5,Kallakurichi,delux ponni,alluvial,125,62.5,dry,100,5,200,10,135.65,51.9,75,3000,18.5,21.5,185.2,272.8,165.3,251.7,60.0,65.0,19.0,33,17.0,32,16.5,31.5,15.5,32.5,8,6,8,6,W,WNW,SE,S,88.5,95,81,84,400,30905,"Very High: 30,001-40,000"
5,Sankarapuram,CO_43,clay,125,62.5,dry,100,5,200,10,135.65,51.9,75,3000,18.1,21.9,185.6,272.4,166.1,250.9,60.2,64.8,20.5,32,17.5,28,18.0,34.0,16.5,35.0,10,12,10,12,SSE,W,SW,NW,72.7,91,83,81,450,31535,"Very High: 30,001-40,000"
5,Chinnasalem,delux ponni,alluvial,125,62.5,dry,100,5,200,10,135.65,51.9,75,3000,18.1,21.9,185.6,272.4,166.1,250.9,60.2,64.8,18.0,31,15.5,34,15.0,33.0,15.0,31.5,6,6,8,10,E,ENE,NE,NNW,78.6,80,92,88,400,31555,"Very High: 30,001-40,000"
5,Kurinjipadi,ponmani,clay,125,62.5,dry,100,5,200,10,135.65,51.9,75,3000,19.6,20.4,187.2,270.8,167.0,250.0,61.0,64.0,19.5,34,18.5,35,17.0,32.5,16.0,30.5,10,4,10,6,NW,S,SE,SSE,64.6,85,84,87,500,32050,"Very High: 30,001-40,000"
5,Sankarapuram,CO_43,alluvial,125,62.5,dry,100,5,200,10,135.65,51.9,75,3000,18.1,21.9,185.6,272.4,166.1,250.9,60.2,64.8,20.5,32,17.5,28,18.0,34.0,16.5,35.0,10,12,10,12,SSE,W,SW,NW,72.7,91,83,81,450,31815,"Very High: 30,001-40,000"
5,Chinnasalem,ponmani,clay,125,62.5,dry,100,5,200,10,135.65,51.9,75,3000,18.1,21.9,185.6,272.4,166.1,250.9,60.2,64.8,18.0,31,15.5,34,15.0,33.0,15.0,31.5,6,6,8,10,E,ENE,NE,NNW,78.6,80,92,88,500,31045,"Very High: 30,001-40,000"
5,Cuddalore,ponmani,alluvial,125,62.5,dry,100,5,200,10,135.65,51.9,75,3000,19.6,20.4,187.2,270.8,167.0,250.0,61.0,64.0,18.5,34,16.0,30,15.5,31.0,16.0,33.0,4,10,8,10,SW,W,NNW,WSW,72.0,78,88,85,500,31555,"Very High: 30,001-40,000"
5,Panruti,delux ponni,clay,125,62.5,dry,100,5,200,10,135.65,51.9,75,3000,18.5,21.5,185.2,272.8,165.3,251.7,60.0,65.0,20.0,35,18.0,30,17.5,33.5,18.0,33.0,4,12,4,12,ENE,NE,NNE,W,85.0,96,84,79,400,31135,"Very High: 30,001-40,000"
5,Kallakurichi,delux ponni,alluvial,125,62.5,dry,100,5,200,10,135.65,51.9,75,3000,18.5,21.5,185.2,272.8,165.3,251.7,60.0,65.0,19.0,33,17.0,32,16.5,31.5,15.5,32.5,8,6,8,6,W,WNW,SE,S,88.5,95,81,84,400,31625,"Very High: 30,001-40,000"
5,Sankarapuram,delux ponni,clay,125,62.5,dry,100,5,200,10,135.65,51.9,75,3000,18.1,21.9,185.6,272.4,166.1,250.9,60.2,64.8,20.5,32,17.5,28,18.0,34.0,16.5,35.0,10,12,10,12,SSE,W,SW,NW,72.7,91,83,81,400,32345,"Very High: 30,001-40,000"
5,Chinnasalem,ponmani,alluvial,125,62.5,dry,100,5,200,10,135.65,51.9,75,3000,18.1,21.9,185.6,272.4,166.1,250.9,60.2,64.8,18.0,31,15.5,34,15.0,33.0,15.0,31.5,6,6,8,10,E,ENE,NE,NNW,78.6,80,92,88,500,31400,"Very High: 30,001-40,000"
5,Panruti,delux ponni,clay,125,62.5,dry,100,5,200,10,135.65,51.9,75,3000,18.5,21.5,185.2,272.8,165.3,251.7,60.0,65.0,20.0,35,18.0,30,17.5,33.5,18.0,33.0,4,12,4,12,ENE,NE,NNE,W,85.0,96,84,79,400,31555,"Very High: 30,001-40,000"
5,Kallakurichi,delux ponni,clay,125,62.5,dry,100,5,200,10,135.65,51.9,75,3000,18.5,21.5,185.2,272.8,165.3,251.7,60.0,65.0,19.0,33,17.0,32,16.5,31.5,15.5,32.5,8,6,8,6,W,WNW,SE,S,88.5,95,81,84,400,31035,"Very High: 30,001-40,000"
5,Sankarapuram,CO_43,clay,125,62.5,dry,100,5,200,10,135.65,51.9,75,3000,18.1,21.9,185.6,272.4,166.1,250.9,60.2,64.8,20.5,32,17.5,28,18.0,34.0,16.5,35.0,10,12,10,12,SSE,W,SW,NW,72.7,91,83,81,450,32050,"Very High: 30,001-40,000"
5,Chinnasalem,ponmani,clay,125,62.5,dry,100,5,200,10,135.65,51.9,75,3000,18.1,21.9,185.6,272.4,166.1,250.9,60.2,64.8,18.0,31,15.5,34,15.0,33.0,15.0,31.5,6,6,8,10,E,ENE,NE,NNW,78.6,80,92,88,500,30250,"Very High: 30,001-40,000"
5,Kurinjipadi,CO_43,clay,125,62.5,dry,100,5,200,10,135.65,51.9,75,3000,19.6,20.4,187.2,270.8,167.0,250.0,61.0,64.0,19.5,34,18.5,35,17.0,32.5,16.0,30.5,10,4,10,6,NW,S,SE,SSE,64.6,85,84,87,450,31815,"Very High: 30,001-40,000"
5,Panruti,ponmani,clay,125,62.5,wet,100,5,200,10,135.65,51.9,75,3000,18.5,21.5,185.2,272.8,165.3,251.7,60.0,65.0,20.0,35,18.0,30,17.5,33.5,18.0,33.0,4,12,4,12,ENE,NE,NNE,W,85.0,96,84,79,500,31045,"Very High: 30,001-40,000"
5,Sankarapuram,CO_43,clay,125,62.5,wet,100,5,200,10,135.65,51.9,75,3000,18.1,21.9,185.6,272.4,166.1,250.9,60.2,64.8,20.5,32,17.5,28,18.0,34.0,16.5,35.0,10,12,10,12,SSE,W,SW,NW,72.7,91,83,81,450,30575,"Very High: 30,001-40,000"
5,Chinnasalem,delux ponni,clay,125,62.5,wet,100,5,200,10,135.65,51.9,75,3000,18.1,21.9,185.6,272.4,166.1,250.9,60.2,64.8,18.0,31,15.5,34,15.0,33.0,15.0,31.5,6,6,8,10,E,ENE,NE,NNW,78.6,80,92,88,400,31135,"Very High: 30,001-40,000"
5,Cuddalore,ponmani,alluvial,125,62.5,wet,100,5,200,10,135.65,51.9,75,3000,19.6,20.4,187.2,270.8,167.0,250.0,61.0,64.0,18.5,34,16.0,30,15.5,31.0,16.0,33.0,4,10,8,10,SW,W,NNW,WSW,72.0,78,88,85,500,31625,"Very High: 30,001-40,000"
5,Kurinjipadi,CO_43,clay,125,62.5,wet,100,5,200,10,135.65,51.9,75,3000,19.6,20.4,187.2,270.8,167.0,250.0,61.0,64.0,19.5,34,18.5,35,17.0,32.5,16.0,30.5,10,4,10,6,NW,S,SE,SSE,64.6,85,84,87,450,32345,"Very High: 30,001-40,000"
5,Panruti,ponmani,clay,125,62.5,wet,100,5,200,10,135.65,51.9,75,3000,18.5,21.5,185.2,272.8,165.3,251.7,60.0,65.0,20.0,35,18.0,30,17.5,33.5,18.0,33.0,4,12,4,12,ENE,NE,NNE,W,85.0,96,84,79,500,31400,"Very High: 30,001-40,000"
5,Kallakurichi,delux ponni,clay,125,62.5,wet,100,5,200,10,135.65,51.9,75,3000,18.5,21.5,185.2,272.8,165.3,251.7,60.0,65.0,19.0,33,17.0,32,16.5,31.5,15.5,32.5,8,6,8,6,W,WNW,SE,S,88.5,95,81,84,400,30905,"Very High: 30,001-40,000"
5,Sankarapuram,CO_43,alluvial,125,62.5,wet,100,5,200,10,135.65,51.9,75,3000,18.1,21.9,185.6,272.4,166.1,250.9,60.2,64.8,20.5,32,17.5,28,18.0,34.0,16.5,35.0,10,12,10,12,SSE,W,SW,NW,72.7,91,83,81,450,31535,"Very High: 30,001-40,000"
5,Chinnasalem,ponmani,clay,125,62.5,wet,100,5,200,10,135.65,51.9,75,3000,18.1,21.9,185.6,272.4,166.1,250.9,60.2,64.8,18.0,31,15.5,34,15.0,33.0,15.0,31.5,6,6,8,10,E,ENE,NE,NNW,78.6,80,92,88,500,31555,"Very High: 30,001-40,000"
5,Kurinjipadi,CO_43,alluvial,125,62.5,wet,100,5,200,10,135.65,51.9,75,3000,19.6,20.4,187.2,270.8,167.0,250.0,61.0,64.0,19.5,34,18.5,35,17.0,32.5,16.0,30.5,10,4,10,6,NW,S,SE,SSE,64.6,85,84,87,450,32050,"Very High: 30,001-40,000"
5,Panruti,delux ponni,alluvial,125,62.5,wet,100,5,200,10,135.65,51.9,75,3000,18.5,21.5,185.2,272.8,165.3,251.7,60.0,65.0,20.0,35,18.0,30,17.5,33.5,18.0,33.0,4,12,4,12,ENE,NE,NNE,W,85.0,96,84,79,400,30250,"Very High: 30,001-40,000"
5,Chinnasalem,ponmani,alluvial,125,62.5,dry,100,5,200,10,135.65,51.9,75,3000,18.1,21.9,185.6,272.4,166.1,250.9,60.2,64.8,18.0,31,15.5,34,15.0,33.0,15.0,31.5,6,6,8,10,E,ENE,NE,NNW,78.6,80,92,88,500,31045,"Very High: 30,001-40,000"
5,Cuddalore,delux ponni,alluvial,125,62.5,dry,100,5,200,10,135.65,51.9,75,3000,19.6,20.4,187.2,270.8,167.0,250.0,61.0,64.0,18.5,34,16.0,30,15.5,31.0,16.0,33.0,4,10,8,10,SW,W,NNW,WSW,72.0,78,88,85,400,31555,"Very High: 30,001-40,000"
5,Kurinjipadi,CO_43,alluvial,125,62.5,dry,100,5,200,10,135.65,51.9,75,3000,19.6,20.4,187.2,270.8,167.0,250.0,61.0,64.0,19.5,34,18.5,35,17.0,32.5,16.0,30.5,10,4,10,6,NW,S,SE,SSE,64.6,85,84,87,450,30575,"Very High: 30,001-40,000"
5,Sankarapuram,CO_43,clay,125,62.5,dry,100,5,200,10,135.65,51.9,75,3000,18.1,21.9,185.6,272.4,166.1,250.9,60.2,64.8,20.5,32,17.5,28,18.0,34.0,16.5,35.0,10,12,10,12,SSE,W,SW,NW,72.7,91,83,81,450,32345,"Very High: 30,001-40,000"
5,Chinnasalem,delux ponni,clay,125,62.5,dry,100,5,200,10,135.65,51.9,75,3000,18.1,21.9,185.6,272.4,166.1,250.9,60.2,64.8,18.0,31,15.5,34,15.0,33.0,15.0,31.5,6,6,8,10,E,ENE,NE,NNW,78.6,80,92,88,400,31400,"Very High: 30,001-40,000"
5,Cuddalore,ponmani,clay,125,62.5,dry,100,5,200,10,135.65,51.9,75,3000,19.6,20.4,187.2,270.8,167.0,250.0,61.0,64.0,18.5,34,16.0,30,15.5,31.0,16.0,33.0,4,10,8,10,SW,W,NNW,WSW,72.0,78,88,85,500,30905,"Very High: 30,001-40,000"
5,Kurinjipadi,ponmani,clay,125,62.5,dry,100,5,200,10,135.65,51.9,75,3000,19.6,20.4,187.2,270.8,167.0,250.0,61.0,64.0,19.5,34,18.5,35,17.0,32.5,16.0,30.5,10,4,10,6,NW,S,SE,SSE,64.6,85,84,87,500,31535,"Very High: 30,001-40,000"
5,Panruti,ponmani,clay,125,62.5,dry,100,5,200,10,135.65,51.9,75,3000,18.5,21.5,185.2,272.8,165.3,251.7,60.0,65.0,20.0,35,18.0,30,17.5,33.5,18.0,33.0,4,12,4,12,ENE,NE,NNE,W,85.0,96,84,79,500,31555,"Very High: 30,001-40,000"
5,Sankarapuram,CO_43,alluvial,125,62.5,dry,100,5,200,10,135.65,51.9,75,3000,18.1,21.9,185.6,272.4,166.1,250.9,60.2,64.8,20.5,32,17.5,28,18.0,34.0,16.5,35.0,10,12,10,12,SSE,W,SW,NW,72.7,91,83,81,450,32050,"Very High: 30,001-40,000"
5,Chinnasalem,ponmani,alluvial,125,62.5,dry,100,5,200,10,135.65,51.9,75,3000,18.1,21.9,185.6,272.4,166.1,250.9,60.2,64.8,18.0,31,15.5,34,15.0,33.0,15.0,31.5,6,6,8,10,E,ENE,NE,NNW,78.6,80,92,88,500,30250,"Very High: 30,001-40,000"
5,Cuddalore,ponmani,alluvial,125,62.5,dry,100,5,200,10,135.65,51.9,75,3000,19.6,20.4,187.2,270.8,167.0,250.0,61.0,64.0,18.5,34,16.0,30,15.5,31.0,16.0,33.0,4,10,8,10,SW,W,NNW,WSW,72.0,78,88,85,500,31135,"Very High: 30,001-40,000"
5,Kurinjipadi,ponmani,alluvial,125,62.5,dry,100,5,200,10,135.65,51.9,75,3000,19.6,20.4,187.2,270.8,167.0,250.0,61.0,64.0,19.5,34,18.5,35,17.0,32.5,16.0,30.5,10,4,10,6,NW,S,SE,SSE,64.6,85,84,87,500,31815,"Very High: 30,001-40,000"
5,Kurinjipadi,CO_43,clay,125,62.5,dry,100,5,200,10,135.65,51.9,75,3000,19.6,20.4,187.2,270.8,167.0,250.0,61.0,64.0,19.5,34,18.5,35,17.0,32.5,16.0,30.5,10,4,10,6,NW,S,SE,SSE,64.6,85,84,87,450,32085,"Very High: 30,001-40,000"
5,Kallakurichi,delux ponni,clay,125,62.5,wet,100,5,200,10,135.65,51.9,75,3000,18.5,21.5,185.2,272.8,165.3,251.7,60.0,65.0,19.0,33,17.0,32,16.5,31.5,15.5,32.5,8,6,8,6,W,WNW,SE,S,88.5,95,81,84,400,31555,"Very High: 30,001-40,000"
5,Sankarapuram,CO_43,clay,125,62.5,dry,100,5,200,10,135.65,51.9,75,3000,18.1,21.9,185.6,272.4,166.1,250.9,60.2,64.8,20.5,32,17.5,28,18.0,34.0,16.5,35.0,10,12,10,12,SSE,W,SW,NW,72.7,91,83,81,450,30405,"Very High: 30,001-40,000"
5,Chinnasalem,ponmani,clay,125,62.5,wet,100,5,200,10,135.65,51.9,75,3000,18.1,21.9,185.6,272.4,166.1,250.9,60.2,64.8,18.0,31,15.5,34,15.0,33.0,15.0,31.5,6,6,8,10,E,ENE,NE,NNW,78.6,80,92,88,500,31420,"Very High: 30,001-40,000"
5,Cuddalore,delux ponni,clay,125,62.5,dry,100,5,200,10,135.65,51.9,75,3000,19.6,20.4,187.2,270.8,167.0,250.0,61.0,64.0,18.5,34,16.0,30,15.5,31.0,16.0,33.0,4,10,8,10,SW,W,NNW,WSW,72.0,78,88,85,400,30965,"Very High: 30,001-40,000"
5,Kurinjipadi,CO_43,alluvial,125,62.5,wet,100,5,200,10,135.65,51.9,75,3000,19.6,20.4,187.2,270.8,167.0,250.0,61.0,64.0,19.5,34,18.5,35,17.0,32.5,16.0,30.5,10,4,10,6,NW,S,SE,SSE,64.6,85,84,87,450,31140,"Very High: 30,001-40,000"
5,Panruti,ponmani,clay,125,62.5,wet,100,5,200,10,135.65,51.9,75,3000,18.5,21.5,185.2,272.8,165.3,251.7,60.0,65.0,20.0,35,18.0,30,17.5,33.5,18.0,33.0,4,12,4,12,ENE,NE,NNE,W,85.0,96,84,79,500,27600,"High: 20,001-30,000"
5,Kallakurichi,delux ponni,alluvial,125,62.5,dry,100,5,200,10,135.65,51.9,75,3000,18.5,21.5,185.2,272.8,165.3,251.7,60.0,65.0,19.0,33,17.0,32,16.5,31.5,15.5,32.5,8,6,8,6,W,WNW,SE,S,88.5,95,81,84,400,30250,"Very High: 30,001-40,000"
5,Sankarapuram,CO_43,clay,125,62.5,dry,100,5,200,10,135.65,51.9,75,3000,18.1,21.9,185.6,272.4,166.1,250.9,60.2,64.8,20.5,32,17.5,28,18.0,34.0,16.5,35.0,10,12,10,12,SSE,W,SW,NW,72.7,91,83,81,450,30610,"Very High: 30,001-40,000"
5,Chinnasalem,delux ponni,alluvial,125,62.5,dry,100,5,200,10,135.65,51.9,75,3000,18.1,21.9,185.6,272.4,166.1,250.9,60.2,64.8,18.0,31,15.5,34,15.0,33.0,15.0,31.5,6,6,8,10,E,ENE,NE,NNW,78.6,80,92,88,400,30575,"Very High: 30,001-40,000"
5,Cuddalore,ponmani,alluvial,125,62.5,wet,100,5,200,10,135.65,51.9,75,3000,19.6,20.4,187.2,270.8,167.0,250.0,61.0,64.0,18.5,34,16.0,30,15.5,31.0,16.0,33.0,4,10,8,10,SW,W,NNW,WSW,72.0,78,88,85,500,30075,"Very High: 30,001-40,000"
5,Kurinjipadi,CO_43,clay,125,62.5,wet,100,5,200,10,135.65,51.9,75,3000,19.6,20.4,187.2,270.8,167.0,250.0,61.0,64.0,19.5,34,18.5,35,17.0,32.5,16.0,30.5,10,4,10,6,NW,S,SE,SSE,64.6,85,84,87,450,31605,"Very High: 30,001-40,000"
5,Panruti,ponmani,alluvial,125,62.5,wet,100,5,200,10,135.65,51.9,75,3000,18.5,21.5,185.2,272.8,165.3,251.7,60.0,65.0,20.0,35,18.0,30,17.5,33.5,18.0,33.0,4,12,4,12,ENE,NE,NNE,W,85.0,96,84,79,500,31065,"Very High: 30,001-40,000"
5,Kallakurichi,delux ponni,clay,125,62.5,wet,100,5,200,10,135.65,51.9,75,3000,18.5,21.5,185.2,272.8,165.3,251.7,60.0,65.0,19.0,33,17.0,32,16.5,31.5,15.5,32.5,8,6,8,6,W,WNW,SE,S,88.5,95,81,84,400,31135,"Very High: 30,001-40,000"
5,Sankarapuram,CO_43,alluvial,125,62.5,wet,100,5,200,10,135.65,51.9,75,3000,18.1,21.9,185.6,272.4,166.1,250.9,60.2,64.8,20.5,32,17.5,28,18.0,34.0,16.5,35.0,10,12,10,12,SSE,W,SW,NW,72.7,91,83,81,450,32080,"Very High: 30,001-40,000"
5,Cuddalore,delux ponni,alluvial,125,62.5,dry,100,5,200,10,135.65,51.9,75,3000,19.6,20.4,187.2,270.8,167.0,250.0,61.0,64.0,18.5,34,16.0,30,15.5,31.0,16.0,33.0,4,10,8,10,SW,W,NNW,WSW,72.0,78,88,85,400,31810,"Very High: 30,001-40,000"
5,Kurinjipadi,CO_43,clay,125,62.5,dry,100,5,200,10,135.65,51.9,75,3000,19.6,20.4,187.2,270.8,167.0,250.0,61.0,64.0,19.5,34,18.5,35,17.0,32.5,16.0,30.5,10,4,10,6,NW,S,SE,SSE,64.6,85,84,87,450,30885,"Very High: 30,001-40,000"
5,Panruti,delux ponni,clay,125,62.5,dry,100,5,200,10,135.65,51.9,75,3000,18.5,21.5,185.2,272.8,165.3,251.7,60.0,65.0,20.0,35,18.0,30,17.5,33.5,18.0,33.0,4,12,4,12,ENE,NE,NNE,W,85.0,96,84,79,400,31430,"Very High: 30,001-40,000"
5,Kallakurichi,ponmani,alluvial,125,62.5,dry,100,5,200,10,135.65,51.9,75,3000,18.5,21.5,185.2,272.8,165.3,251.7,60.0,65.0,19.0,33,17.0,32,16.5,31.5,15.5,32.5,8,6,8,6,W,WNW,SE,S,88.5,95,81,84,500,30755,"Very High: 30,001-40,000"
5,Chinnasalem,ponmani,clay,125,62.5,dry,100,5,200,10,135.65,51.9,75,3000,18.1,21.9,185.6,272.4,166.1,250.9,60.2,64.8,18.0,31,15.5,34,15.0,33.0,15.0,31.5,6,6,8,10,E,ENE,NE,NNW,78.6,80,92,88,500,31815,"Very High: 30,001-40,000"
5,Cuddalore,delux ponni,alluvial,125,62.5,dry,100,5,200,10,135.65,51.9,75,3000,19.6,20.4,187.2,270.8,167.0,250.0,61.0,64.0,18.5,34,16.0,30,15.5,31.0,16.0,33.0,4,10,8,10,SW,W,NNW,WSW,72.0,78,88,85,400,30460,"Very High: 30,001-40,000"
5,Kurinjipadi,CO_43,clay,125,62.5,dry,100,5,200,10,135.65,51.9,75,3000,19.6,20.4,187.2,270.8,167.0,250.0,61.0,64.0,19.5,34,18.5,35,17.0,32.5,16.0,30.5,10,4,10,6,NW,S,SE,SSE,64.6,85,84,87,450,30960,"Very High: 30,001-40,000"
5,Panruti,ponmani,clay,125,62.5,dry,100,5,200,10,135.65,51.9,75,3000,18.5,21.5,185.2,272.8,165.3,251.7,60.0,65.0,20.0,35,18.0,30,17.5,33.5,18.0,33.0,4,12,4,12,ENE,NE,NNE,W,85.0,96,84,79,500,32020,"Very High: 30,001-40,000"
5,Kallakurichi,delux ponni,clay,125,62.5,dry,100,5,200,10,135.65,51.9,75,3000,18.5,21.5,185.2,272.8,165.3,251.7,60.0,65.0,19.0,33,17.0,32,16.5,31.5,15.5,32.5,8,6,8,6,W,WNW,SE,S,88.5,95,81,84,400,32090,"Very High: 30,001-40,000"
5,Sankarapuram,CO_43,clay,125,62.5,dry,100,5,200,10,135.65,51.9,75,3000,18.1,21.9,185.6,272.4,166.1,250.9,60.2,64.8,20.5,32,17.5,28,18.0,34.0,16.5,35.0,10,12,10,12,SSE,W,SW,NW,72.7,91,83,81,450,31780,"Very High: 30,001-40,000"
5,Chinnasalem,delux ponni,alluvial,125,62.5,dry,100,5,200,10,135.65,51.9,75,3000,18.1,21.9,185.6,272.4,166.1,250.9,60.2,64.8,18.0,31,15.5,34,15.0,33.0,15.0,31.5,6,6,8,10,E,ENE,NE,NNW,78.6,80,92,88,400,30795,"Very High: 30,001-40,000"
5,Cuddalore,ponmani,clay,125,62.5,dry,100,5,200,10,135.65,51.9,75,3000,19.6,20.4,187.2,270.8,167.0,250.0,61.0,64.0,18.5,34,16.0,30,15.5,31.0,16.0,33.0,4,10,8,10,SW,W,NNW,WSW,72.0,78,88,85,500,31045,"Very High: 30,001-40,000"
5,Panruti,ponmani,clay,125,62.5,dry,100,5,200,10,135.65,51.9,75,3000,18.5,21.5,185.2,272.8,165.3,251.7,60.0,65.0,20.0,35,18.0,30,17.5,33.5,18.0,33.0,4,12,4,12,ENE,NE,NNE,W,85.0,96,84,79,500,32155,"Very High: 30,001-40,000"
5,Kallakurichi,ponmani,clay,125,62.5,dry,100,5,200,10,135.65,51.9,75,3000,18.5,21.5,185.2,272.8,165.3,251.7,60.0,65.0,19.0,33,17.0,32,16.5,31.5,15.5,32.5,8,6,8,6,W,WNW,SE,S,88.5,95,81,84,500,30355,"Very High: 30,001-40,000"
5,Sankarapuram,CO_43,alluvial,125,62.5,dry,100,5,200,10,135.65,51.9,75,3000,18.1,21.9,185.6,272.4,166.1,250.9,60.2,64.8,20.5,32,17.5,28,18.0,34.0,16.5,35.0,10,12,10,12,SSE,W,SW,NW,72.7,91,83,81,450,31625,"Very High: 30,001-40,000"
5,Chinnasalem,ponmani,clay,125,62.5,dry,100,5,200,10,135.65,51.9,75,3000,18.1,21.9,185.6,272.4,166.1,250.9,60.2,64.8,18.0,31,15.5,34,15.0,33.0,15.0,31.5,6,6,8,10,E,ENE,NE,NNW,78.6,80,92,88,500,32345,"Very High: 30,001-40,000"
5,Cuddalore,ponmani,alluvial,125,62.5,dry,100,5,200,10,135.65,51.9,75,3000,19.6,20.4,187.2,270.8,167.0,250.0,61.0,64.0,18.5,34,16.0,30,15.5,31.0,16.0,33.0,4,10,8,10,SW,W,NNW,WSW,72.0,78,88,85,500,31400,"Very High: 30,001-40,000"
5,Kurinjipadi,ponmani,alluvial,125,62.5,dry,100,5,200,10,135.65,51.9,75,3000,19.6,20.4,187.2,270.8,167.0,250.0,61.0,64.0,19.5,34,18.5,35,17.0,32.5,16.0,30.5,10,4,10,6,NW,S,SE,SSE,64.6,85,84,87,500,30540,"Very High: 30,001-40,000"
5,Panruti,delux ponni,clay,125,62.5,dry,100,5,200,10,135.65,51.9,75,3000,18.5,21.5,185.2,272.8,165.3,251.7,60.0,65.0,20.0,35,18.0,30,17.5,33.5,18.0,33.0,4,12,4,12,ENE,NE,NNE,W,85.0,96,84,79,400,30905,"Very High: 30,001-40,000"
5,Kallakurichi,delux ponni,alluvial,125,62.5,dry,100,5,200,10,135.65,51.9,75,3000,18.5,21.5,185.2,272.8,165.3,251.7,60.0,65.0,19.0,33,17.0,32,16.5,31.5,15.5,32.5,8,6,8,6,W,WNW,SE,S,88.5,95,81,84,400,30805,"Very High: 30,001-40,000"
5,Sankarapuram,delux ponni,alluvial,125,62.5,dry,100,5,200,10,135.65,51.9,75,3000,18.1,21.9,185.6,272.4,166.1,250.9,60.2,64.8,20.5,32,17.5,28,18.0,34.0,16.5,35.0,10,12,10,12,SSE,W,SW,NW,72.7,91,83,81,400,31535,"Very High: 30,001-40,000"
5,Kurinjipadi,CO_43,clay,125,62.5,dry,100,5,200,10,135.65,51.9,75,3000,19.6,20.4,187.2,270.8,167.0,250.0,61.0,64.0,19.5,34,18.5,35,17.0,32.5,16.0,30.5,10,4,10,6,NW,S,SE,SSE,64.6,85,84,87,450,31920,"Very High: 30,001-40,000"
5,Panruti,delux ponni,alluvial,125,62.5,dry,100,5,200,10,135.65,51.9,75,3000,18.5,21.5,185.2,272.8,165.3,251.7,60.0,65.0,20.0,35,18.0,30,17.5,33.5,18.0,33.0,4,12,4,12,ENE,NE,NNE,W,85.0,96,84,79,400,31035,"Very High: 30,001-40,000"
5,Kallakurichi,delux ponni,clay,125,62.5,wet,100,5,200,10,135.65,51.9,75,3000,18.5,21.5,185.2,272.8,165.3,251.7,60.0,65.0,19.0,33,17.0,32,16.5,31.5,15.5,32.5,8,6,8,6,W,WNW,SE,S,88.5,95,81,84,400,30805,"Very High: 30,001-40,000"
5,Sankarapuram,CO_43,clay,125,62.5,wet,100,5,200,10,135.65,51.9,75,3000,18.1,21.9,185.6,272.4,166.1,250.9,60.2,64.8,20.5,32,17.5,28,18.0,34.0,16.5,35.0,10,12,10,12,SSE,W,SW,NW,72.7,91,83,81,450,30285,"Very High: 30,001-40,000"
5,Chinnasalem,ponmani,alluvial,125,62.5,wet,100,5,200,10,135.65,51.9,75,3000,18.1,21.9,185.6,272.4,166.1,250.9,60.2,64.8,18.0,31,15.5,34,15.0,33.0,15.0,31.5,6,6,8,10,E,ENE,NE,NNW,78.6,80,92,88,500,32050,"Very High: 30,001-40,000"
5,Cuddalore,delux ponni,clay,125,62.5,wet,100,5,200,10,135.65,51.9,75,3000,19.6,20.4,187.2,270.8,167.0,250.0,61.0,64.0,18.5,34,16.0,30,15.5,31.0,16.0,33.0,4,10,8,10,SW,W,NNW,WSW,72.0,78,88,85,400,30855,"Very High: 30,001-40,000"
5,Kurinjipadi,CO_43,clay,125,62.5,wet,100,5,200,10,135.65,51.9,75,3000,19.6,20.4,187.2,270.8,167.0,250.0,61.0,64.0,19.5,34,18.5,35,17.0,32.5,16.0,30.5,10,4,10,6,NW,S,SE,SSE,64.6,85,84,87,450,30250,"Very High: 30,001-40,000"
5,Panruti,ponmani,clay,125,62.5,wet,100,5,200,10,135.65,51.9,75,3000,18.5,21.5,185.2,272.8,165.3,251.7,60.0,65.0,20.0,35,18.0,30,17.5,33.5,18.0,33.0,4,12,4,12,ENE,NE,NNE,W,85.0,96,84,79,500,30610,"Very High: 30,001-40,000"
5,Kallakurichi,delux ponni,alluvial,125,62.5,wet,100,5,200,10,135.65,51.9,75,3000,18.5,21.5,185.2,272.8,165.3,251.7,60.0,65.0,19.0,33,17.0,32,16.5,31.5,15.5,32.5,8,6,8,6,W,WNW,SE,S,88.5,95,81,84,400,30075,"Very High: 30,001-40,000"
5,Chinnasalem,delux ponni,alluvial,125,62.5,wet,100,5,200,10,135.65,51.9,75,3000,18.1,21.9,185.6,272.4,166.1,250.9,60.2,64.8,18.0,31,15.5,34,15.0,33.0,15.0,31.5,6,6,8,10,E,ENE,NE,NNW,78.6,80,92,88,400,31135,"Very High: 30,001-40,000"
5,Cuddalore,ponmani,clay,125,62.5,wet,100,5,200,10,135.65,51.9,75,3000,19.6,20.4,187.2,270.8,167.0,250.0,61.0,64.0,18.5,34,16.0,30,15.5,31.0,16.0,33.0,4,10,8,10,SW,W,NNW,WSW,72.0,78,88,85,500,31810,"Very High: 30,001-40,000"
5,Kurinjipadi,CO_43,alluvial,125,62.5,wet,100,5,200,10,135.65,51.9,75,3000,19.6,20.4,187.2,270.8,167.0,250.0,61.0,64.0,19.5,34,18.5,35,17.0,32.5,16.0,30.5,10,4,10,6,NW,S,SE,SSE,64.6,85,84,87,450,30755,"Very High: 30,001-40,000"
5,Kallakurichi,delux ponni,alluvial,125,62.5,dry,100,5,200,10,135.65,51.9,75,3000,18.5,21.5,185.2,272.8,165.3,251.7,60.0,65.0,19.0,33,17.0,32,16.5,31.5,15.5,32.5,8,6,8,6,W,WNW,SE,S,88.5,95,81,84,400,32090,"Very High: 30,001-40,000"
5,Sankarapuram,CO_43,alluvial,125,62.5,dry,100,5,200,10,135.65,51.9,75,3000,18.1,21.9,185.6,272.4,166.1,250.9,60.2,64.8,20.5,32,17.5,28,18.0,34.0,16.5,35.0,10,12,10,12,SSE,W,SW,NW,72.7,91,83,81,450,31045,"Very High: 30,001-40,000"
5,Cuddalore,delux ponni,clay,125,62.5,dry,100,5,200,10,135.65,51.9,75,3000,19.6,20.4,187.2,270.8,167.0,250.0,61.0,64.0,18.5,34,16.0,30,15.5,31.0,16.0,33.0,4,10,8,10,SW,W,NNW,WSW,72.0,78,88,85,400,31400,"Very High: 30,001-40,000"
5,Kallakurichi,ponmani,alluvial,125,62.5,dry,100,5,200,10,135.65,51.9,75,3000,18.5,21.5,185.2,272.8,165.3,251.7,60.0,65.0,19.0,33,17.0,32,16.5,31.5,15.5,32.5,8,6,8,6,W,WNW,SE,S,88.5,95,81,84,500,30250,"Very High: 30,001-40,000"
5,Chinnasalem,ponmani,clay,125,62.5,wet,100,5,200,10,135.65,51.9,75,3000,18.1,21.9,185.6,272.4,166.1,250.9,60.2,64.8,18.0,31,15.5,34,15.0,33.0,15.0,31.5,6,6,8,10,E,ENE,NE,NNW,78.6,80,92,88,500,30575,"Very High: 30,001-40,000"
5,Cuddalore,delux ponni,alluvial,125,62.5,wet,100,5,200,10,135.65,51.9,75,3000,19.6,20.4,187.2,270.8,167.0,250.0,61.0,64.0,18.5,34,16.0,30,15.5,31.0,16.0,33.0,4,10,8,10,SW,W,NNW,WSW,72.0,78,88,85,400,31605,"Very High: 30,001-40,000"
5,Panruti,ponmani,alluvial,125,62.5,wet,100,5,200,10,135.65,51.9,75,3000,18.5,21.5,185.2,272.8,165.3,251.7,60.0,65.0,20.0,35,18.0,30,17.5,33.5,18.0,33.0,4,12,4,12,ENE,NE,NNE,W,85.0,96,84,79,500,32080,"Very High: 30,001-40,000"
5,Kallakurichi,delux ponni,clay,125,62.5,wet,100,5,200,10,135.65,51.9,75,3000,18.5,21.5,185.2,272.8,165.3,251.7,60.0,65.0,19.0,33,17.0,32,16.5,31.5,15.5,32.5,8,6,8,6,W,WNW,SE,S,88.5,95,81,84,400,30885,"Very High: 30,001-40,000"
5,Sankarapuram,CO_43,alluvial,125,62.5,wet,100,5,200,10,135.65,51.9,75,3000,18.1,21.9,185.6,272.4,166.1,250.9,60.2,64.8,20.5,32,17.5,28,18.0,34.0,16.5,35.0,10,12,10,12,SSE,W,SW,NW,72.7,91,83,81,450,30945,"Very High: 30,001-40,000"
5,Chinnasalem,delux ponni,alluvial,125,62.5,wet,100,5,200,10,135.65,51.9,75,3000,18.1,21.9,185.6,272.4,166.1,250.9,60.2,64.8,18.0,31,15.5,34,15.0,33.0,15.0,31.5,6,6,8,10,E,ENE,NE,NNW,78.6,80,92,88,400,30460,"Very High: 30,001-40,000"
5,Chinnasalem,ponmani,clay,125,62.5,dry,100,5,200,10,135.65,51.9,75,3000,18.1,21.9,185.6,272.4,166.1,250.9,60.2,64.8,18.0,31,15.5,34,15.0,33.0,15.0,31.5,6,6,8,10,E,ENE,NE,NNW,78.6,80,92,88,500,31780,"Very High: 30,001-40,000"
5,Chinnasalem,ponmani,alluvial,125,62.5,dry,100,5,200,10,135.65,51.9,75,3000,18.1,21.9,185.6,272.4,166.1,250.9,60.2,64.8,18.0,31,15.5,34,15.0,33.0,15.0,31.5,6,6,8,10,E,ENE,NE,NNW,78.6,80,92,88,500,30575,"Very High: 30,001-40,000"
5,Chinnasalem,ponmani,clay,125,62.5,dry,100,5,200,10,135.65,51.9,75,3000,18.1,21.9,185.6,272.4,166.1,250.9,60.2,64.8,18.0,31,15.5,34,15.0,33.0,15.0,31.5,6,6,8,10,E,ENE,NE,NNW,78.6,80,92,88,500,30355,"Very High: 30,001-40,000"
5,Kallakurichi,CO_43,clay,125,62.5,dry,100,5,200,10,135.65,51.9,75,3000,18.5,21.5,185.2,272.8,165.3,251.7,60.0,65.0,19.0,33,17.0,32,16.5,31.5,15.5,32.5,8,6,8,6,W,WNW,SE,S,88.5,95,81,84,450,31535,"Very High: 30,001-40,000"
5,Kallakurichi,ponmani,alluvial,125,62.5,dry,100,5,200,10,135.65,51.9,75,3000,18.5,21.5,185.2,272.8,165.3,251.7,60.0,65.0,19.0,33,17.0,32,16.5,31.5,15.5,32.5,8,6,8,6,W,WNW,SE,S,88.5,95,81,84,500,30545,"Very High: 30,001-40,000"
5,Kallakurichi,ponmani,clay,125,62.5,dry,100,5,200,10,135.65,51.9,75,3000,18.5,21.5,185.2,272.8,165.3,251.7,60.0,65.0,19.0,33,17.0,32,16.5,31.5,15.5,32.5,8,6,8,6,W,WNW,SE,S,88.5,95,81,84,500,31625,"Very High: 30,001-40,000"
5,Kallakurichi,ponmani,clay,125,62.5,dry,100,5,200,10,135.65,51.9,75,3000,18.5,21.5,185.2,272.8,165.3,251.7,60.0,65.0,19.0,33,17.0,32,16.5,31.5,15.5,32.5,8,6,8,6,W,WNW,SE,S,88.5,95,81,84,500,32345,"Very High: 30,001-40,000"
5,Panruti,delux ponni,clay,125,62.5,wet,100,5,200,10,135.65,51.9,75,3000,18.5,21.5,185.2,272.8,165.3,251.7,60.0,65.0,20.0,35,18.0,30,17.5,33.5,18.0,33.0,4,12,4,12,ENE,NE,NNE,W,85.0,96,84,79,400,31400,"Very High: 30,001-40,000"
5,Cuddalore,CO_43,alluvial,125,62.5,wet,100,5,200,10,135.65,51.9,75,3000,19.6,20.4,187.2,270.8,167.0,250.0,61.0,64.0,18.5,34,16.0,30,15.5,31.0,16.0,33.0,4,10,8,10,SW,W,NNW,WSW,72.0,78,88,85,450,32050,"Very High: 30,001-40,000"
5,Cuddalore,delux ponni,clay,125,62.5,wet,100,5,200,10,135.65,51.9,75,3000,19.6,20.4,187.2,270.8,167.0,250.0,61.0,64.0,18.5,34,16.0,30,15.5,31.0,16.0,33.0,4,10,8,10,SW,W,NNW,WSW,72.0,78,88,85,400,30250,"Very High: 30,001-40,000"
5,Cuddalore,delux ponni,clay,125,62.5,wet,100,5,200,10,135.65,51.9,75,3000,19.6,20.4,187.2,270.8,167.0,250.0,61.0,64.0,18.5,34,16.0,30,15.5,31.0,16.0,33.0,4,10,8,10,SW,W,NNW,WSW,72.0,78,88,85,400,31135,"Very High: 30,001-40,000"
5,Cuddalore,CO_43,alluvial,125,62.5,wet,100,5,200,10,135.65,51.9,75,3000,19.6,20.4,187.2,270.8,167.0,250.0,61.0,64.0,18.5,34,16.0,30,15.5,31.0,16.0,33.0,4,10,8,10,SW,W,NNW,WSW,72.0,78,88,85,450,31815,"Very High: 30,001-40,000"
5,Cuddalore,ponmani,clay,125,62.5,wet,100,5,200,10,135.65,51.9,75,3000,19.6,20.4,187.2,270.8,167.0,250.0,61.0,64.0,18.5,34,16.0,30,15.5,31.0,16.0,33.0,4,10,8,10,SW,W,NNW,WSW,72.0,78,88,85,500,31045,"Very High: 30,001-40,000"
5,Cuddalore,delux ponni,clay,125,62.5,wet,100,5,200,10,135.65,51.9,75,3000,19.6,20.4,187.2,270.8,167.0,250.0,61.0,64.0,18.5,34,16.0,30,15.5,31.0,16.0,33.0,4,10,8,10,SW,W,NNW,WSW,72.0,78,88,85,400,31555,"Very High: 30,001-40,000"
5,Cuddalore,CO_43,clay,125,62.5,wet,100,5,200,10,135.65,51.9,75,3000,19.6,20.4,187.2,270.8,167.0,250.0,61.0,64.0,18.5,34,16.0,30,15.5,31.0,16.0,33.0,4,10,8,10,SW,W,NNW,WSW,72.0,78,88,85,450,30575,"Very High: 30,001-40,000"
5,Kurinjipadi,delux ponni,clay,125,62.5,dry,100,5,200,10,135.65,51.9,75,3000,19.6,20.4,187.2,270.8,167.0,250.0,61.0,64.0,19.5,34,18.5,35,17.0,32.5,16.0,30.5,10,4,10,6,NW,S,SE,SSE,64.6,85,84,87,400,31625,"Very High: 30,001-40,000"
5,Kurinjipadi,delux ponni,alluvial,125,62.5,dry,100,5,200,10,135.65,51.9,75,3000,19.6,20.4,187.2,270.8,167.0,250.0,61.0,64.0,19.5,34,18.5,35,17.0,32.5,16.0,30.5,10,4,10,6,NW,S,SE,SSE,64.6,85,84,87,400,31400,"Very High: 30,001-40,000"
5,Kurinjipadi,ponmani,alluvial,125,62.5,dry,100,5,200,10,135.65,51.9,75,3000,19.6,20.4,187.2,270.8,167.0,250.0,61.0,64.0,19.5,34,18.5,35,17.0,32.5,16.0,30.5,10,4,10,6,NW,S,SE,SSE,64.6,85,84,87,500,30905,"Very High: 30,001-40,000"
5,Kurinjipadi,ponmani,alluvial,125,62.5,dry,100,5,200,10,135.65,51.9,75,3000,19.6,20.4,187.2,270.8,167.0,250.0,61.0,64.0,19.5,34,18.5,35,17.0,32.5,16.0,30.5,10,4,10,6,NW,S,SE,SSE,64.6,85,84,87,500,31555,"Very High: 30,001-40,000"
5,Kurinjipadi,delux ponni,alluvial,125,62.5,wet,100,5,200,10,135.65,51.9,75,3000,19.6,20.4,187.2,270.8,167.0,250.0,61.0,64.0,19.5,34,18.5,35,17.0,32.5,16.0,30.5,10,4,10,6,NW,S,SE,SSE,64.6,85,84,87,400,31035,"Very High: 30,001-40,000"
5,Kurinjipadi,ponmani,alluvial,125,62.5,wet,100,5,200,10,135.65,51.9,75,3000,19.6,20.4,187.2,270.8,167.0,250.0,61.0,64.0,19.5,34,18.5,35,17.0,32.5,16.0,30.5,10,4,10,6,NW,S,SE,SSE,64.6,85,84,87,500,30250,"Very High: 30,001-40,000"
5,Sankarapuram,CO_43,clay,125,62.5,wet,100,5,200,10,135.65,51.9,75,3000,18.1,21.9,185.6,272.4,166.1,250.9,60.2,64.8,20.5,32,17.5,28,18.0,34.0,16.5,35.0,10,12,10,12,SSE,W,SW,NW,72.7,91,83,81,450,31815,"Very High: 30,001-40,000"
5,Sankarapuram,delux ponni,clay,125,62.5,wet,100,5,200,10,135.65,51.9,75,3000,18.1,21.9,185.6,272.4,166.1,250.9,60.2,64.8,20.5,32,17.5,28,18.0,34.0,16.5,35.0,10,12,10,12,SSE,W,SW,NW,72.7,91,83,81,400,31045,"Very High: 30,001-40,000"
5,Sankarapuram,ponmani,clay,125,62.5,dry,100,5,200,10,135.65,51.9,75,3000,18.1,21.9,185.6,272.4,166.1,250.9,60.2,64.8,20.5,32,17.5,28,18.0,34.0,16.5,35.0,10,12,10,12,SSE,W,SW,NW,72.7,91,83,81,500,31555,"Very High: 30,001-40,000"
5,Sankarapuram,delux ponni,clay,125,62.5,dry,100,5,200,10,135.65,51.9,75,3000,18.1,21.9,185.6,272.4,166.1,250.9,60.2,64.8,20.5,32,17.5,28,18.0,34.0,16.5,35.0,10,12,10,12,SSE,W,SW,NW,72.7,91,83,81,400,31625,"Very High: 30,001-40,000"
5,Sankarapuram,ponmani,alluvial,125,62.5,wet,100,5,200,10,135.65,51.9,75,3000,18.1,21.9,185.6,272.4,166.1,250.9,60.2,64.8,20.5,32,17.5,28,18.0,34.0,16.5,35.0,10,12,10,12,SSE,W,SW,NW,72.7,91,83,81,500,31400,"Very High: 30,001-40,000"
5,Sankarapuram,delux ponni,alluvial,125,62.5,wet,100,5,200,10,135.65,51.9,75,3000,18.1,21.9,185.6,272.4,166.1,250.9,60.2,64.8,20.5,32,17.5,28,18.0,34.0,16.5,35.0,10,12,10,12,SSE,W,SW,NW,72.7,91,83,81,400,30905,"Very High: 30,001-40,000"
5,Sankarapuram,delux ponni,alluvial,125,62.5,wet,100,5,200,10,135.65,51.9,75,3000,18.1,21.9,185.6,272.4,166.1,250.9,60.2,64.8,20.5,32,17.5,28,18.0,34.0,16.5,35.0,10,12,10,12,SSE,W,SW,NW,72.7,91,83,81,400,31555,"Very High: 30,001-40,000"
5,Sankarapuram,ponmani,clay,125,62.5,wet,100,5,200,10,135.65,51.9,75,3000,18.1,21.9,185.6,272.4,166.1,250.9,60.2,64.8,20.5,32,17.5,28,18.0,34.0,16.5,35.0,10,12,10,12,SSE,W,SW,NW,72.7,91,83,81,500,31035,"Very High: 30,001-40,000"
5,Sankarapuram,ponmani,alluvial,125,62.5,dry,100,5,200,10,135.65,51.9,75,3000,18.1,21.9,185.6,272.4,166.1,250.9,60.2,64.8,20.5,32,17.5,28,18.0,34.0,16.5,35.0,10,12,10,12,SSE,W,SW,NW,72.7,91,83,81,500,32050,"Very High: 30,001-40,000"
5,Sankarapuram,ponmani,alluvial,125,62.5,dry,100,5,200,10,135.65,51.9,75,3000,18.1,21.9,185.6,272.4,166.1,250.9,60.2,64.8,20.5,32,17.5,28,18.0,34.0,16.5,35.0,10,12,10,12,SSE,W,SW,NW,72.7,91,83,81,500,30250,"Very High: 30,001-40,000"
5,Sankarapuram,CO_43,clay,125,62.5,dry,100,5,200,10,135.65,51.9,75,3000,18.1,21.9,185.6,272.4,166.1,250.9,60.2,64.8,20.5,32,17.5,28,18.0,34.0,16.5,35.0,10,12,10,12,SSE,W,SW,NW,72.7,91,83,81,450,31815,"Very High: 30,001-40,000"
5,Sankarapuram,ponmani,clay,125,62.5,dry,100,5,200,10,135.65,51.9,75,3000,18.1,21.9,185.6,272.4,166.1,250.9,60.2,64.8,20.5,32,17.5,28,18.0,34.0,16.5,35.0,10,12,10,12,SSE,W,SW,NW,72.7,91,83,81,500,31045,"Very High: 30,001-40,000"
5,Cuddalore,delux ponni,clay,125,62.5,dry,100,5,200,10,135.65,51.9,75,3000,19.6,20.4,187.2,270.8,167.0,250.0,61.0,64.0,18.5,34,16.0,30,15.5,31.0,16.0,33.0,4,10,8,10,SW,W,NNW,WSW,72.0,78,88,85,400,31135,"Very High: 30,001-40,000"
5,Kallakurichi,ponmani,alluvial,125,62.5,wet,100,5,200,10,135.65,51.9,75,3000,18.5,21.5,185.2,272.8,165.3,251.7,60.0,65.0,19.0,33,17.0,32,16.5,31.5,15.5,32.5,8,6,8,6,W,WNW,SE,S,88.5,95,81,84,500,31400,"Very High: 30,001-40,000"
5,Sankarapuram,delux ponni,clay,125,62.5,wet,100,5,200,10,135.65,51.9,75,3000,18.1,21.9,185.6,272.4,166.1,250.9,60.2,64.8,20.5,32,17.5,28,18.0,34.0,16.5,35.0,10,12,10,12,SSE,W,SW,NW,72.7,91,83,81,400,30905,"Very High: 30,001-40,000"
5,Chinnasalem,CO_43,alluvial,125,62.5,wet,100,5,200,10,135.65,51.9,75,3000,18.1,21.9,185.6,272.4,166.1,250.9,60.2,64.8,18.0,31,15.5,34,15.0,33.0,15.0,31.5,6,6,8,10,E,ENE,NE,NNW,78.6,80,92,88,450,31535,"Very High: 30,001-40,000"
5,Panruti,CO_43,alluvial,125,62.5,dry,100,5,200,10,135.65,51.9,75,3000,18.5,21.5,185.2,272.8,165.3,251.7,60.0,65.0,20.0,35,18.0,30,17.5,33.5,18.0,33.0,4,12,4,12,ENE,NE,NNE,W,85.0,96,84,79,450,32050,"Very High: 30,001-40,000"
5,Kallakurichi,ponmani,clay,125,62.5,dry,100,5,200,10,135.65,51.9,75,3000,18.5,21.5,185.2,272.8,165.3,251.7,60.0,65.0,19.0,33,17.0,32,16.5,31.5,15.5,32.5,8,6,8,6,W,WNW,SE,S,88.5,95,81,84,500,30250,"Very High: 30,001-40,000"
5,Sankarapuram,delux ponni,alluvial,125,62.5,dry,100,5,200,10,135.65,51.9,75,3000,18.1,21.9,185.6,272.4,166.1,250.9,60.2,64.8,20.5,32,17.5,28,18.0,34.0,16.5,35.0,10,12,10,12,SSE,W,SW,NW,72.7,91,83,81,400,31135,"Very High: 30,001-40,000"
5,Chinnasalem,CO_43,clay,125,62.5,dry,100,5,200,10,135.65,51.9,75,3000,18.1,21.9,185.6,272.4,166.1,250.9,60.2,64.8,18.0,31,15.5,34,15.0,33.0,15.0,31.5,6,6,8,10,E,ENE,NE,NNW,78.6,80,92,88,450,31815,"Very High: 30,001-40,000"
5,Cuddalore,ponmani,alluvial,125,62.5,dry,100,5,200,10,135.65,51.9,75,3000,19.6,20.4,187.2,270.8,167.0,250.0,61.0,64.0,18.5,34,16.0,30,15.5,31.0,16.0,33.0,4,10,8,10,SW,W,NNW,WSW,72.0,78,88,85,500,31045,"Very High: 30,001-40,000"
5,Kurinjipadi,delux ponni,clay,125,62.5,dry,100,5,200,10,135.65,51.9,75,3000,19.6,20.4,187.2,270.8,167.0,250.0,61.0,64.0,19.5,34,18.5,35,17.0,32.5,16.0,30.5,10,4,10,6,NW,S,SE,SSE,64.6,85,84,87,400,31555,"Very High: 30,001-40,000"
5,Panruti,CO_43,alluvial,125,62.5,dry,100,5,200,10,135.65,51.9,75,3000,18.5,21.5,185.2,272.8,165.3,251.7,60.0,65.0,20.0,35,18.0,30,17.5,33.5,18.0,33.0,4,12,4,12,ENE,NE,NNE,W,85.0,96,84,79,450,30575,"Very High: 30,001-40,000"
5,Sankarapuram,ponmani,clay,125,62.5,dry,100,5,200,10,135.65,51.9,75,3000,18.1,21.9,185.6,272.4,166.1,250.9,60.2,64.8,20.5,32,17.5,28,18.0,34.0,16.5,35.0,10,12,10,12,SSE,W,SW,NW,72.7,91,83,81,500,31625,"Very High: 30,001-40,000"
5,Chinnasalem,CO_43,alluvial,125,62.5,dry,100,5,200,10,135.65,51.9,75,3000,18.1,21.9,185.6,272.4,166.1,250.9,60.2,64.8,18.0,31,15.5,34,15.0,33.0,15.0,31.5,6,6,8,10,E,ENE,NE,NNW,78.6,80,92,88,450,32345,"Very High: 30,001-40,000"
5,Cuddalore,ponmani,clay,125,62.5,dry,100,5,200,10,135.65,51.9,75,3000,19.6,20.4,187.2,270.8,167.0,250.0,61.0,64.0,18.5,34,16.0,30,15.5,31.0,16.0,33.0,4,10,8,10,SW,W,NNW,WSW,72.0,78,88,85,500,31400,"Very High: 30,001-40,000"
5,Kurinjipadi,delux ponni,clay,125,62.5,dry,100,5,200,10,135.65,51.9,75,3000,19.6,20.4,187.2,270.8,167.0,250.0,61.0,64.0,19.5,34,18.5,35,17.0,32.5,16.0,30.5,10,4,10,6,NW,S,SE,SSE,64.6,85,84,87,400,30905,"Very High: 30,001-40,000"
5,Panruti,CO_43,alluvial,125,62.5,wet,100,5,200,10,135.65,51.9,75,3000,18.5,21.5,185.2,272.8,165.3,251.7,60.0,65.0,20.0,35,18.0,30,17.5,33.5,18.0,33.0,4,12,4,12,ENE,NE,NNE,W,85.0,96,84,79,450,31535,"Very High: 30,001-40,000"
5,Kallakurichi,ponmani,clay,125,62.5,wet,100,5,200,10,135.65,51.9,75,3000,18.5,21.5,185.2,272.8,165.3,251.7,60.0,65.0,19.0,33,17.0,32,16.5,31.5,15.5,32.5,8,6,8,6,W,WNW,SE,S,88.5,95,81,84,500,31555,"Very High: 30,001-40,000"
5,Sankarapuram,delux ponni,clay,125,62.5,wet,100,5,200,10,135.65,51.9,75,3000,18.1,21.9,185.6,272.4,166.1,250.9,60.2,64.8,20.5,32,17.5,28,18.0,34.0,16.5,35.0,10,12,10,12,SSE,W,SW,NW,72.7,91,83,81,400,31035,"Very High: 30,001-40,000"
5,Chinnasalem,CO_43,clay,125,62.5,wet,100,5,200,10,135.65,51.9,75,3000,18.1,21.9,185.6,272.4,166.1,250.9,60.2,64.8,18.0,31,15.5,34,15.0,33.0,15.0,31.5,6,6,8,10,E,ENE,NE,NNW,78.6,80,92,88,450,32050,"Very High: 30,001-40,000"
5,Panruti,CO_43,clay,125,62.5,wet,100,5,200,10,135.65,51.9,75,3000,18.5,21.5,185.2,272.8,165.3,251.7,60.0,65.0,20.0,35,18.0,30,17.5,33.5,18.0,33.0,4,12,4,12,ENE,NE,NNE,W,85.0,96,84,79,450,31815,"Very High: 30,001-40,000"
5,Chinnasalem,CO_43,clay,125,62.5,wet,100,5,200,10,135.65,51.9,75,3000,18.1,21.9,185.6,272.4,166.1,250.9,60.2,64.8,18.0,31,15.5,34,15.0,33.0,15.0,31.5,6,6,8,10,E,ENE,NE,NNW,78.6,80,92,88,450,30575,"Very High: 30,001-40,000"
5,Kurinjipadi,delux ponni,clay,125,62.5,wet,100,5,200,10,135.65,51.9,75,3000,19.6,20.4,187.2,270.8,167.0,250.0,61.0,64.0,19.5,34,18.5,35,17.0,32.5,16.0,30.5,10,4,10,6,NW,S,SE,SSE,64.6,85,84,87,400,30100,"Very High: 30,001-40,000"
5,Panruti,CO_43,alluvial,125,62.5,wet,100,5,200,10,135.65,51.9,75,3000,18.5,21.5,185.2,272.8,165.3,251.7,60.0,65.0,20.0,35,18.0,30,17.5,33.5,18.0,33.0,4,12,4,12,ENE,NE,NNE,W,85.0,96,84,79,450,32085,"Very High: 30,001-40,000"
5,Kallakurichi,delux ponni,alluvial,125,62.5,dry,100,5,200,10,135.65,51.9,75,3000,18.5,21.5,185.2,272.8,165.3,251.7,60.0,65.0,19.0,33,17.0,32,16.5,31.5,15.5,32.5,8,6,8,6,W,WNW,SE,S,88.5,95,81,84,400,31980,"Very High: 30,001-40,000"
5,Chinnasalem,ponmani,alluvial,125,62.5,dry,100,5,200,10,135.65,51.9,75,3000,18.1,21.9,185.6,272.4,166.1,250.9,60.2,64.8,18.0,31,15.5,34,15.0,33.0,15.0,31.5,6,6,8,10,E,ENE,NE,NNW,78.6,80,92,88,500,30405,"Very High: 30,001-40,000"
5,Cuddalore,ponmani,alluvial,125,62.5,dry,100,5,200,10,135.65,51.9,75,3000,19.6,20.4,187.2,270.8,167.0,250.0,61.0,64.0,18.5,34,16.0,30,15.5,31.0,16.0,33.0,4,10,8,10,SW,W,NNW,WSW,72.0,78,88,85,500,31420,"Very High: 30,001-40,000"
5,Panruti,CO_43,alluvial,125,62.5,dry,100,5,200,10,135.65,51.9,75,3000,18.5,21.5,185.2,272.8,165.3,251.7,60.0,65.0,20.0,35,18.0,30,17.5,33.5,18.0,33.0,4,12,4,12,ENE,NE,NNE,W,85.0,96,84,79,450,31140,"Very High: 30,001-40,000"
5,Kallakurichi,ponmani,clay,125,62.5,dry,100,5,200,10,135.65,51.9,75,3000,18.5,21.5,185.2,272.8,165.3,251.7,60.0,65.0,19.0,33,17.0,32,16.5,31.5,15.5,32.5,8,6,8,6,W,WNW,SE,S,88.5,95,81,84,500,29580,"High: 20,001-30,000"
5,Chinnasalem,ponmani,clay,125,62.5,wet,100,5,200,10,135.65,51.9,75,3000,18.1,21.9,185.6,272.4,166.1,250.9,60.2,64.8,18.0,31,15.5,34,15.0,33.0,15.0,31.5,6,6,8,10,E,ENE,NE,NNW,78.6,80,92,88,500,29180,"High: 20,001-30,000"
5,Kurinjipadi,delux ponni,alluvial,125,62.5,wet,100,5,200,10,135.65,51.9,75,3000,19.6,20.4,187.2,270.8,167.0,250.0,61.0,64.0,19.5,34,18.5,35,17.0,32.5,16.0,30.5,10,4,10,6,NW,S,SE,SSE,64.6,85,84,87,400,30610,"Very High: 30,001-40,000"
5,Kallakurichi,ponmani,clay,125,62.5,wet,100,5,200,10,135.65,51.9,75,3000,18.5,21.5,185.2,272.8,165.3,251.7,60.0,65.0,19.0,33,17.0,32,16.5,31.5,15.5,32.5,8,6,8,6,W,WNW,SE,S,88.5,95,81,84,500,30075,"Very High: 30,001-40,000"
5,Chinnasalem,CO_43,alluvial,125,62.5,wet,100,5,200,10,135.65,51.9,75,3000,18.1,21.9,185.6,272.4,166.1,250.9,60.2,64.8,18.0,31,15.5,34,15.0,33.0,15.0,31.5,6,6,8,10,E,ENE,NE,NNW,78.6,80,92,88,450,31065,"Very High: 30,001-40,000"
5,Kurinjipadi,delux ponni,alluvial,125,62.5,wet,100,5,200,10,135.65,51.9,75,3000,19.6,20.4,187.2,270.8,167.0,250.0,61.0,64.0,19.5,34,18.5,35,17.0,32.5,16.0,30.5,10,4,10,6,NW,S,SE,SSE,64.6,85,84,87,400,32080,"Very High: 30,001-40,000"
4,Panruti,CO_43,clay,100,50.0,wet,80,4,160,8,108.52,41.52,60,2400,18.5,21.5,185.2,272.8,165.3,251.7,60.0,65.0,20.0,35,18.0,30,17.5,33.5,18.0,33.0,4,12,4,12,ENE,NE,NNE,W,85.0,96,84,79,360,24908,"High: 20,001-30,000"
4,Kallakurichi,ponmani,alluvial,100,50.0,wet,80,4,160,8,108.52,41.52,60,2400,18.5,21.5,185.2,272.8,165.3,251.7,60.0,65.0,19.0,33,17.0,32,16.5,31.5,15.5,32.5,8,6,8,6,W,WNW,SE,S,88.5,95,81,84,400,25448,"High: 20,001-30,000"
4,Sankarapuram,delux ponni,clay,100,50.0,wet,80,4,160,8,108.52,41.52,60,2400,18.1,21.9,185.6,272.4,166.1,250.9,60.2,64.8,20.5,32,17.5,28,18.0,34.0,16.5,35.0,10,12,10,12,SSE,W,SW,NW,72.7,91,83,81,320,24708,"High: 20,001-30,000"
4,Chinnasalem,CO_43,alluvial,100,50.0,dry,80,4,160,8,108.52,41.52,60,2400,18.1,21.9,185.6,272.4,166.1,250.9,60.2,64.8,18.0,31,15.5,34,15.0,33.0,15.0,31.5,6,6,8,10,E,ENE,NE,NNW,78.6,80,92,88,360,25144,"High: 20,001-30,000"
4,Cuddalore,ponmani,alluvial,100,50.0,dry,80,4,160,8,108.52,41.52,60,2400,19.6,20.4,187.2,270.8,167.0,250.0,61.0,64.0,18.5,34,16.0,30,15.5,31.0,16.0,33.0,4,10,8,10,SW,W,NNW,WSW,72.0,78,88,85,400,24604,"High: 20,001-30,000"
4,Kurinjipadi,delux ponni,clay,100,50.0,dry,80,4,160,8,108.52,41.52,60,2400,19.6,20.4,187.2,270.8,167.0,250.0,61.0,64.0,19.5,34,18.5,35,17.0,32.5,16.0,30.5,10,4,10,6,NW,S,SE,SSE,64.6,85,84,87,320,24756,"High: 20,001-30,000"
4,Panruti,CO_43,clay,100,50.0,dry,80,4,160,8,108.52,41.52,60,2400,18.5,21.5,185.2,272.8,165.3,251.7,60.0,65.0,20.0,35,18.0,30,17.5,33.5,18.0,33.0,4,12,4,12,ENE,NE,NNE,W,85.0,96,84,79,360,25452,"High: 20,001-30,000"
4,Kallakurichi,delux ponni,alluvial,100,50.0,dry,80,4,160,8,108.52,41.52,60,2400,18.5,21.5,185.2,272.8,165.3,251.7,60.0,65.0,19.0,33,17.0,32,16.5,31.5,15.5,32.5,8,6,8,6,W,WNW,SE,S,88.5,95,81,84,320,24368,"High: 20,001-30,000"
4,Sankarapuram,ponmani,clay,100,50.0,dry,80,4,160,8,108.52,41.52,60,2400,18.1,21.9,185.6,272.4,166.1,250.9,60.2,64.8,20.5,32,17.5,28,18.0,34.0,16.5,35.0,10,12,10,12,SSE,W,SW,NW,72.7,91,83,81,400,24768,"High: 20,001-30,000"
4,Chinnasalem,CO_43,alluvial,100,50.0,dry,80,4,160,8,108.52,41.52,60,2400,18.1,21.9,185.6,272.4,166.1,250.9,60.2,64.8,18.0,31,15.5,34,15.0,33.0,15.0,31.5,6,6,8,10,E,ENE,NE,NNW,78.6,80,92,88,360,25616,"High: 20,001-30,000"
4,Cuddalore,ponmani,clay,100,50.0,dry,80,4,160,8,108.52,41.52,60,2400,19.6,20.4,187.2,270.8,167.0,250.0,61.0,64.0,18.5,34,16.0,30,15.5,31.0,16.0,33.0,4,10,8,10,SW,W,NNW,WSW,72.0,78,88,85,400,25672,"High: 20,001-30,000"
4,Kurinjipadi,delux ponni,clay,100,50.0,dry,80,4,160,8,108.52,41.52,60,2400,19.6,20.4,187.2,270.8,167.0,250.0,61.0,64.0,19.5,34,18.5,35,17.0,32.5,16.0,30.5,10,4,10,6,NW,S,SE,SSE,64.6,85,84,87,320,25424,"High: 20,001-30,000"
4,Panruti,CO_43,alluvial,100,50.0,dry,80,4,160,8,108.52,41.52,60,2400,18.5,21.5,185.2,272.8,165.3,251.7,60.0,65.0,20.0,35,18.0,30,17.5,33.5,18.0,33.0,4,12,4,12,ENE,NE,NNE,W,85.0,96,84,79,360,24636,"High: 20,001-30,000"
4,Kallakurichi,ponmani,clay,100,50.0,dry,80,4,160,8,108.52,41.52,60,2400,18.5,21.5,185.2,272.8,165.3,251.7,60.0,65.0,19.0,33,17.0,32,16.5,31.5,15.5,32.5,8,6,8,6,W,WNW,SE,S,88.5,95,81,84,400,24836,"High: 20,001-30,000"
4,Sankarapuram,delux ponni,alluvial,100,50.0,dry,80,4,160,8,108.52,41.52,60,2400,18.1,21.9,185.6,272.4,166.1,250.9,60.2,64.8,20.5,32,17.5,28,18.0,34.0,16.5,35.0,10,12,10,12,SSE,W,SW,NW,72.7,91,83,81,320,24460,"High: 20,001-30,000"
4,Chinnasalem,CO_43,clay,100,50.0,dry,80,4,160,8,108.52,41.52,60,2400,18.1,21.9,185.6,272.4,166.1,250.9,60.2,64.8,18.0,31,15.5,34,15.0,33.0,15.0,31.5,6,6,8,10,E,ENE,NE,NNW,78.6,80,92,88,360,25724,"High: 20,001-30,000"
4,Cuddalore,delux ponni,alluvial,100,50.0,dry,80,4,160,8,108.52,41.52,60,2400,19.6,20.4,187.2,270.8,167.0,250.0,61.0,64.0,18.5,34,16.0,30,15.5,31.0,16.0,33.0,4,10,8,10,SW,W,NNW,WSW,72.0,78,88,85,320,24284,"High: 20,001-30,000"
4,Kurinjipadi,ponmani,alluvial,100,50.0,dry,80,4,160,8,108.52,41.52,60,2400,19.6,20.4,187.2,270.8,167.0,250.0,61.0,64.0,19.5,34,18.5,35,17.0,32.5,16.0,30.5,10,4,10,6,NW,S,SE,SSE,64.6,85,84,87,400,25300,"High: 20,001-30,000"
4,Panruti,CO_43,clay,100,50.0,wet,80,4,160,8,108.52,41.52,60,2400,18.5,21.5,185.2,272.8,165.3,251.7,60.0,65.0,20.0,35,18.0,30,17.5,33.5,18.0,33.0,4,12,4,12,ENE,NE,NNE,W,85.0,96,84,79,360,25876,"High: 20,001-30,000"
4,Kallakurichi,ponmani,alluvial,100,50.0,wet,80,4,160,8,108.52,41.52,60,2400,18.5,21.5,185.2,272.8,165.3,251.7,60.0,65.0,19.0,33,17.0,32,16.5,31.5,15.5,32.5,8,6,8,6,W,WNW,SE,S,88.5,95,81,84,400,25120,"High: 20,001-30,000"
4,Sankarapuram,delux ponni,clay,100,50.0,wet,80,4,160,8,108.52,41.52,60,2400,18.1,21.9,185.6,272.4,166.1,250.9,60.2,64.8,20.5,32,17.5,28,18.0,34.0,16.5,35.0,10,12,10,12,SSE,W,SW,NW,72.7,91,83,81,320,24432,"High: 20,001-30,000"
4,Chinnasalem,CO_43,alluvial,100,50.0,wet,80,4,160,8,108.52,41.52,60,2400,18.1,21.9,185.6,272.4,166.1,250.9,60.2,64.8,18.0,31,15.5,34,15.0,33.0,15.0,31.5,6,6,8,10,E,ENE,NE,NNW,78.6,80,92,88,360,24724,"High: 20,001-30,000"
4,Cuddalore,ponmani,clay,100,50.0,wet,80,4,160,8,108.52,41.52,60,2400,19.6,20.4,187.2,270.8,167.0,250.0,61.0,64.0,18.5,34,16.0,30,15.5,31.0,16.0,33.0,4,10,8,10,SW,W,NNW,WSW,72.0,78,88,85,400,24644,"High: 20,001-30,000"
4,Kurinjipadi,delux ponni,alluvial,100,50.0,wet,80,4,160,8,108.52,41.52,60,2400,19.6,20.4,187.2,270.8,167.0,250.0,61.0,64.0,19.5,34,18.5,35,17.0,32.5,16.0,30.5,10,4,10,6,NW,S,SE,SSE,64.6,85,84,87,320,25228,"High: 20,001-30,000"
4,Panruti,CO_43,clay,100,50.0,wet,80,4,160,8,108.52,41.52,60,2400,18.5,21.5,185.2,272.8,165.3,251.7,60.0,65.0,20.0,35,18.0,30,17.5,33.5,18.0,33.0,4,12,4,12,ENE,NE,NNE,W,85.0,96,84,79,360,25244,"High: 20,001-30,000"
4,Kallakurichi,delux ponni,clay,100,50.0,wet,80,4,160,8,108.52,41.52,60,2400,18.5,21.5,185.2,272.8,165.3,251.7,60.0,65.0,19.0,33,17.0,32,16.5,31.5,15.5,32.5,8,6,8,6,W,WNW,SE,S,88.5,95,81,84,320,24436,"High: 20,001-30,000"
4,Sankarapuram,ponmani,clay,100,50.0,wet,80,4,160,8,108.52,41.52,60,2400,18.1,21.9,185.6,272.4,166.1,250.9,60.2,64.8,20.5,32,17.5,28,18.0,34.0,16.5,35.0,10,12,10,12,SSE,W,SW,NW,72.7,91,83,81,400,25536,"High: 20,001-30,000"
4,Chinnasalem,ponmani,clay,100,50.0,wet,80,4,160,8,108.52,41.52,60,2400,18.1,21.9,185.6,272.4,166.1,250.9,60.2,64.8,18.0,31,15.5,34,15.0,33.0,15.0,31.5,6,6,8,10,E,ENE,NE,NNW,78.6,80,92,88,400,24828,"High: 20,001-30,000"
4,Cuddalore,ponmani,alluvial,100,50.0,wet,80,4,160,8,108.52,41.52,60,2400,19.6,20.4,187.2,270.8,167.0,250.0,61.0,64.0,18.5,34,16.0,30,15.5,31.0,16.0,33.0,4,10,8,10,SW,W,NNW,WSW,72.0,78,88,85,400,24644,"High: 20,001-30,000"
4,Kurinjipadi,ponmani,clay,100,50.0,wet,80,4,160,8,108.52,41.52,60,2400,19.6,20.4,187.2,270.8,167.0,250.0,61.0,64.0,19.5,34,18.5,35,17.0,32.5,16.0,30.5,10,4,10,6,NW,S,SE,SSE,64.6,85,84,87,400,24228,"High: 20,001-30,000"
4,Panruti,CO_43,clay,100,50.0,wet,80,4,160,8,108.52,41.52,60,2400,18.5,21.5,185.2,272.8,165.3,251.7,60.0,65.0,20.0,35,18.0,30,17.5,33.5,18.0,33.0,4,12,4,12,ENE,NE,NNE,W,85.0,96,84,79,360,25640,"High: 20,001-30,000"
4,Kallakurichi,ponmani,alluvial,100,50.0,wet,80,4,160,8,108.52,41.52,60,2400,18.5,21.5,185.2,272.8,165.3,251.7,60.0,65.0,19.0,33,17.0,32,16.5,31.5,15.5,32.5,8,6,8,6,W,WNW,SE,S,88.5,95,81,84,400,24684,"High: 20,001-30,000"
4,Sankarapuram,ponmani,clay,100,50.0,wet,80,4,160,8,108.52,41.52,60,2400,18.1,21.9,185.6,272.4,166.1,250.9,60.2,64.8,20.5,32,17.5,28,18.0,34.0,16.5,35.0,10,12,10,12,SSE,W,SW,NW,72.7,91,83,81,400,24200,"High: 20,001-30,000"
4,Chinnasalem,ponmani,clay,100,50.0,wet,80,4,160,8,108.52,41.52,60,2400,18.1,21.9,185.6,272.4,166.1,250.9,60.2,64.8,18.0,31,15.5,34,15.0,33.0,15.0,31.5,6,6,8,10,E,ENE,NE,NNW,78.6,80,92,88,400,24488,"High: 20,001-30,000"
4,Cuddalore,delux ponni,alluvial,100,50.0,wet,80,4,160,8,108.52,41.52,60,2400,19.6,20.4,187.2,270.8,167.0,250.0,61.0,64.0,18.5,34,16.0,30,15.5,31.0,16.0,33.0,4,10,8,10,SW,W,NNW,WSW,72.0,78,88,85,320,24060,"High: 20,001-30,000"
4,Kurinjipadi,delux ponni,clay,100,50.0,wet,80,4,160,8,108.52,41.52,60,2400,19.6,20.4,187.2,270.8,167.0,250.0,61.0,64.0,19.5,34,18.5,35,17.0,32.5,16.0,30.5,10,4,10,6,NW,S,SE,SSE,64.6,85,84,87,320,24852,"High: 20,001-30,000"
4,Panruti,delux ponni,clay,100,50.0,wet,80,4,160,8,108.52,41.52,60,2400,18.5,21.5,185.2,272.8,165.3,251.7,60.0,65.0,20.0,35,18.0,30,17.5,33.5,18.0,33.0,4,12,4,12,ENE,NE,NNE,W,85.0,96,84,79,320,24908,"High: 20,001-30,000"
4,Kallakurichi,ponmani,clay,100,50.0,wet,80,4,160,8,108.52,41.52,60,2400,18.5,21.5,185.2,272.8,165.3,251.7,60.0,65.0,19.0,33,17.0,32,16.5,31.5,15.5,32.5,8,6,8,6,W,WNW,SE,S,88.5,95,81,84,400,25448,"High: 20,001-30,000"
4,Sankarapuram,delux ponni,alluvial,100,50.0,wet,80,4,160,8,108.52,41.52,60,2400,18.1,21.9,185.6,272.4,166.1,250.9,60.2,64.8,20.5,32,17.5,28,18.0,34.0,16.5,35.0,10,12,10,12,SSE,W,SW,NW,72.7,91,83,81,320,24604,"High: 20,001-30,000"
4,Chinnasalem,CO_43,clay,100,50.0,dry,80,4,160,8,108.52,41.52,60,2400,18.1,21.9,185.6,272.4,166.1,250.9,60.2,64.8,18.0,31,15.5,34,15.0,33.0,15.0,31.5,6,6,8,10,E,ENE,NE,NNW,78.6,80,92,88,360,25452,"High: 20,001-30,000"
4,Cuddalore,delux ponni,clay,100,50.0,dry,80,4,160,8,108.52,41.52,60,2400,19.6,20.4,187.2,270.8,167.0,250.0,61.0,64.0,18.5,34,16.0,30,15.5,31.0,16.0,33.0,4,10,8,10,SW,W,NNW,WSW,72.0,78,88,85,320,25672,"High: 20,001-30,000"
4,Kurinjipadi,delux ponni,alluvial,100,50.0,dry,80,4,160,8,108.52,41.52,60,2400,19.6,20.4,187.2,270.8,167.0,250.0,61.0,64.0,19.5,34,18.5,35,17.0,32.5,16.0,30.5,10,4,10,6,NW,S,SE,SSE,64.6,85,84,87,320,24836,"High: 20,001-30,000"
4,Panruti,CO_43,alluvial,100,50.0,dry,80,4,160,8,108.52,41.52,60,2400,18.5,21.5,185.2,272.8,165.3,251.7,60.0,65.0,20.0,35,18.0,30,17.5,33.5,18.0,33.0,4,12,4,12,ENE,NE,NNE,W,85.0,96,84,79,360,25724,"High: 20,001-30,000"
4,Kallakurichi,ponmani,alluvial,100,50.0,dry,80,4,160,8,108.52,41.52,60,2400,18.5,21.5,185.2,272.8,165.3,251.7,60.0,65.0,19.0,33,17.0,32,16.5,31.5,15.5,32.5,8,6,8,6,W,WNW,SE,S,88.5,95,81,84,400,25120,"High: 20,001-30,000"
4,Sankarapuram,delux ponni,alluvial,100,50.0,dry,80,4,160,8,108.52,41.52,60,2400,18.1,21.9,185.6,272.4,166.1,250.9,60.2,64.8,20.5,32,17.5,28,18.0,34.0,16.5,35.0,10,12,10,12,SSE,W,SW,NW,72.7,91,83,81,320,24644,"High: 20,001-30,000"
4,Chinnasalem,CO_43,alluvial,100,50.0,dry,80,4,160,8,108.52,41.52,60,2400,18.1,21.9,185.6,272.4,166.1,250.9,60.2,64.8,18.0,31,15.5,34,15.0,33.0,15.0,31.5,6,6,8,10,E,ENE,NE,NNW,78.6,80,92,88,360,25244,"High: 20,001-30,000"
4,Cuddalore,ponmani,alluvial,100,50.0,dry,80,4,160,8,108.52,41.52,60,2400,19.6,20.4,187.2,270.8,167.0,250.0,61.0,64.0,18.5,34,16.0,30,15.5,31.0,16.0,33.0,4,10,8,10,SW,W,NNW,WSW,72.0,78,88,85,400,24200,"High: 20,001-30,000"
4,Kurinjipadi,delux ponni,alluvial,100,50.0,dry,80,4,160,8,108.52,41.52,60,2400,19.6,20.4,187.2,270.8,167.0,250.0,61.0,64.0,19.5,34,18.5,35,17.0,32.5,16.0,30.5,10,4,10,6,NW,S,SE,SSE,64.6,85,84,87,320,24488,"High: 20,001-30,000"
4,Panruti,CO_43,clay,100,50.0,dry,80,4,160,8,108.52,41.52,60,2400,18.5,21.5,185.2,272.8,165.3,251.7,60.0,65.0,20.0,35,18.0,30,17.5,33.5,18.0,33.0,4,12,4,12,ENE,NE,NNE,W,85.0,96,84,79,360,24460,"High: 20,001-30,000"
4,Kallakurichi,delux ponni,clay,100,50.0,dry,80,4,160,8,108.52,41.52,60,2400,18.5,21.5,185.2,272.8,165.3,251.7,60.0,65.0,19.0,33,17.0,32,16.5,31.5,15.5,32.5,8,6,8,6,W,WNW,SE,S,88.5,95,81,84,320,25284,"High: 20,001-30,000"
4,Sankarapuram,ponmani,clay,100,50.0,dry,80,4,160,8,108.52,41.52,60,2400,18.1,21.9,185.6,272.4,166.1,250.9,60.2,64.8,20.5,32,17.5,28,18.0,34.0,16.5,35.0,10,12,10,12,SSE,W,SW,NW,72.7,91,83,81,400,24908,"High: 20,001-30,000"
4,Chinnasalem,CO_43,clay,100,50.0,dry,80,4,160,8,108.52,41.52,60,2400,18.1,21.9,185.6,272.4,166.1,250.9,60.2,64.8,18.0,31,15.5,34,15.0,33.0,15.0,31.5,6,6,8,10,E,ENE,NE,NNW,78.6,80,92,88,360,25664,"High: 20,001-30,000"
4,Cuddalore,ponmani,clay,100,50.0,dry,80,4,160,8,108.52,41.52,60,2400,19.6,20.4,187.2,270.8,167.0,250.0,61.0,64.0,18.5,34,16.0,30,15.5,31.0,16.0,33.0,4,10,8,10,SW,W,NNW,WSW,72.0,78,88,85,400,24708,"High: 20,001-30,000"
4,Panruti,CO_43,clay,100,50.0,dry,80,4,160,8,108.52,41.52,60,2400,18.5,21.5,185.2,272.8,165.3,251.7,60.0,65.0,20.0,35,18.0,30,17.5,33.5,18.0,33.0,4,12,4,12,ENE,NE,NNE,W,85.0,96,84,79,360,24368,"High: 20,001-30,000"
4,Kallakurichi,ponmani,clay,100,50.0,dry,80,4,160,8,108.52,41.52,60,2400,18.5,21.5,185.2,272.8,165.3,251.7,60.0,65.0,19.0,33,17.0,32,16.5,31.5,15.5,32.5,8,6,8,6,W,WNW,SE,S,88.5,95,81,84,400,25424,"High: 20,001-30,000"
4,Chinnasalem,CO_43,alluvial,100,50.0,dry,80,4,160,8,108.52,41.52,60,2400,18.1,21.9,185.6,272.4,166.1,250.9,60.2,64.8,18.0,31,15.5,34,15.0,33.0,15.0,31.5,6,6,8,10,E,ENE,NE,NNW,78.6,80,92,88,360,24284,"High: 20,001-30,000"
4,Cuddalore,delux ponni,alluvial,100,50.0,dry,80,4,160,8,108.52,41.52,60,2400,19.6,20.4,187.2,270.8,167.0,250.0,61.0,64.0,18.5,34,16.0,30,15.5,31.0,16.0,33.0,4,10,8,10,SW,W,NNW,WSW,72.0,78,88,85,320,24432,"High: 20,001-30,000"
4,Kurinjipadi,ponmani,alluvial,100,50.0,dry,80,4,160,8,108.52,41.52,60,2400,19.6,20.4,187.2,270.8,167.0,250.0,61.0,64.0,19.5,34,18.5,35,17.0,32.5,16.0,30.5,10,4,10,6,NW,S,SE,SSE,64.6,85,84,87,400,25228,"High: 20,001-30,000"
4,Panruti,CO_43,alluvial,100,50.0,dry,80,4,160,8,108.52,41.52,60,2400,18.5,21.5,185.2,272.8,165.3,251.7,60.0,65.0,20.0,35,18.0,30,17.5,33.5,18.0,33.0,4,12,4,12,ENE,NE,NNE,W,85.0,96,84,79,360,24436,"High: 20,001-30,000"
4,Kallakurichi,ponmani,alluvial,100,50.0,dry,80,4,160,8,108.52,41.52,60,2400,18.5,21.5,185.2,272.8,165.3,251.7,60.0,65.0,19.0,33,17.0,32,16.5,31.5,15.5,32.5,8,6,8,6,W,WNW,SE,S,88.5,95,81,84,400,25300,"High: 20,001-30,000"
4,Sankarapuram,delux ponni,alluvial,100,50.0,dry,80,4,160,8,108.52,41.52,60,2400,18.1,21.9,185.6,272.4,166.1,250.9,60.2,64.8,20.5,32,17.5,28,18.0,34.0,16.5,35.0,10,12,10,12,SSE,W,SW,NW,72.7,91,83,81,320,25876,"High: 20,001-30,000"
4,Chinnasalem,CO_43,alluvial,100,50.0,dry,80,4,160,8,108.52,41.52,60,2400,18.1,21.9,185.6,272.4,166.1,250.9,60.2,64.8,18.0,31,15.5,34,15.0,33.0,15.0,31.5,6,6,8,10,E,ENE,NE,NNW,78.6,80,92,88,360,25120,"High: 20,001-30,000"
4,Cuddalore,ponmani,clay,100,50.0,dry,80,4,160,8,108.52,41.52,60,2400,19.6,20.4,187.2,270.8,167.0,250.0,61.0,64.0,18.5,34,16.0,30,15.5,31.0,16.0,33.0,4,10,8,10,SW,W,NNW,WSW,72.0,78,88,85,400,24724,"High: 20,001-30,000"
4,Kurinjipadi,delux ponni,clay,100,50.0,dry,80,4,160,8,108.52,41.52,60,2400,19.6,20.4,187.2,270.8,167.0,250.0,61.0,64.0,19.5,34,18.5,35,17.0,32.5,16.0,30.5,10,4,10,6,NW,S,SE,SSE,64.6,85,84,87,320,25228,"High: 20,001-30,000"
4,Panruti,CO_43,clay,100,50.0,dry,80,4,160,8,108.52,41.52,60,2400,18.5,21.5,185.2,272.8,165.3,251.7,60.0,65.0,20.0,35,18.0,30,17.5,33.5,18.0,33.0,4,12,4,12,ENE,NE,NNE,W,85.0,96,84,79,360,25244,"High: 20,001-30,000"
4,Kallakurichi,delux ponni,clay,100,50.0,dry,80,4,160,8,108.52,41.52,60,2400,18.5,21.5,185.2,272.8,165.3,251.7,60.0,65.0,19.0,33,17.0,32,16.5,31.5,15.5,32.5,8,6,8,6,W,WNW,SE,S,88.5,95,81,84,320,24828,"High: 20,001-30,000"
4,Sankarapuram,ponmani,clay,100,50.0,dry,80,4,160,8,108.52,41.52,60,2400,18.1,21.9,185.6,272.4,166.1,250.9,60.2,64.8,20.5,32,17.5,28,18.0,34.0,16.5,35.0,10,12,10,12,SSE,W,SW,NW,72.7,91,83,81,400,25640,"High: 20,001-30,000"
4,Chinnasalem,ponmani,clay,100,50.0,dry,80,4,160,8,108.52,41.52,60,2400,18.1,21.9,185.6,272.4,166.1,250.9,60.2,64.8,18.0,31,15.5,34,15.0,33.0,15.0,31.5,6,6,8,10,E,ENE,NE,NNW,78.6,80,92,88,400,24200,"High: 20,001-30,000"
4,Cuddalore,ponmani,clay,100,50.0,dry,80,4,160,8,108.52,41.52,60,2400,19.6,20.4,187.2,270.8,167.0,250.0,61.0,64.0,18.5,34,16.0,30,15.5,31.0,16.0,33.0,4,10,8,10,SW,W,NNW,WSW,72.0,78,88,85,400,24908,"High: 20,001-30,000"
4,Kurinjipadi,ponmani,alluvial,100,50.0,dry,80,4,160,8,108.52,41.52,60,2400,19.6,20.4,187.2,270.8,167.0,250.0,61.0,64.0,19.5,34,18.5,35,17.0,32.5,16.0,30.5,10,4,10,6,NW,S,SE,SSE,64.6,85,84,87,400,25452,"High: 20,001-30,000"
4,Panruti,CO_43,clay,100,50.0,dry,80,4,160,8,108.52,41.52,60,2400,18.5,21.5,185.2,272.8,165.3,251.7,60.0,65.0,20.0,35,18.0,30,17.5,33.5,18.0,33.0,4,12,4,12,ENE,NE,NNE,W,85.0,96,84,79,360,24836,"High: 20,001-30,000"
4,Kallakurichi,ponmani,alluvial,100,50.0,dry,80,4,160,8,108.52,41.52,60,2400,18.5,21.5,185.2,272.8,165.3,251.7,60.0,65.0,19.0,33,17.0,32,16.5,31.5,15.5,32.5,8,6,8,6,W,WNW,SE,S,88.5,95,81,84,400,25244,"High: 20,001-30,000"
4,Sankarapuram,ponmani,clay,100,50.0,dry,80,4,160,8,108.52,41.52,60,2400,18.1,21.9,185.6,272.4,166.1,250.9,60.2,64.8,20.5,32,17.5,28,18.0,34.0,16.5,35.0,10,12,10,12,SSE,W,SW,NW,72.7,91,83,81,400,24460,"High: 20,001-30,000"
4,Chinnasalem,ponmani,alluvial,100,50.0,dry,80,4,160,8,108.52,41.52,60,2400,18.1,21.9,185.6,272.4,166.1,250.9,60.2,64.8,18.0,31,15.5,34,15.0,33.0,15.0,31.5,6,6,8,10,E,ENE,NE,NNW,78.6,80,92,88,400,24908,"High: 20,001-30,000"
4,Cuddalore,delux ponni,alluvial,100,50.0,dry,80,4,160,8,108.52,41.52,60,2400,19.6,20.4,187.2,270.8,167.0,250.0,61.0,64.0,18.5,34,16.0,30,15.5,31.0,16.0,33.0,4,10,8,10,SW,W,NNW,WSW,72.0,78,88,85,320,25300,"High: 20,001-30,000"
4,Kurinjipadi,delux ponni,clay,100,50.0,dry,80,4,160,8,108.52,41.52,60,2400,19.6,20.4,187.2,270.8,167.0,250.0,61.0,64.0,19.5,34,18.5,35,17.0,32.5,16.0,30.5,10,4,10,6,NW,S,SE,SSE,64.6,85,84,87,320,25876,"High: 20,001-30,000"
4,Panruti,delux ponni,alluvial,100,50.0,dry,80,4,160,8,108.52,41.52,60,2400,18.5,21.5,185.2,272.8,165.3,251.7,60.0,65.0,20.0,35,18.0,30,17.5,33.5,18.0,33.0,4,12,4,12,ENE,NE,NNE,W,85.0,96,84,79,320,25120,"High: 20,001-30,000"
4,Kallakurichi,ponmani,clay,100,50.0,dry,80,4,160,8,108.52,41.52,60,2400,18.5,21.5,185.2,272.8,165.3,251.7,60.0,65.0,19.0,33,17.0,32,16.5,31.5,15.5,32.5,8,6,8,6,W,WNW,SE,S,88.5,95,81,84,400,24724,"High: 20,001-30,000"
4,Sankarapuram,delux ponni,alluvial,100,50.0,dry,80,4,160,8,108.52,41.52,60,2400,18.1,21.9,185.6,272.4,166.1,250.9,60.2,64.8,20.5,32,17.5,28,18.0,34.0,16.5,35.0,10,12,10,12,SSE,W,SW,NW,72.7,91,83,81,320,25228,"High: 20,001-30,000"
4,Chinnasalem,CO_43,clay,100,50.0,dry,80,4,160,8,108.52,41.52,60,2400,18.1,21.9,185.6,272.4,166.1,250.9,60.2,64.8,18.0,31,15.5,34,15.0,33.0,15.0,31.5,6,6,8,10,E,ENE,NE,NNW,78.6,80,92,88,360,25244,"High: 20,001-30,000"
4,Cuddalore,delux ponni,alluvial,100,50.0,dry,80,4,160,8,108.52,41.52,60,2400,19.6,20.4,187.2,270.8,167.0,250.0,61.0,64.0,18.5,34,16.0,30,15.5,31.0,16.0,33.0,4,10,8,10,SW,W,NNW,WSW,72.0,78,88,85,320,24828,"High: 20,001-30,000"
4,Kurinjipadi,delux ponni,clay,100,50.0,dry,80,4,160,8,108.52,41.52,60,2400,19.6,20.4,187.2,270.8,167.0,250.0,61.0,64.0,19.5,34,18.5,35,17.0,32.5,16.0,30.5,10,4,10,6,NW,S,SE,SSE,64.6,85,84,87,320,25640,"High: 20,001-30,000"
4,Panruti,CO_43,clay,100,50.0,dry,80,4,160,8,108.52,41.52,60,2400,18.5,21.5,185.2,272.8,165.3,251.7,60.0,65.0,20.0,35,18.0,30,17.5,33.5,18.0,33.0,4,12,4,12,ENE,NE,NNE,W,85.0,96,84,79,360,24200,"High: 20,001-30,000"
4,Kallakurichi,ponmani,alluvial,100,50.0,dry,80,4,160,8,108.52,41.52,60,2400,18.5,21.5,185.2,272.8,165.3,251.7,60.0,65.0,19.0,33,17.0,32,16.5,31.5,15.5,32.5,8,6,8,6,W,WNW,SE,S,88.5,95,81,84,400,24908,"High: 20,001-30,000"
4,Sankarapuram,delux ponni,clay,100,50.0,dry,80,4,160,8,108.52,41.52,60,2400,18.1,21.9,185.6,272.4,166.1,250.9,60.2,64.8,20.5,32,17.5,28,18.0,34.0,16.5,35.0,10,12,10,12,SSE,W,SW,NW,72.7,91,83,81,320,25452,"High: 20,001-30,000"
4,Chinnasalem,CO_43,clay,100,50.0,dry,80,4,160,8,108.52,41.52,60,2400,18.1,21.9,185.6,272.4,166.1,250.9,60.2,64.8,18.0,31,15.5,34,15.0,33.0,15.0,31.5,6,6,8,10,E,ENE,NE,NNW,78.6,80,92,88,360,24836,"High: 20,001-30,000"
4,Cuddalore,ponmani,alluvial,100,50.0,dry,80,4,160,8,108.52,41.52,60,2400,19.6,20.4,187.2,270.8,167.0,250.0,61.0,64.0,18.5,34,16.0,30,15.5,31.0,16.0,33.0,4,10,8,10,SW,W,NNW,WSW,72.0,78,88,85,400,25244,"High: 20,001-30,000"
4,Kurinjipadi,delux ponni,clay,100,50.0,dry,80,4,160,8,108.52,41.52,60,2400,19.6,20.4,187.2,270.8,167.0,250.0,61.0,64.0,19.5,34,18.5,35,17.0,32.5,16.0,30.5,10,4,10,6,NW,S,SE,SSE,64.6,85,84,87,320,24460,"High: 20,001-30,000"
4,Panruti,CO_43,clay,100,50.0,dry,80,4,160,8,108.52,41.52,60,2400,18.5,21.5,185.2,272.8,165.3,251.7,60.0,65.0,20.0,35,18.0,30,17.5,33.5,18.0,33.0,4,12,4,12,ENE,NE,NNE,W,85.0,96,84,79,360,24908,"High: 20,001-30,000"
4,Kallakurichi,delux ponni,clay,100,50.0,dry,80,4,160,8,108.52,41.52,60,2400,18.5,21.5,185.2,272.8,165.3,251.7,60.0,65.0,19.0,33,17.0,32,16.5,31.5,15.5,32.5,8,6,8,6,W,WNW,SE,S,88.5,95,81,84,320,25300,"High: 20,001-30,000"
4,Sankarapuram,ponmani,clay,100,50.0,dry,80,4,160,8,108.52,41.52,60,2400,18.1,21.9,185.6,272.4,166.1,250.9,60.2,64.8,20.5,32,17.5,28,18.0,34.0,16.5,35.0,10,12,10,12,SSE,W,SW,NW,72.7,91,83,81,400,25876,"High: 20,001-30,000"
4,Kurinjipadi,delux ponni,alluvial,100,50.0,dry,80,4,160,8,108.52,41.52,60,2400,19.6,20.4,187.2,270.8,167.0,250.0,61.0,64.0,19.5,34,18.5,35,17.0,32.5,16.0,30.5,10,4,10,6,NW,S,SE,SSE,64.6,85,84,87,320,25228,"High: 20,001-30,000"
4,Kallakurichi,ponmani,clay,100,50.0,dry,80,4,160,8,108.52,41.52,60,2400,18.5,21.5,185.2,272.8,165.3,251.7,60.0,65.0,19.0,33,17.0,32,16.5,31.5,15.5,32.5,8,6,8,6,W,WNW,SE,S,88.5,95,81,84,400,24828,"High: 20,001-30,000"
4,Sankarapuram,delux ponni,alluvial,100,50.0,dry,80,4,160,8,108.52,41.52,60,2400,18.1,21.9,185.6,272.4,166.1,250.9,60.2,64.8,20.5,32,17.5,28,18.0,34.0,16.5,35.0,10,12,10,12,SSE,W,SW,NW,72.7,91,83,81,320,25640,"High: 20,001-30,000"
4,Chinnasalem,CO_43,clay,100,50.0,dry,80,4,160,8,108.52,41.52,60,2400,18.1,21.9,185.6,272.4,166.1,250.9,60.2,64.8,18.0,31,15.5,34,15.0,33.0,15.0,31.5,6,6,8,10,E,ENE,NE,NNW,78.6,80,92,88,360,24200,"High: 20,001-30,000"
4,Chinnasalem,delux ponni,alluvial,100,50.0,dry,80,4,160,8,108.52,41.52,60,2400,18.1,21.9,185.6,272.4,166.1,250.9,60.2,64.8,18.0,31,15.5,34,15.0,33.0,15.0,31.5,6,6,8,10,E,ENE,NE,NNW,78.6,80,92,88,320,24908,"High: 20,001-30,000"
4,Chinnasalem,ponmani,alluvial,100,50.0,dry,80,4,160,8,108.52,41.52,60,2400,18.1,21.9,185.6,272.4,166.1,250.9,60.2,64.8,18.0,31,15.5,34,15.0,33.0,15.0,31.5,6,6,8,10,E,ENE,NE,NNW,78.6,80,92,88,400,25452,"High: 20,001-30,000"
4,Chinnasalem,ponmani,alluvial,100,50.0,dry,80,4,160,8,108.52,41.52,60,2400,18.1,21.9,185.6,272.4,166.1,250.9,60.2,64.8,18.0,31,15.5,34,15.0,33.0,15.0,31.5,6,6,8,10,E,ENE,NE,NNW,78.6,80,92,88,400,25244,"High: 20,001-30,000"
4,Kallakurichi,delux ponni,alluvial,100,50.0,dry,80,4,160,8,108.52,41.52,60,2400,18.5,21.5,185.2,272.8,165.3,251.7,60.0,65.0,19.0,33,17.0,32,16.5,31.5,15.5,32.5,8,6,8,6,W,WNW,SE,S,88.5,95,81,84,320,24460,"High: 20,001-30,000"
4,Kallakurichi,CO_43,alluvial,100,50.0,dry,80,4,160,8,108.52,41.52,60,2400,18.5,21.5,185.2,272.8,165.3,251.7,60.0,65.0,19.0,33,17.0,32,16.5,31.5,15.5,32.5,8,6,8,6,W,WNW,SE,S,88.5,95,81,84,360,24908,"High: 20,001-30,000"
4,Kallakurichi,delux ponni,clay,100,50.0,dry,80,4,160,8,108.52,41.52,60,2400,18.5,21.5,185.2,272.8,165.3,251.7,60.0,65.0,19.0,33,17.0,32,16.5,31.5,15.5,32.5,8,6,8,6,W,WNW,SE,S,88.5,95,81,84,320,25876,"High: 20,001-30,000"
4,Panruti,CO_43,alluvial,100,50.0,dry,80,4,160,8,108.52,41.52,60,2400,18.5,21.5,185.2,272.8,165.3,251.7,60.0,65.0,20.0,35,18.0,30,17.5,33.5,18.0,33.0,4,12,4,12,ENE,NE,NNE,W,85.0,96,84,79,360,25120,"High: 20,001-30,000"
4,Panruti,delux ponni,clay,100,50.0,dry,80,4,160,8,108.52,41.52,60,2400,18.5,21.5,185.2,272.8,165.3,251.7,60.0,65.0,20.0,35,18.0,30,17.5,33.5,18.0,33.0,4,12,4,12,ENE,NE,NNE,W,85.0,96,84,79,320,24724,"High: 20,001-30,000"
4,Panruti,ponmani,clay,100,50.0,dry,80,4,160,8,108.52,41.52,60,2400,18.5,21.5,185.2,272.8,165.3,251.7,60.0,65.0,20.0,35,18.0,30,17.5,33.5,18.0,33.0,4,12,4,12,ENE,NE,NNE,W,85.0,96,84,79,400,25228,"High: 20,001-30,000"
4,Panruti,ponmani,alluvial,100,50.0,dry,80,4,160,8,108.52,41.52,60,2400,18.5,21.5,185.2,272.8,165.3,251.7,60.0,65.0,20.0,35,18.0,30,17.5,33.5,18.0,33.0,4,12,4,12,ENE,NE,NNE,W,85.0,96,84,79,400,25244,"High: 20,001-30,000"
4,Panruti,ponmani,clay,100,50.0,dry,80,4,160,8,108.52,41.52,60,2400,18.5,21.5,185.2,272.8,165.3,251.7,60.0,65.0,20.0,35,18.0,30,17.5,33.5,18.0,33.0,4,12,4,12,ENE,NE,NNE,W,85.0,96,84,79,400,24828,"High: 20,001-30,000"
4,Cuddalore,ponmani,clay,100,50.0,dry,80,4,160,8,108.52,41.52,60,2400,19.6,20.4,187.2,270.8,167.0,250.0,61.0,64.0,18.5,34,16.0,30,15.5,31.0,16.0,33.0,4,10,8,10,SW,W,NNW,WSW,72.0,78,88,85,400,25640,"High: 20,001-30,000"
4,Cuddalore,CO_43,clay,100,50.0,dry,80,4,160,8,108.52,41.52,60,2400,19.6,20.4,187.2,270.8,167.0,250.0,61.0,64.0,18.5,34,16.0,30,15.5,31.0,16.0,33.0,4,10,8,10,SW,W,NNW,WSW,72.0,78,88,85,360,24200,"High: 20,001-30,000"
4,Cuddalore,ponmani,alluvial,100,50.0,dry,80,4,160,8,108.52,41.52,60,2400,19.6,20.4,187.2,270.8,167.0,250.0,61.0,64.0,18.5,34,16.0,30,15.5,31.0,16.0,33.0,4,10,8,10,SW,W,NNW,WSW,72.0,78,88,85,400,24908,"High: 20,001-30,000"
4,Cuddalore,ponmani,alluvial,100,50.0,dry,80,4,160,8,108.52,41.52,60,2400,19.6,20.4,187.2,270.8,167.0,250.0,61.0,64.0,18.5,34,16.0,30,15.5,31.0,16.0,33.0,4,10,8,10,SW,W,NNW,WSW,72.0,78,88,85,400,25452,"High: 20,001-30,000"
4,Cuddalore,ponmani,alluvial,100,50.0,dry,80,4,160,8,108.52,41.52,60,2400,19.6,20.4,187.2,270.8,167.0,250.0,61.0,64.0,18.5,34,16.0,30,15.5,31.0,16.0,33.0,4,10,8,10,SW,W,NNW,WSW,72.0,78,88,85,400,24836,"High: 20,001-30,000"
4,Cuddalore,delux ponni,clay,100,50.0,dry,80,4,160,8,108.52,41.52,60,2400,19.6,20.4,187.2,270.8,167.0,250.0,61.0,64.0,18.5,34,16.0,30,15.5,31.0,16.0,33.0,4,10,8,10,SW,W,NNW,WSW,72.0,78,88,85,320,25244,"High: 20,001-30,000"
4,Cuddalore,delux ponni,alluvial,100,50.0,dry,80,4,160,8,108.52,41.52,60,2400,19.6,20.4,187.2,270.8,167.0,250.0,61.0,64.0,18.5,34,16.0,30,15.5,31.0,16.0,33.0,4,10,8,10,SW,W,NNW,WSW,72.0,78,88,85,320,24460,"High: 20,001-30,000"
4,Kurinjipadi,delux ponni,clay,100,50.0,dry,80,4,160,8,108.52,41.52,60,2400,19.6,20.4,187.2,270.8,167.0,250.0,61.0,64.0,19.5,34,18.5,35,17.0,32.5,16.0,30.5,10,4,10,6,NW,S,SE,SSE,64.6,85,84,87,320,24908,"High: 20,001-30,000"
4,Kurinjipadi,delux ponni,alluvial,100,50.0,dry,80,4,160,8,108.52,41.52,60,2400,19.6,20.4,187.2,270.8,167.0,250.0,61.0,64.0,19.5,34,18.5,35,17.0,32.5,16.0,30.5,10,4,10,6,NW,S,SE,SSE,64.6,85,84,87,320,25876,"High: 20,001-30,000"
4,Kurinjipadi,CO_43,clay,100,50.0,dry,80,4,160,8,108.52,41.52,60,2400,19.6,20.4,187.2,270.8,167.0,250.0,61.0,64.0,19.5,34,18.5,35,17.0,32.5,16.0,30.5,10,4,10,6,NW,S,SE,SSE,64.6,85,84,87,360,25120,"High: 20,001-30,000"
4,Kurinjipadi,delux ponni,clay,100,50.0,dry,80,4,160,8,108.52,41.52,60,2400,19.6,20.4,187.2,270.8,167.0,250.0,61.0,64.0,19.5,34,18.5,35,17.0,32.5,16.0,30.5,10,4,10,6,NW,S,SE,SSE,64.6,85,84,87,320,24724,"High: 20,001-30,000"
4,Kurinjipadi,CO_43,clay,100,50.0,dry,80,4,160,8,108.52,41.52,60,2400,19.6,20.4,187.2,270.8,167.0,250.0,61.0,64.0,19.5,34,18.5,35,17.0,32.5,16.0,30.5,10,4,10,6,NW,S,SE,SSE,64.6,85,84,87,360,25244,"High: 20,001-30,000"
4,Kurinjipadi,ponmani,alluvial,100,50.0,dry,80,4,160,8,108.52,41.52,60,2400,19.6,20.4,187.2,270.8,167.0,250.0,61.0,64.0,19.5,34,18.5,35,17.0,32.5,16.0,30.5,10,4,10,6,NW,S,SE,SSE,64.6,85,84,87,400,24828,"High: 20,001-30,000"
4,Kurinjipadi,CO_43,clay,100,50.0,dry,80,4,160,8,108.52,41.52,60,2400,19.6,20.4,187.2,270.8,167.0,250.0,61.0,64.0,19.5,34,18.5,35,17.0,32.5,16.0,30.5,10,4,10,6,NW,S,SE,SSE,64.6,85,84,87,360,24200,"High: 20,001-30,000"
4,Sankarapuram,ponmani,alluvial,100,50.0,dry,80,4,160,8,108.52,41.52,60,2400,18.1,21.9,185.6,272.4,166.1,250.9,60.2,64.8,20.5,32,17.5,28,18.0,34.0,16.5,35.0,10,12,10,12,SSE,W,SW,NW,72.7,91,83,81,400,24908,"High: 20,001-30,000"
4,Sankarapuram,CO_43,alluvial,100,50.0,dry,80,4,160,8,108.52,41.52,60,2400,18.1,21.9,185.6,272.4,166.1,250.9,60.2,64.8,20.5,32,17.5,28,18.0,34.0,16.5,35.0,10,12,10,12,SSE,W,SW,NW,72.7,91,83,81,360,24836,"High: 20,001-30,000"
4,Sankarapuram,delux ponni,clay,100,50.0,dry,80,4,160,8,108.52,41.52,60,2400,18.1,21.9,185.6,272.4,166.1,250.9,60.2,64.8,20.5,32,17.5,28,18.0,34.0,16.5,35.0,10,12,10,12,SSE,W,SW,NW,72.7,91,83,81,320,25244,"High: 20,001-30,000"
4,Sankarapuram,ponmani,alluvial,100,50.0,dry,80,4,160,8,108.52,41.52,60,2400,18.1,21.9,185.6,272.4,166.1,250.9,60.2,64.8,20.5,32,17.5,28,18.0,34.0,16.5,35.0,10,12,10,12,SSE,W,SW,NW,72.7,91,83,81,400,24460,"High: 20,001-30,000"
4,Sankarapuram,CO_43,alluvial,100,50.0,dry,80,4,160,8,108.52,41.52,60,2400,18.1,21.9,185.6,272.4,166.1,250.9,60.2,64.8,20.5,32,17.5,28,18.0,34.0,16.5,35.0,10,12,10,12,SSE,W,SW,NW,72.7,91,83,81,360,24908,"High: 20,001-30,000"
4,Sankarapuram,ponmani,clay,100,50.0,dry,80,4,160,8,108.52,41.52,60,2400,18.1,21.9,185.6,272.4,166.1,250.9,60.2,64.8,20.5,32,17.5,28,18.0,34.0,16.5,35.0,10,12,10,12,SSE,W,SW,NW,72.7,91,83,81,400,24080,"High: 20,001-30,000"
4,Sankarapuram,delux ponni,alluvial,100,50.0,dry,80,4,160,8,108.52,41.52,60,2400,18.1,21.9,185.6,272.4,166.1,250.9,60.2,64.8,20.5,32,17.5,28,18.0,34.0,16.5,35.0,10,12,10,12,SSE,W,SW,NW,72.7,91,83,81,320,25668,"High: 20,001-30,000"
4,Sankarapuram,CO_43,clay,100,50.0,dry,80,4,160,8,108.52,41.52,60,2400,18.1,21.9,185.6,272.4,166.1,250.9,60.2,64.8,20.5,32,17.5,28,18.0,34.0,16.5,35.0,10,12,10,12,SSE,W,SW,NW,72.7,91,83,81,360,25584,"High: 20,001-30,000"
4,Sankarapuram,ponmani,alluvial,100,50.0,dry,80,4,160,8,108.52,41.52,60,2400,18.1,21.9,185.6,272.4,166.1,250.9,60.2,64.8,20.5,32,17.5,28,18.0,34.0,16.5,35.0,10,12,10,12,SSE,W,SW,NW,72.7,91,83,81,400,25244,"High: 20,001-30,000"
4,Sankarapuram,delux ponni,clay,100,50.0,dry,80,4,160,8,108.52,41.52,60,2400,18.1,21.9,185.6,272.4,166.1,250.9,60.2,64.8,20.5,32,17.5,28,18.0,34.0,16.5,35.0,10,12,10,12,SSE,W,SW,NW,72.7,91,83,81,320,24324,"High: 20,001-30,000"
4,Sankarapuram,CO_43,alluvial,100,50.0,dry,80,4,160,8,108.52,41.52,60,2400,18.1,21.9,185.6,272.4,166.1,250.9,60.2,64.8,20.5,32,17.5,28,18.0,34.0,16.5,35.0,10,12,10,12,SSE,W,SW,NW,72.7,91,83,81,360,25136,"High: 20,001-30,000"
4,Sankarapuram,delux ponni,clay,100,50.0,dry,80,4,160,8,108.52,41.52,60,2400,18.1,21.9,185.6,272.4,166.1,250.9,60.2,64.8,20.5,32,17.5,28,18.0,34.0,16.5,35.0,10,12,10,12,SSE,W,SW,NW,72.7,91,83,81,320,24772,"High: 20,001-30,000"
4,Sankarapuram,ponmani,clay,100,50.0,dry,80,4,160,8,108.52,41.52,60,2400,18.1,21.9,185.6,272.4,166.1,250.9,60.2,64.8,20.5,32,17.5,28,18.0,34.0,16.5,35.0,10,12,10,12,SSE,W,SW,NW,72.7,91,83,81,400,24912,"High: 20,001-30,000"
4,Sankarapuram,CO_43,clay,100,50.0,dry,80,4,160,8,108.52,41.52,60,2400,18.1,21.9,185.6,272.4,166.1,250.9,60.2,64.8,20.5,32,17.5,28,18.0,34.0,16.5,35.0,10,12,10,12,SSE,W,SW,NW,72.7,91,83,81,360,23492,"High: 20,001-30,000"
4,Sankarapuram,ponmani,clay,100,50.0,dry,80,4,160,8,108.52,41.52,60,2400,18.1,21.9,185.6,272.4,166.1,250.9,60.2,64.8,20.5,32,17.5,28,18.0,34.0,16.5,35.0,10,12,10,12,SSE,W,SW,NW,72.7,91,83,81,400,22892,"High: 20,001-30,000"
4,Sankarapuram,delux ponni,alluvial,100,50.0,dry,80,4,160,8,108.52,41.52,60,2400,18.1,21.9,185.6,272.4,166.1,250.9,60.2,64.8,20.5,32,17.5,28,18.0,34.0,16.5,35.0,10,12,10,12,SSE,W,SW,NW,72.7,91,83,81,320,24200,"High: 20,001-30,000"
4,Sankarapuram,CO_43,clay,100,50.0,dry,80,4,160,8,108.52,41.52,60,2400,18.1,21.9,185.6,272.4,166.1,250.9,60.2,64.8,20.5,32,17.5,28,18.0,34.0,16.5,35.0,10,12,10,12,SSE,W,SW,NW,72.7,91,83,81,360,24488,"High: 20,001-30,000"
4,Sankarapuram,delux ponni,alluvial,100,50.0,dry,80,4,160,8,108.52,41.52,60,2400,18.1,21.9,185.6,272.4,166.1,250.9,60.2,64.8,20.5,32,17.5,28,18.0,34.0,16.5,35.0,10,12,10,12,SSE,W,SW,NW,72.7,91,83,81,320,24060,"High: 20,001-30,000"
4,Cuddalore,CO_43,clay,100,50.0,dry,80,4,160,8,108.52,41.52,60,2400,19.6,20.4,187.2,270.8,167.0,250.0,61.0,64.0,18.5,34,16.0,30,15.5,31.0,16.0,33.0,4,10,8,10,SW,W,NNW,WSW,72.0,78,88,85,360,25284,"High: 20,001-30,000"
4,Panruti,ponmani,alluvial,100,50.0,wet,80,4,160,8,108.52,41.52,60,2400,18.5,21.5,185.2,272.8,165.3,251.7,60.0,65.0,20.0,35,18.0,30,17.5,33.5,18.0,33.0,4,12,4,12,ENE,NE,NNE,W,85.0,96,84,79,400,24908,"High: 20,001-30,000"
4,Kallakurichi,ponmani,clay,100,50.0,wet,80,4,160,8,108.52,41.52,60,2400,18.5,21.5,185.2,272.8,165.3,251.7,60.0,65.0,19.0,33,17.0,32,16.5,31.5,15.5,32.5,8,6,8,6,W,WNW,SE,S,88.5,95,81,84,400,25664,"High: 20,001-30,000"
4,Sankarapuram,ponmani,clay,100,50.0,wet,80,4,160,8,108.52,41.52,60,2400,18.1,21.9,185.6,272.4,166.1,250.9,60.2,64.8,20.5,32,17.5,28,18.0,34.0,16.5,35.0,10,12,10,12,SSE,W,SW,NW,72.7,91,83,81,400,24908,"High: 20,001-30,000"
4,Chinnasalem,ponmani,clay,100,50.0,wet,80,4,160,8,108.52,41.52,60,2400,18.1,21.9,185.6,272.4,166.1,250.9,60.2,64.8,18.0,31,15.5,34,15.0,33.0,15.0,31.5,6,6,8,10,E,ENE,NE,NNW,78.6,80,92,88,400,25448,"High: 20,001-30,000"
4,Cuddalore,CO_43,alluvial,100,50.0,wet,80,4,160,8,108.52,41.52,60,2400,19.6,20.4,187.2,270.8,167.0,250.0,61.0,64.0,18.5,34,16.0,30,15.5,31.0,16.0,33.0,4,10,8,10,SW,W,NNW,WSW,72.0,78,88,85,360,24708,"High: 20,001-30,000"
4,Kurinjipadi,ponmani,clay,100,50.0,wet,80,4,160,8,108.52,41.52,60,2400,19.6,20.4,187.2,270.8,167.0,250.0,61.0,64.0,19.5,34,18.5,35,17.0,32.5,16.0,30.5,10,4,10,6,NW,S,SE,SSE,64.6,85,84,87,400,25144,"High: 20,001-30,000"
4,Panruti,ponmani,clay,100,50.0,wet,80,4,160,8,108.52,41.52,60,2400,18.5,21.5,185.2,272.8,165.3,251.7,60.0,65.0,20.0,35,18.0,30,17.5,33.5,18.0,33.0,4,12,4,12,ENE,NE,NNE,W,85.0,96,84,79,400,24604,"High: 20,001-30,000"
4,Kallakurichi,ponmani,alluvial,100,50.0,wet,80,4,160,8,108.52,41.52,60,2400,18.5,21.5,185.2,272.8,165.3,251.7,60.0,65.0,19.0,33,17.0,32,16.5,31.5,15.5,32.5,8,6,8,6,W,WNW,SE,S,88.5,95,81,84,400,24756,"High: 20,001-30,000"
4,Sankarapuram,delux ponni,alluvial,100,50.0,wet,80,4,160,8,108.52,41.52,60,2400,18.1,21.9,185.6,272.4,166.1,250.9,60.2,64.8,20.5,32,17.5,28,18.0,34.0,16.5,35.0,10,12,10,12,SSE,W,SW,NW,72.7,91,83,81,320,25452,"High: 20,001-30,000"
4,Chinnasalem,delux ponni,alluvial,100,50.0,wet,80,4,160,8,108.52,41.52,60,2400,18.1,21.9,185.6,272.4,166.1,250.9,60.2,64.8,18.0,31,15.5,34,15.0,33.0,15.0,31.5,6,6,8,10,E,ENE,NE,NNW,78.6,80,92,88,320,24368,"High: 20,001-30,000"
4,Cuddalore,delux ponni,alluvial,100,50.0,wet,80,4,160,8,108.52,41.52,60,2400,19.6,20.4,187.2,270.8,167.0,250.0,61.0,64.0,18.5,34,16.0,30,15.5,31.0,16.0,33.0,4,10,8,10,SW,W,NNW,WSW,72.0,78,88,85,320,24768,"High: 20,001-30,000"
4,Kurinjipadi,ponmani,alluvial,100,50.0,wet,80,4,160,8,108.52,41.52,60,2400,19.6,20.4,187.2,270.8,167.0,250.0,61.0,64.0,19.5,34,18.5,35,17.0,32.5,16.0,30.5,10,4,10,6,NW,S,SE,SSE,64.6,85,84,87,400,25616,"High: 20,001-30,000"
4,Panruti,delux ponni,alluvial,100,50.0,wet,80,4,160,8,108.52,41.52,60,2400,18.5,21.5,185.2,272.8,165.3,251.7,60.0,65.0,20.0,35,18.0,30,17.5,33.5,18.0,33.0,4,12,4,12,ENE,NE,NNE,W,85.0,96,84,79,320,25672,"High: 20,001-30,000"
4,Kallakurichi,CO_43,alluvial,100,50.0,wet,80,4,160,8,108.52,41.52,60,2400,18.5,21.5,185.2,272.8,165.3,251.7,60.0,65.0,19.0,33,17.0,32,16.5,31.5,15.5,32.5,8,6,8,6,W,WNW,SE,S,88.5,95,81,84,360,25424,"High: 20,001-30,000"
4,Sankarapuram,delux ponni,clay,100,50.0,wet,80,4,160,8,108.52,41.52,60,2400,18.1,21.9,185.6,272.4,166.1,250.9,60.2,64.8,20.5,32,17.5,28,18.0,34.0,16.5,35.0,10,12,10,12,SSE,W,SW,NW,72.7,91,83,81,320,24636,"High: 20,001-30,000"
4,Chinnasalem,delux ponni,clay,100,50.0,wet,80,4,160,8,108.52,41.52,60,2400,18.1,21.9,185.6,272.4,166.1,250.9,60.2,64.8,18.0,31,15.5,34,15.0,33.0,15.0,31.5,6,6,8,10,E,ENE,NE,NNW,78.6,80,92,88,320,24836,"High: 20,001-30,000"
4,Cuddalore,CO_43,clay,100,50.0,wet,80,4,160,8,108.52,41.52,60,2400,19.6,20.4,187.2,270.8,167.0,250.0,61.0,64.0,18.5,34,16.0,30,15.5,31.0,16.0,33.0,4,10,8,10,SW,W,NNW,WSW,72.0,78,88,85,360,24460,"High: 20,001-30,000"
4,Kurinjipadi,ponmani,clay,100,50.0,wet,80,4,160,8,108.52,41.52,60,2400,19.6,20.4,187.2,270.8,167.0,250.0,61.0,64.0,19.5,34,18.5,35,17.0,32.5,16.0,30.5,10,4,10,6,NW,S,SE,SSE,64.6,85,84,87,400,25724,"High: 20,001-30,000"
4,Panruti,delux ponni,clay,100,50.0,wet,80,4,160,8,108.52,41.52,60,2400,18.5,21.5,185.2,272.8,165.3,251.7,60.0,65.0,20.0,35,18.0,30,17.5,33.5,18.0,33.0,4,12,4,12,ENE,NE,NNE,W,85.0,96,84,79,320,24284,"High: 20,001-30,000"
4,Kallakurichi,CO_43,clay,100,50.0,wet,80,4,160,8,108.52,41.52,60,2400,18.5,21.5,185.2,272.8,165.3,251.7,60.0,65.0,19.0,33,17.0,32,16.5,31.5,15.5,32.5,8,6,8,6,W,WNW,SE,S,88.5,95,81,84,360,25300,"High: 20,001-30,000"
4,Sankarapuram,ponmani,clay,100,50.0,wet,80,4,160,8,108.52,41.52,60,2400,18.1,21.9,185.6,272.4,166.1,250.9,60.2,64.8,20.5,32,17.5,28,18.0,34.0,16.5,35.0,10,12,10,12,SSE,W,SW,NW,72.7,91,83,81,400,25876,"High: 20,001-30,000"
4,Chinnasalem,delux ponni,clay,100,50.0,wet,80,4,160,8,108.52,41.52,60,2400,18.1,21.9,185.6,272.4,166.1,250.9,60.2,64.8,18.0,31,15.5,34,15.0,33.0,15.0,31.5,6,6,8,10,E,ENE,NE,NNW,78.6,80,92,88,320,25120,"High: 20,001-30,000"
4,Cuddalore,CO_43,alluvial,100,50.0,dry,80,4,160,8,108.52,41.52,60,2400,19.6,20.4,187.2,270.8,167.0,250.0,61.0,64.0,18.5,34,16.0,30,15.5,31.0,16.0,33.0,4,10,8,10,SW,W,NNW,WSW,72.0,78,88,85,360,24432,"High: 20,001-30,000"
4,Kurinjipadi,delux ponni,alluvial,100,50.0,dry,80,4,160,8,108.52,41.52,60,2400,19.6,20.4,187.2,270.8,167.0,250.0,61.0,64.0,19.5,34,18.5,35,17.0,32.5,16.0,30.5,10,4,10,6,NW,S,SE,SSE,64.6,85,84,87,320,24724,"High: 20,001-30,000"
4,Panruti,ponmani,alluvial,100,50.0,dry,80,4,160,8,108.52,41.52,60,2400,18.5,21.5,185.2,272.8,165.3,251.7,60.0,65.0,20.0,35,18.0,30,17.5,33.5,18.0,33.0,4,12,4,12,ENE,NE,NNE,W,85.0,96,84,79,400,24644,"High: 20,001-30,000"
4,Kallakurichi,CO_43,alluvial,100,50.0,dry,80,4,160,8,108.52,41.52,60,2400,18.5,21.5,185.2,272.8,165.3,251.7,60.0,65.0,19.0,33,17.0,32,16.5,31.5,15.5,32.5,8,6,8,6,W,WNW,SE,S,88.5,95,81,84,360,25228,"High: 20,001-30,000"
4,Chinnasalem,delux ponni,alluvial,100,50.0,dry,80,4,160,8,108.52,41.52,60,2400,18.1,21.9,185.6,272.4,166.1,250.9,60.2,64.8,18.0,31,15.5,34,15.0,33.0,15.0,31.5,6,6,8,10,E,ENE,NE,NNW,78.6,80,92,88,320,24436,"High: 20,001-30,000"
4,Cuddalore,CO_43,alluvial,100,50.0,dry,80,4,160,8,108.52,41.52,60,2400,19.6,20.4,187.2,270.8,167.0,250.0,61.0,64.0,18.5,34,16.0,30,15.5,31.0,16.0,33.0,4,10,8,10,SW,W,NNW,WSW,72.0,78,88,85,360,25536,"High: 20,001-30,000"
4,Panruti,delux ponni,clay,100,50.0,dry,80,4,160,8,108.52,41.52,60,2400,18.5,21.5,185.2,272.8,165.3,251.7,60.0,65.0,20.0,35,18.0,30,17.5,33.5,18.0,33.0,4,12,4,12,ENE,NE,NNE,W,85.0,96,84,79,320,24644,"High: 20,001-30,000"
4,Kallakurichi,CO_43,clay,100,50.0,dry,80,4,160,8,108.52,41.52,60,2400,18.5,21.5,185.2,272.8,165.3,251.7,60.0,65.0,19.0,33,17.0,32,16.5,31.5,15.5,32.5,8,6,8,6,W,WNW,SE,S,88.5,95,81,84,360,24228,"High: 20,001-30,000"
4,Sankarapuram,delux ponni,clay,100,50.0,dry,80,4,160,8,108.52,41.52,60,2400,18.1,21.9,185.6,272.4,166.1,250.9,60.2,64.8,20.5,32,17.5,28,18.0,34.0,16.5,35.0,10,12,10,12,SSE,W,SW,NW,72.7,91,83,81,320,25640,"High: 20,001-30,000"
4,Chinnasalem,ponmani,clay,100,50.0,dry,80,4,160,8,108.52,41.52,60,2400,18.1,21.9,185.6,272.4,166.1,250.9,60.2,64.8,18.0,31,15.5,34,15.0,33.0,15.0,31.5,6,6,8,10,E,ENE,NE,NNW,78.6,80,92,88,400,24684,"High: 20,001-30,000"
4,Kurinjipadi,ponmani,clay,100,50.0,dry,80,4,160,8,108.52,41.52,60,2400,19.6,20.4,187.2,270.8,167.0,250.0,61.0,64.0,19.5,34,18.5,35,17.0,32.5,16.0,30.5,10,4,10,6,NW,S,SE,SSE,64.6,85,84,87,400,24488,"High: 20,001-30,000"
4,Panruti,delux ponni,clay,100,50.0,dry,80,4,160,8,108.52,41.52,60,2400,18.5,21.5,185.2,272.8,165.3,251.7,60.0,65.0,20.0,35,18.0,30,17.5,33.5,18.0,33.0,4,12,4,12,ENE,NE,NNE,W,85.0,96,84,79,320,24060,"High: 20,001-30,000"
4,Kallakurichi,CO_43,alluvial,100,50.0,dry,80,4,160,8,108.52,41.52,60,2400,18.5,21.5,185.2,272.8,165.3,251.7,60.0,65.0,19.0,33,17.0,32,16.5,31.5,15.5,32.5,8,6,8,6,W,WNW,SE,S,88.5,95,81,84,360,24852,"High: 20,001-30,000"
4,Chinnasalem,delux ponni,alluvial,100,50.0,dry,80,4,160,8,108.52,41.52,60,2400,18.1,21.9,185.6,272.4,166.1,250.9,60.2,64.8,18.0,31,15.5,34,15.0,33.0,15.0,31.5,6,6,8,10,E,ENE,NE,NNW,78.6,80,92,88,320,25448,"High: 20,001-30,000"
4,Cuddalore,CO_43,clay,100,50.0,wet,80,4,160,8,108.52,41.52,60,2400,19.6,20.4,187.2,270.8,167.0,250.0,61.0,64.0,18.5,34,16.0,30,15.5,31.0,16.0,33.0,4,10,8,10,SW,W,NNW,WSW,72.0,78,88,85,360,24604,"High: 20,001-30,000"
4,Kurinjipadi,delux ponni,alluvial,100,50.0,wet,80,4,160,8,108.52,41.52,60,2400,19.6,20.4,187.2,270.8,167.0,250.0,61.0,64.0,19.5,34,18.5,35,17.0,32.5,16.0,30.5,10,4,10,6,NW,S,SE,SSE,64.6,85,84,87,320,25452,"High: 20,001-30,000"
4,Panruti,ponmani,alluvial,100,50.0,wet,80,4,160,8,108.52,41.52,60,2400,18.5,21.5,185.2,272.8,165.3,251.7,60.0,65.0,20.0,35,18.0,30,17.5,33.5,18.0,33.0,4,12,4,12,ENE,NE,NNE,W,85.0,96,84,79,400,25672,"High: 20,001-30,000"
4,Kallakurichi,ponmani,clay,100,50.0,wet,80,4,160,8,108.52,41.52,60,2400,18.5,21.5,185.2,272.8,165.3,251.7,60.0,65.0,19.0,33,17.0,32,16.5,31.5,15.5,32.5,8,6,8,6,W,WNW,SE,S,88.5,95,81,84,400,24836,"High: 20,001-30,000"
4,Sankarapuram,ponmani,alluvial,100,50.0,wet,80,4,160,8,108.52,41.52,60,2400,18.1,21.9,185.6,272.4,166.1,250.9,60.2,64.8,20.5,32,17.5,28,18.0,34.0,16.5,35.0,10,12,10,12,SSE,W,SW,NW,72.7,91,83,81,400,25724,"High: 20,001-30,000"
4,Chinnasalem,ponmani,clay,100,50.0,wet,80,4,160,8,108.52,41.52,60,2400,18.1,21.9,185.6,272.4,166.1,250.9,60.2,64.8,18.0,31,15.5,34,15.0,33.0,15.0,31.5,6,6,8,10,E,ENE,NE,NNW,78.6,80,92,88,400,25120,"High: 20,001-30,000"
4,Cuddalore,CO_43,alluvial,100,50.0,wet,80,4,160,8,108.52,41.52,60,2400,19.6,20.4,187.2,270.8,167.0,250.0,61.0,64.0,18.5,34,16.0,30,15.5,31.0,16.0,33.0,4,10,8,10,SW,W,NNW,WSW,72.0,78,88,85,360,24644,"High: 20,001-30,000"
4,Kurinjipadi,ponmani,clay,100,50.0,wet,80,4,160,8,108.52,41.52,60,2400,19.6,20.4,187.2,270.8,167.0,250.0,61.0,64.0,19.5,34,18.5,35,17.0,32.5,16.0,30.5,10,4,10,6,NW,S,SE,SSE,64.6,85,84,87,400,25244,"High: 20,001-30,000"
4,Panruti,ponmani,alluvial,100,50.0,wet,80,4,160,8,108.52,41.52,60,2400,18.5,21.5,185.2,272.8,165.3,251.7,60.0,65.0,20.0,35,18.0,30,17.5,33.5,18.0,33.0,4,12,4,12,ENE,NE,NNE,W,85.0,96,84,79,400,24200,"High: 20,001-30,000"
4,Kallakurichi,ponmani,clay,100,50.0,wet,80,4,160,8,108.52,41.52,60,2400,18.5,21.5,185.2,272.8,165.3,251.7,60.0,65.0,19.0,33,17.0,32,16.5,31.5,15.5,32.5,8,6,8,6,W,WNW,SE,S,88.5,95,81,84,400,24488,"High: 20,001-30,000"
4,Sankarapuram,delux ponni,clay,100,50.0,wet,80,4,160,8,108.52,41.52,60,2400,18.1,21.9,185.6,272.4,166.1,250.9,60.2,64.8,20.5,32,17.5,28,18.0,34.0,16.5,35.0,10,12,10,12,SSE,W,SW,NW,72.7,91,83,81,320,24460,"High: 20,001-30,000"
4,Chinnasalem,delux ponni,alluvial,100,50.0,wet,80,4,160,8,108.52,41.52,60,2400,18.1,21.9,185.6,272.4,166.1,250.9,60.2,64.8,18.0,31,15.5,34,15.0,33.0,15.0,31.5,6,6,8,10,E,ENE,NE,NNW,78.6,80,92,88,320,25284,"High: 20,001-30,000"
4,Cuddalore,delux ponni,clay,100,50.0,wet,80,4,160,8,108.52,41.52,60,2400,19.6,20.4,187.2,270.8,167.0,250.0,61.0,64.0,18.5,34,16.0,30,15.5,31.0,16.0,33.0,4,10,8,10,SW,W,NNW,WSW,72.0,78,88,85,320,24908,"High: 20,001-30,000"
4,Kurinjipadi,ponmani,clay,100,50.0,wet,80,4,160,8,108.52,41.52,60,2400,19.6,20.4,187.2,270.8,167.0,250.0,61.0,64.0,19.5,34,18.5,35,17.0,32.5,16.0,30.5,10,4,10,6,NW,S,SE,SSE,64.6,85,84,87,400,25664,"High: 20,001-30,000"
4,Panruti,delux ponni,alluvial,100,50.0,wet,80,4,160,8,108.52,41.52,60,2400,18.5,21.5,185.2,272.8,165.3,251.7,60.0,65.0,20.0,35,18.0,30,17.5,33.5,18.0,33.0,4,12,4,12,ENE,NE,NNE,W,85.0,96,84,79,320,24708,"High: 20,001-30,000"
4,Kallakurichi,CO_43,clay,100,50.0,wet,80,4,160,8,108.52,41.52,60,2400,18.5,21.5,185.2,272.8,165.3,251.7,60.0,65.0,19.0,33,17.0,32,16.5,31.5,15.5,32.5,8,6,8,6,W,WNW,SE,S,88.5,95,81,84,360,24756,"High: 20,001-30,000"
4,Sankarapuram,delux ponni,clay,100,50.0,wet,80,4,160,8,108.52,41.52,60,2400,18.1,21.9,185.6,272.4,166.1,250.9,60.2,64.8,20.5,32,17.5,28,18.0,34.0,16.5,35.0,10,12,10,12,SSE,W,SW,NW,72.7,91,83,81,320,24368,"High: 20,001-30,000"
4,Chinnasalem,delux ponni,clay,100,50.0,wet,80,4,160,8,108.52,41.52,60,2400,18.1,21.9,185.6,272.4,166.1,250.9,60.2,64.8,18.0,31,15.5,34,15.0,33.0,15.0,31.5,6,6,8,10,E,ENE,NE,NNW,78.6,80,92,88,320,25424,"High: 20,001-30,000"
4,Kurinjipadi,ponmani,alluvial,100,50.0,wet,80,4,160,8,108.52,41.52,60,2400,19.6,20.4,187.2,270.8,167.0,250.0,61.0,64.0,19.5,34,18.5,35,17.0,32.5,16.0,30.5,10,4,10,6,NW,S,SE,SSE,64.6,85,84,87,400,24284,"High: 20,001-30,000"
4,Panruti,delux ponni,clay,100,50.0,wet,80,4,160,8,108.52,41.52,60,2400,18.5,21.5,185.2,272.8,165.3,251.7,60.0,65.0,20.0,35,18.0,30,17.5,33.5,18.0,33.0,4,12,4,12,ENE,NE,NNE,W,85.0,96,84,79,320,24432,"High: 20,001-30,000"
4,Kallakurichi,CO_43,alluvial,100,50.0,wet,80,4,160,8,108.52,41.52,60,2400,18.5,21.5,185.2,272.8,165.3,251.7,60.0,65.0,19.0,33,17.0,32,16.5,31.5,15.5,32.5,8,6,8,6,W,WNW,SE,S,88.5,95,81,84,360,25228,"High: 20,001-30,000"
4,Sankarapuram,ponmani,clay,100,50.0,wet,80,4,160,8,108.52,41.52,60,2400,18.1,21.9,185.6,272.4,166.1,250.9,60.2,64.8,20.5,32,17.5,28,18.0,34.0,16.5,35.0,10,12,10,12,SSE,W,SW,NW,72.7,91,83,81,400,24436,"High: 20,001-30,000"
4,Chinnasalem,delux ponni,clay,100,50.0,wet,80,4,160,8,108.52,41.52,60,2400,18.1,21.9,185.6,272.4,166.1,250.9,60.2,64.8,18.0,31,15.5,34,15.0,33.0,15.0,31.5,6,6,8,10,E,ENE,NE,NNW,78.6,80,92,88,320,25300,"High: 20,001-30,000"
4,Cuddalore,CO_43,alluvial,100,50.0,wet,80,4,160,8,108.52,41.52,60,2400,19.6,20.4,187.2,270.8,167.0,250.0,61.0,64.0,18.5,34,16.0,30,15.5,31.0,16.0,33.0,4,10,8,10,SW,W,NNW,WSW,72.0,78,88,85,360,25876,"High: 20,001-30,000"
4,Kurinjipadi,delux ponni,clay,100,50.0,wet,80,4,160,8,108.52,41.52,60,2400,19.6,20.4,187.2,270.8,167.0,250.0,61.0,64.0,19.5,34,18.5,35,17.0,32.5,16.0,30.5,10,4,10,6,NW,S,SE,SSE,64.6,85,84,87,320,25120,"High: 20,001-30,000"
4,Panruti,ponmani,alluvial,100,50.0,wet,80,4,160,8,108.52,41.52,60,2400,18.5,21.5,185.2,272.8,165.3,251.7,60.0,65.0,20.0,35,18.0,30,17.5,33.5,18.0,33.0,4,12,4,12,ENE,NE,NNE,W,85.0,96,84,79,400,24724,"High: 20,001-30,000"
4,Sankarapuram,ponmani,clay,100,50.0,wet,80,4,160,8,108.52,41.52,60,2400,18.1,21.9,185.6,272.4,166.1,250.9,60.2,64.8,20.5,32,17.5,28,18.0,34.0,16.5,35.0,10,12,10,12,SSE,W,SW,NW,72.7,91,83,81,400,25244,"High: 20,001-30,000"
4,Chinnasalem,delux ponni,alluvial,100,50.0,wet,80,4,160,8,108.52,41.52,60,2400,18.1,21.9,185.6,272.4,166.1,250.9,60.2,64.8,18.0,31,15.5,34,15.0,33.0,15.0,31.5,6,6,8,10,E,ENE,NE,NNW,78.6,80,92,88,320,24828,"High: 20,001-30,000"
4,Cuddalore,CO_43,alluvial,100,50.0,wet,80,4,160,8,108.52,41.52,60,2400,19.6,20.4,187.2,270.8,167.0,250.0,61.0,64.0,18.5,34,16.0,30,15.5,31.0,16.0,33.0,4,10,8,10,SW,W,NNW,WSW,72.0,78,88,85,360,25640,"High: 20,001-30,000"
4,Kurinjipadi,ponmani,alluvial,100,50.0,wet,80,4,160,8,108.52,41.52,60,2400,19.6,20.4,187.2,270.8,167.0,250.0,61.0,64.0,19.5,34,18.5,35,17.0,32.5,16.0,30.5,10,4,10,6,NW,S,SE,SSE,64.6,85,84,87,400,24200,"High: 20,001-30,000"
4,Panruti,delux ponni,alluvial,100,50.0,dry,80,4,160,8,108.52,41.52,60,2400,18.5,21.5,185.2,272.8,165.3,251.7,60.0,65.0,20.0,35,18.0,30,17.5,33.5,18.0,33.0,4,12,4,12,ENE,NE,NNE,W,85.0,96,84,79,320,24908,"High: 20,001-30,000"
4,Kallakurichi,CO_43,clay,100,50.0,dry,80,4,160,8,108.52,41.52,60,2400,18.5,21.5,185.2,272.8,165.3,251.7,60.0,65.0,19.0,33,17.0,32,16.5,31.5,15.5,32.5,8,6,8,6,W,WNW,SE,S,88.5,95,81,84,360,25452,"High: 20,001-30,000"
4,Sankarapuram,delux ponni,alluvial,100,50.0,dry,80,4,160,8,108.52,41.52,60,2400,18.1,21.9,185.6,272.4,166.1,250.9,60.2,64.8,20.5,32,17.5,28,18.0,34.0,16.5,35.0,10,12,10,12,SSE,W,SW,NW,72.7,91,83,81,320,24836,"High: 20,001-30,000"
4,Chinnasalem,ponmani,clay,100,50.0,dry,80,4,160,8,108.52,41.52,60,2400,18.1,21.9,185.6,272.4,166.1,250.9,60.2,64.8,18.0,31,15.5,34,15.0,33.0,15.0,31.5,6,6,8,10,E,ENE,NE,NNW,78.6,80,92,88,400,25244,"High: 20,001-30,000"
4,Cuddalore,CO_43,clay,100,50.0,dry,80,4,160,8,108.52,41.52,60,2400,19.6,20.4,187.2,270.8,167.0,250.0,61.0,64.0,18.5,34,16.0,30,15.5,31.0,16.0,33.0,4,10,8,10,SW,W,NNW,WSW,72.0,78,88,85,360,24460,"High: 20,001-30,000"
4,Kurinjipadi,ponmani,alluvial,100,50.0,dry,80,4,160,8,108.52,41.52,60,2400,19.6,20.4,187.2,270.8,167.0,250.0,61.0,64.0,19.5,34,18.5,35,17.0,32.5,16.0,30.5,10,4,10,6,NW,S,SE,SSE,64.6,85,84,87,400,24908,"High: 20,001-30,000"
4,Panruti,delux ponni,clay,100,50.0,dry,80,4,160,8,108.52,41.52,60,2400,18.5,21.5,185.2,272.8,165.3,251.7,60.0,65.0,20.0,35,18.0,30,17.5,33.5,18.0,33.0,4,12,4,12,ENE,NE,NNE,W,85.0,96,84,79,320,25300,"High: 20,001-30,000"
4,Kallakurichi,CO_43,clay,100,50.0,dry,80,4,160,8,108.52,41.52,60,2400,18.5,21.5,185.2,272.8,165.3,251.7,60.0,65.0,19.0,33,17.0,32,16.5,31.5,15.5,32.5,8,6,8,6,W,WNW,SE,S,88.5,95,81,84,360,25876,"High: 20,001-30,000"
4,Sankarapuram,ponmani,clay,100,50.0,dry,80,4,160,8,108.52,41.52,60,2400,18.1,21.9,185.6,272.4,166.1,250.9,60.2,64.8,20.5,32,17.5,28,18.0,34.0,16.5,35.0,10,12,10,12,SSE,W,SW,NW,72.7,91,83,81,400,25120,"High: 20,001-30,000"
4,Chinnasalem,delux ponni,alluvial,100,50.0,dry,80,4,160,8,108.52,41.52,60,2400,18.1,21.9,185.6,272.4,166.1,250.9,60.2,64.8,18.0,31,15.5,34,15.0,33.0,15.0,31.5,6,6,8,10,E,ENE,NE,NNW,78.6,80,92,88,320,24724,"High: 20,001-30,000"
4,Cuddalore,CO_43,alluvial,100,50.0,dry,80,4,160,8,108.52,41.52,60,2400,19.6,20.4,187.2,270.8,167.0,250.0,61.0,64.0,18.5,34,16.0,30,15.5,31.0,16.0,33.0,4,10,8,10,SW,W,NNW,WSW,72.0,78,88,85,360,25228,"High: 20,001-30,000"
4,Kurinjipadi,delux ponni,alluvial,100,50.0,dry,80,4,160,8,108.52,41.52,60,2400,19.6,20.4,187.2,270.8,167.0,250.0,61.0,64.0,19.5,34,18.5,35,17.0,32.5,16.0,30.5,10,4,10,6,NW,S,SE,SSE,64.6,85,84,87,320,25244,"High: 20,001-30,000"
4,Kallakurichi,ponmani,alluvial,100,50.0,dry,80,4,160,8,108.52,41.52,60,2400,18.5,21.5,185.2,272.8,165.3,251.7,60.0,65.0,19.0,33,17.0,32,16.5,31.5,15.5,32.5,8,6,8,6,W,WNW,SE,S,88.5,95,81,84,400,25640,"High: 20,001-30,000"
4,Sankarapuram,ponmani,clay,100,50.0,dry,80,4,160,8,108.52,41.52,60,2400,18.1,21.9,185.6,272.4,166.1,250.9,60.2,64.8,20.5,32,17.5,28,18.0,34.0,16.5,35.0,10,12,10,12,SSE,W,SW,NW,72.7,91,83,81,400,24200,"High: 20,001-30,000"
4,Cuddalore,CO_43,alluvial,100,50.0,dry,80,4,160,8,108.52,41.52,60,2400,19.6,20.4,187.2,270.8,167.0,250.0,61.0,64.0,18.5,34,16.0,30,15.5,31.0,16.0,33.0,4,10,8,10,SW,W,NNW,WSW,72.0,78,88,85,360,25452,"High: 20,001-30,000"
4,Kurinjipadi,ponmani,clay,100,50.0,dry,80,4,160,8,108.52,41.52,60,2400,19.6,20.4,187.2,270.8,167.0,250.0,61.0,64.0,19.5,34,18.5,35,17.0,32.5,16.0,30.5,10,4,10,6,NW,S,SE,SSE,64.6,85,84,87,400,24836,"High: 20,001-30,000"
4,Panruti,ponmani,clay,100,50.0,dry,80,4,160,8,108.52,41.52,60,2400,18.5,21.5,185.2,272.8,165.3,251.7,60.0,65.0,20.0,35,18.0,30,17.5,33.5,18.0,33.0,4,12,4,12,ENE,NE,NNE,W,85.0,96,84,79,400,25244,"High: 20,001-30,000"
4,Kallakurichi,ponmani,alluvial,100,50.0,dry,80,4,160,8,108.52,41.52,60,2400,18.5,21.5,185.2,272.8,165.3,251.7,60.0,65.0,19.0,33,17.0,32,16.5,31.5,15.5,32.5,8,6,8,6,W,WNW,SE,S,88.5,95,81,84,400,24460,"High: 20,001-30,000"
4,Sankarapuram,delux ponni,clay,100,50.0,dry,80,4,160,8,108.52,41.52,60,2400,18.1,21.9,185.6,272.4,166.1,250.9,60.2,64.8,20.5,32,17.5,28,18.0,34.0,16.5,35.0,10,12,10,12,SSE,W,SW,NW,72.7,91,83,81,320,24908,"High: 20,001-30,000"
4,Chinnasalem,delux ponni,alluvial,100,50.0,dry,80,4,160,8,108.52,41.52,60,2400,18.1,21.9,185.6,272.4,166.1,250.9,60.2,64.8,18.0,31,15.5,34,15.0,33.0,15.0,31.5,6,6,8,10,E,ENE,NE,NNW,78.6,80,92,88,320,25300,"High: 20,001-30,000"
4,Cuddalore,delux ponni,clay,100,50.0,dry,80,4,160,8,108.52,41.52,60,2400,19.6,20.4,187.2,270.8,167.0,250.0,61.0,64.0,18.5,34,16.0,30,15.5,31.0,16.0,33.0,4,10,8,10,SW,W,NNW,WSW,72.0,78,88,85,320,25876,"High: 20,001-30,000"
4,Kurinjipadi,ponmani,clay,100,50.0,wet,80,4,160,8,108.52,41.52,60,2400,19.6,20.4,187.2,270.8,167.0,250.0,61.0,64.0,19.5,34,18.5,35,17.0,32.5,16.0,30.5,10,4,10,6,NW,S,SE,SSE,64.6,85,84,87,400,25120,"High: 20,001-30,000"
4,Panruti,delux ponni,alluvial,100,50.0,wet,80,4,160,8,108.52,41.52,60,2400,18.5,21.5,185.2,272.8,165.3,251.7,60.0,65.0,20.0,35,18.0,30,17.5,33.5,18.0,33.0,4,12,4,12,ENE,NE,NNE,W,85.0,96,84,79,320,24724,"High: 20,001-30,000"
4,Kallakurichi,CO_43,clay,100,50.0,wet,80,4,160,8,108.52,41.52,60,2400,18.5,21.5,185.2,272.8,165.3,251.7,60.0,65.0,19.0,33,17.0,32,16.5,31.5,15.5,32.5,8,6,8,6,W,WNW,SE,S,88.5,95,81,84,360,25228,"High: 20,001-30,000"
4,Sankarapuram,delux ponni,alluvial,100,50.0,wet,80,4,160,8,108.52,41.52,60,2400,18.1,21.9,185.6,272.4,166.1,250.9,60.2,64.8,20.5,32,17.5,28,18.0,34.0,16.5,35.0,10,12,10,12,SSE,W,SW,NW,72.7,91,83,81,320,25244,"High: 20,001-30,000"
4,Chinnasalem,delux ponni,clay,100,50.0,wet,80,4,160,8,108.52,41.52,60,2400,18.1,21.9,185.6,272.4,166.1,250.9,60.2,64.8,18.0,31,15.5,34,15.0,33.0,15.0,31.5,6,6,8,10,E,ENE,NE,NNW,78.6,80,92,88,320,24828,"High: 20,001-30,000"
4,Kallakurichi,CO_43,alluvial,100,50.0,wet,80,4,160,8,108.52,41.52,60,2400,18.5,21.5,185.2,272.8,165.3,251.7,60.0,65.0,19.0,33,17.0,32,16.5,31.5,15.5,32.5,8,6,8,6,W,WNW,SE,S,88.5,95,81,84,360,25452,"High: 20,001-30,000"
4,Sankarapuram,ponmani,clay,100,50.0,wet,80,4,160,8,108.52,41.52,60,2400,18.1,21.9,185.6,272.4,166.1,250.9,60.2,64.8,20.5,32,17.5,28,18.0,34.0,16.5,35.0,10,12,10,12,SSE,W,SW,NW,72.7,91,83,81,400,24836,"High: 20,001-30,000"
4,Chinnasalem,delux ponni,alluvial,100,50.0,wet,80,4,160,8,108.52,41.52,60,2400,18.1,21.9,185.6,272.4,166.1,250.9,60.2,64.8,18.0,31,15.5,34,15.0,33.0,15.0,31.5,6,6,8,10,E,ENE,NE,NNW,78.6,80,92,88,320,25244,"High: 20,001-30,000"
4,Kurinjipadi,delux ponni,alluvial,100,50.0,dry,80,4,160,8,108.52,41.52,60,2400,19.6,20.4,187.2,270.8,167.0,250.0,61.0,64.0,19.5,34,18.5,35,17.0,32.5,16.0,30.5,10,4,10,6,NW,S,SE,SSE,64.6,85,84,87,320,24908,"High: 20,001-30,000"
4,Panruti,ponmani,clay,100,50.0,dry,80,4,160,8,108.52,41.52,60,2400,18.5,21.5,185.2,272.8,165.3,251.7,60.0,65.0,20.0,35,18.0,30,17.5,33.5,18.0,33.0,4,12,4,12,ENE,NE,NNE,W,85.0,96,84,79,400,25300,"High: 20,001-30,000"
4,Chinnasalem,delux ponni,clay,100,50.0,dry,80,4,160,8,108.52,41.52,60,2400,18.1,21.9,185.6,272.4,166.1,250.9,60.2,64.8,18.0,31,15.5,34,15.0,33.0,15.0,31.5,6,6,8,10,E,ENE,NE,NNW,78.6,80,92,88,320,24724,"High: 20,001-30,000"
4,Kurinjipadi,ponmani,clay,100,50.0,dry,80,4,160,8,108.52,41.52,60,2400,19.6,20.4,187.2,270.8,167.0,250.0,61.0,64.0,19.5,34,18.5,35,17.0,32.5,16.0,30.5,10,4,10,6,NW,S,SE,SSE,64.6,85,84,87,400,25244,"High: 20,001-30,000"
4,Panruti,delux ponni,clay,100,50.0,dry,80,4,160,8,108.52,41.52,60,2400,18.5,21.5,185.2,272.8,165.3,251.7,60.0,65.0,20.0,35,18.0,30,17.5,33.5,18.0,33.0,4,12,4,12,ENE,NE,NNE,W,85.0,96,84,79,320,24828,"High: 20,001-30,000"
4,Kallakurichi,CO_43,alluvial,100,50.0,dry,80,4,160,8,108.52,41.52,60,2400,18.5,21.5,185.2,272.8,165.3,251.7,60.0,65.0,19.0,33,17.0,32,16.5,31.5,15.5,32.5,8,6,8,6,W,WNW,SE,S,88.5,95,81,84,360,25640,"High: 20,001-30,000"
4,Sankarapuram,delux ponni,clay,100,50.0,wet,80,4,160,8,108.52,41.52,60,2400,18.1,21.9,185.6,272.4,166.1,250.9,60.2,64.8,20.5,32,17.5,28,18.0,34.0,16.5,35.0,10,12,10,12,SSE,W,SW,NW,72.7,91,83,81,320,24200,"High: 20,001-30,000"
4,Chinnasalem,ponmani,clay,100,50.0,wet,80,4,160,8,108.52,41.52,60,2400,18.1,21.9,185.6,272.4,166.1,250.9,60.2,64.8,18.0,31,15.5,34,15.0,33.0,15.0,31.5,6,6,8,10,E,ENE,NE,NNW,78.6,80,92,88,400,24908,"High: 20,001-30,000"
4,Cuddalore,CO_43,alluvial,100,50.0,wet,80,4,160,8,108.52,41.52,60,2400,19.6,20.4,187.2,270.8,167.0,250.0,61.0,64.0,18.5,34,16.0,30,15.5,31.0,16.0,33.0,4,10,8,10,SW,W,NNW,WSW,72.0,78,88,85,360,25452,"High: 20,001-30,000"
4,Kurinjipadi,ponmani,clay,100,50.0,wet,80,4,160,8,108.52,41.52,60,2400,19.6,20.4,187.2,270.8,167.0,250.0,61.0,64.0,19.5,34,18.5,35,17.0,32.5,16.0,30.5,10,4,10,6,NW,S,SE,SSE,64.6,85,84,87,400,24836,"High: 20,001-30,000"
4,Panruti,delux ponni,clay,100,50.0,wet,80,4,160,8,108.52,41.52,60,2400,18.5,21.5,185.2,272.8,165.3,251.7,60.0,65.0,20.0,35,18.0,30,17.5,33.5,18.0,33.0,4,12,4,12,ENE,NE,NNE,W,85.0,96,84,79,320,25244,"High: 20,001-30,000"
4,Kallakurichi,CO_43,clay,100,50.0,wet,80,4,160,8,108.52,41.52,60,2400,18.5,21.5,185.2,272.8,165.3,251.7,60.0,65.0,19.0,33,17.0,32,16.5,31.5,15.5,32.5,8,6,8,6,W,WNW,SE,S,88.5,95,81,84,360,24460,"High: 20,001-30,000"
4,Sankarapuram,ponmani,alluvial,100,50.0,wet,80,4,160,8,108.52,41.52,60,2400,18.1,21.9,185.6,272.4,166.1,250.9,60.2,64.8,20.5,32,17.5,28,18.0,34.0,16.5,35.0,10,12,10,12,SSE,W,SW,NW,72.7,91,83,81,400,24908,"High: 20,001-30,000"
4,Cuddalore,CO_43,clay,100,50.0,wet,80,4,160,8,108.52,41.52,60,2400,19.6,20.4,187.2,270.8,167.0,250.0,61.0,64.0,18.5,34,16.0,30,15.5,31.0,16.0,33.0,4,10,8,10,SW,W,NNW,WSW,72.0,78,88,85,360,25876,"High: 20,001-30,000"
4,Kurinjipadi,delux ponni,alluvial,100,50.0,wet,80,4,160,8,108.52,41.52,60,2400,19.6,20.4,187.2,270.8,167.0,250.0,61.0,64.0,19.5,34,18.5,35,17.0,32.5,16.0,30.5,10,4,10,6,NW,S,SE,SSE,64.6,85,84,87,320,25120,"High: 20,001-30,000"
4,Kallakurichi,ponmani,alluvial,100,50.0,wet,80,4,160,8,108.52,41.52,60,2400,18.5,21.5,185.2,272.8,165.3,251.7,60.0,65.0,19.0,33,17.0,32,16.5,31.5,15.5,32.5,8,6,8,6,W,WNW,SE,S,88.5,95,81,84,400,25228,"High: 20,001-30,000"
4,Sankarapuram,ponmani,alluvial,100,50.0,wet,80,4,160,8,108.52,41.52,60,2400,18.1,21.9,185.6,272.4,166.1,250.9,60.2,64.8,20.5,32,17.5,28,18.0,34.0,16.5,35.0,10,12,10,12,SSE,W,SW,NW,72.7,91,83,81,400,25244,"High: 20,001-30,000"
4,Chinnasalem,ponmani,alluvial,100,50.0,wet,80,4,160,8,108.52,41.52,60,2400,18.1,21.9,185.6,272.4,166.1,250.9,60.2,64.8,18.0,31,15.5,34,15.0,33.0,15.0,31.5,6,6,8,10,E,ENE,NE,NNW,78.6,80,92,88,400,24828,"High: 20,001-30,000"
4,Panruti,ponmani,clay,100,50.0,wet,80,4,160,8,108.52,41.52,60,2400,18.5,21.5,185.2,272.8,165.3,251.7,60.0,65.0,20.0,35,18.0,30,17.5,33.5,18.0,33.0,4,12,4,12,ENE,NE,NNE,W,85.0,96,84,79,400,24908,"High: 20,001-30,000"
4,Kallakurichi,ponmani,clay,100,50.0,wet,80,4,160,8,108.52,41.52,60,2400,18.5,21.5,185.2,272.8,165.3,251.7,60.0,65.0,19.0,33,17.0,32,16.5,31.5,15.5,32.5,8,6,8,6,W,WNW,SE,S,88.5,95,81,84,400,25452,"High: 20,001-30,000"
4,Sankarapuram,delux ponni,clay,100,50.0,wet,80,4,160,8,108.52,41.52,60,2400,18.1,21.9,185.6,272.4,166.1,250.9,60.2,64.8,20.5,32,17.5,28,18.0,34.0,16.5,35.0,10,12,10,12,SSE,W,SW,NW,72.7,91,83,81,320,24836,"High: 20,001-30,000"
4,Chinnasalem,delux ponni,clay,100,50.0,wet,80,4,160,8,108.52,41.52,60,2400,18.1,21.9,185.6,272.4,166.1,250.9,60.2,64.8,18.0,31,15.5,34,15.0,33.0,15.0,31.5,6,6,8,10,E,ENE,NE,NNW,78.6,80,92,88,320,25244,"High: 20,001-30,000"
4,Cuddalore,delux ponni,clay,100,50.0,wet,80,4,160,8,108.52,41.52,60,2400,19.6,20.4,187.2,270.8,167.0,250.0,61.0,64.0,18.5,34,16.0,30,15.5,31.0,16.0,33.0,4,10,8,10,SW,W,NNW,WSW,72.0,78,88,85,320,24460,"High: 20,001-30,000"
4,Kurinjipadi,ponmani,clay,100,50.0,wet,80,4,160,8,108.52,41.52,60,2400,19.6,20.4,187.2,270.8,167.0,250.0,61.0,64.0,19.5,34,18.5,35,17.0,32.5,16.0,30.5,10,4,10,6,NW,S,SE,SSE,64.6,85,84,87,400,24908,"High: 20,001-30,000"
4,Panruti,delux ponni,clay,100,50.0,dry,80,4,160,8,108.52,41.52,60,2400,18.5,21.5,185.2,272.8,165.3,251.7,60.0,65.0,20.0,35,18.0,30,17.5,33.5,18.0,33.0,4,12,4,12,ENE,NE,NNE,W,85.0,96,84,79,320,24080,"High: 20,001-30,000"
4,Kallakurichi,CO_43,clay,100,50.0,dry,80,4,160,8,108.52,41.52,60,2400,18.5,21.5,185.2,272.8,165.3,251.7,60.0,65.0,19.0,33,17.0,32,16.5,31.5,15.5,32.5,8,6,8,6,W,WNW,SE,S,88.5,95,81,84,360,25668,"High: 20,001-30,000"
4,Sankarapuram,delux ponni,alluvial,100,50.0,dry,80,4,160,8,108.52,41.52,60,2400,18.1,21.9,185.6,272.4,166.1,250.9,60.2,64.8,20.5,32,17.5,28,18.0,34.0,16.5,35.0,10,12,10,12,SSE,W,SW,NW,72.7,91,83,81,320,25584,"High: 20,001-30,000"
4,Chinnasalem,delux ponni,alluvial,100,50.0,dry,80,4,160,8,108.52,41.52,60,2400,18.1,21.9,185.6,272.4,166.1,250.9,60.2,64.8,18.0,31,15.5,34,15.0,33.0,15.0,31.5,6,6,8,10,E,ENE,NE,NNW,78.6,80,92,88,320,25244,"High: 20,001-30,000"
4,Cuddalore,CO_43,alluvial,100,50.0,dry,80,4,160,8,108.52,41.52,60,2400,19.6,20.4,187.2,270.8,167.0,250.0,61.0,64.0,18.5,34,16.0,30,15.5,31.0,16.0,33.0,4,10,8,10,SW,W,NNW,WSW,72.0,78,88,85,360,24324,"High: 20,001-30,000"
4,Kurinjipadi,ponmani,alluvial,100,50.0,dry,80,4,160,8,108.52,41.52,60,2400,19.6,20.4,187.2,270.8,167.0,250.0,61.0,64.0,19.5,34,18.5,35,17.0,32.5,16.0,30.5,10,4,10,6,NW,S,SE,SSE,64.6,85,84,87,400,25136,"High: 20,001-30,000"
4,Panruti,delux ponni,clay,100,50.0,dry,80,4,160,8,108.52,41.52,60,2400,18.5,21.5,185.2,272.8,165.3,251.7,60.0,65.0,20.0,35,18.0,30,17.5,33.5,18.0,33.0,4,12,4,12,ENE,NE,NNE,W,85.0,96,84,79,320,24772,"High: 20,001-30,000"
4,Kallakurichi,CO_43,alluvial,100,50.0,dry,80,4,160,8,108.52,41.52,60,2400,18.5,21.5,185.2,272.8,165.3,251.7,60.0,65.0,19.0,33,17.0,32,16.5,31.5,15.5,32.5,8,6,8,6,W,WNW,SE,S,88.5,95,81,84,360,24912,"High: 20,001-30,000"
4,Sankarapuram,ponmani,alluvial,100,50.0,dry,80,4,160,8,108.52,41.52,60,2400,18.1,21.9,185.6,272.4,166.1,250.9,60.2,64.8,20.5,32,17.5,28,18.0,34.0,16.5,35.0,10,12,10,12,SSE,W,SW,NW,72.7,91,83,81,400,23664,"High: 20,001-30,000"
4,Chinnasalem,delux ponni,alluvial,100,50.0,dry,80,4,160,8,108.52,41.52,60,2400,18.1,21.9,185.6,272.4,166.1,250.9,60.2,64.8,18.0,31,15.5,34,15.0,33.0,15.0,31.5,6,6,8,10,E,ENE,NE,NNW,78.6,80,92,88,320,24200,"High: 20,001-30,000"
4,Chinnasalem,CO_43,clay,100,50.0,dry,80,4,160,8,108.52,41.52,60,2400,18.1,21.9,185.6,272.4,166.1,250.9,60.2,64.8,18.0,31,15.5,34,15.0,33.0,15.0,31.5,6,6,8,10,E,ENE,NE,NNW,78.6,80,92,88,360,24488,"High: 20,001-30,000"
4,Chinnasalem,delux ponni,clay,100,50.0,wet,80,4,160,8,108.52,41.52,60,2400,18.1,21.9,185.6,272.4,166.1,250.9,60.2,64.8,18.0,31,15.5,34,15.0,33.0,15.0,31.5,6,6,8,10,E,ENE,NE,NNW,78.6,80,92,88,320,24460,"High: 20,001-30,000"
4,Chinnasalem,ponmani,clay,100,50.0,wet,80,4,160,8,108.52,41.52,60,2400,18.1,21.9,185.6,272.4,166.1,250.9,60.2,64.8,18.0,31,15.5,34,15.0,33.0,15.0,31.5,6,6,8,10,E,ENE,NE,NNW,78.6,80,92,88,400,24060,"High: 20,001-30,000"
4,Chinnasalem,CO_43,clay,100,50.0,wet,80,4,160,8,108.52,41.52,60,2400,18.1,21.9,185.6,272.4,166.1,250.9,60.2,64.8,18.0,31,15.5,34,15.0,33.0,15.0,31.5,6,6,8,10,E,ENE,NE,NNW,78.6,80,92,88,360,25284,"High: 20,001-30,000"
4,Kallakurichi,ponmani,clay,100,50.0,wet,80,4,160,8,108.52,41.52,60,2400,18.5,21.5,185.2,272.8,165.3,251.7,60.0,65.0,19.0,33,17.0,32,16.5,31.5,15.5,32.5,8,6,8,6,W,WNW,SE,S,88.5,95,81,84,400,24852,"High: 20,001-30,000"
4,Kallakurichi,delux ponni,clay,100,50.0,wet,80,4,160,8,108.52,41.52,60,2400,18.5,21.5,185.2,272.8,165.3,251.7,60.0,65.0,19.0,33,17.0,32,16.5,31.5,15.5,32.5,8,6,8,6,W,WNW,SE,S,88.5,95,81,84,320,24908,"High: 20,001-30,000"
4,Kallakurichi,CO_43,clay,100,50.0,wet,80,4,160,8,108.52,41.52,60,2400,18.5,21.5,185.2,272.8,165.3,251.7,60.0,65.0,19.0,33,17.0,32,16.5,31.5,15.5,32.5,8,6,8,6,W,WNW,SE,S,88.5,95,81,84,360,25664,"High: 20,001-30,000"
4,Kallakurichi,ponmani,alluvial,100,50.0,wet,80,4,160,8,108.52,41.52,60,2400,18.5,21.5,185.2,272.8,165.3,251.7,60.0,65.0,19.0,33,17.0,32,16.5,31.5,15.5,32.5,8,6,8,6,W,WNW,SE,S,88.5,95,81,84,400,24908,"High: 20,001-30,000"
4,Panruti,delux ponni,clay,100,50.0,wet,80,4,160,8,108.52,41.52,60,2400,18.5,21.5,185.2,272.8,165.3,251.7,60.0,65.0,20.0,35,18.0,30,17.5,33.5,18.0,33.0,4,12,4,12,ENE,NE,NNE,W,85.0,96,84,79,320,25448,"High: 20,001-30,000"
4,Panruti,CO_43,alluvial,100,50.0,wet,80,4,160,8,108.52,41.52,60,2400,18.5,21.5,185.2,272.8,165.3,251.7,60.0,65.0,20.0,35,18.0,30,17.5,33.5,18.0,33.0,4,12,4,12,ENE,NE,NNE,W,85.0,96,84,79,360,24708,"High: 20,001-30,000"
4,Panruti,delux ponni,clay,100,50.0,wet,80,4,160,8,108.52,41.52,60,2400,18.5,21.5,185.2,272.8,165.3,251.7,60.0,65.0,20.0,35,18.0,30,17.5,33.5,18.0,33.0,4,12,4,12,ENE,NE,NNE,W,85.0,96,84,79,320,25144,"High: 20,001-30,000"
4,Panruti,ponmani,alluvial,100,50.0,wet,80,4,160,8,108.52,41.52,60,2400,18.5,21.5,185.2,272.8,165.3,251.7,60.0,65.0,20.0,35,18.0,30,17.5,33.5,18.0,33.0,4,12,4,12,ENE,NE,NNE,W,85.0,96,84,79,400,24604,"High: 20,001-30,000"
4,Panruti,CO_43,alluvial,100,50.0,wet,80,4,160,8,108.52,41.52,60,2400,18.5,21.5,185.2,272.8,165.3,251.7,60.0,65.0,20.0,35,18.0,30,17.5,33.5,18.0,33.0,4,12,4,12,ENE,NE,NNE,W,85.0,96,84,79,360,24756,"High: 20,001-30,000"
4,Cuddalore,ponmani,clay,100,50.0,wet,80,4,160,8,108.52,41.52,60,2400,19.6,20.4,187.2,270.8,167.0,250.0,61.0,64.0,18.5,34,16.0,30,15.5,31.0,16.0,33.0,4,10,8,10,SW,W,NNW,WSW,72.0,78,88,85,400,25452,"High: 20,001-30,000"
4,Cuddalore,delux ponni,alluvial,100,50.0,dry,80,4,160,8,108.52,41.52,60,2400,19.6,20.4,187.2,270.8,167.0,250.0,61.0,64.0,18.5,34,16.0,30,15.5,31.0,16.0,33.0,4,10,8,10,SW,W,NNW,WSW,72.0,78,88,85,320,24368,"High: 20,001-30,000"
4,Cuddalore,CO_43,clay,100,50.0,dry,80,4,160,8,108.52,41.52,60,2400,19.6,20.4,187.2,270.8,167.0,250.0,61.0,64.0,18.5,34,16.0,30,15.5,31.0,16.0,33.0,4,10,8,10,SW,W,NNW,WSW,72.0,78,88,85,360,24768,"High: 20,001-30,000"
4,Cuddalore,ponmani,alluvial,100,50.0,dry,80,4,160,8,108.52,41.52,60,2400,19.6,20.4,187.2,270.8,167.0,250.0,61.0,64.0,18.5,34,16.0,30,15.5,31.0,16.0,33.0,4,10,8,10,SW,W,NNW,WSW,72.0,78,88,85,400,25616,"High: 20,001-30,000"
4,Cuddalore,CO_43,alluvial,100,50.0,dry,80,4,160,8,108.52,41.52,60,2400,19.6,20.4,187.2,270.8,167.0,250.0,61.0,64.0,18.5,34,16.0,30,15.5,31.0,16.0,33.0,4,10,8,10,SW,W,NNW,WSW,72.0,78,88,85,360,25424,"High: 20,001-30,000"
4,Cuddalore,delux ponni,clay,100,50.0,dry,80,4,160,8,108.52,41.52,60,2400,19.6,20.4,187.2,270.8,167.0,250.0,61.0,64.0,18.5,34,16.0,30,15.5,31.0,16.0,33.0,4,10,8,10,SW,W,NNW,WSW,72.0,78,88,85,320,24636,"High: 20,001-30,000"
4,Kurinjipadi,ponmani,alluvial,100,50.0,dry,80,4,160,8,108.52,41.52,60,2400,19.6,20.4,187.2,270.8,167.0,250.0,61.0,64.0,19.5,34,18.5,35,17.0,32.5,16.0,30.5,10,4,10,6,NW,S,SE,SSE,64.6,85,84,87,400,24460,"High: 20,001-30,000"
4,Kurinjipadi,ponmani,clay,100,50.0,dry,80,4,160,8,108.52,41.52,60,2400,19.6,20.4,187.2,270.8,167.0,250.0,61.0,64.0,19.5,34,18.5,35,17.0,32.5,16.0,30.5,10,4,10,6,NW,S,SE,SSE,64.6,85,84,87,400,25724,"High: 20,001-30,000"
4,Kurinjipadi,ponmani,clay,100,50.0,wet,80,4,160,8,108.52,41.52,60,2400,19.6,20.4,187.2,270.8,167.0,250.0,61.0,64.0,19.5,34,18.5,35,17.0,32.5,16.0,30.5,10,4,10,6,NW,S,SE,SSE,64.6,85,84,87,400,24284,"High: 20,001-30,000"
4,Kurinjipadi,CO_43,alluvial,100,50.0,wet,80,4,160,8,108.52,41.52,60,2400,19.6,20.4,187.2,270.8,167.0,250.0,61.0,64.0,19.5,34,18.5,35,17.0,32.5,16.0,30.5,10,4,10,6,NW,S,SE,SSE,64.6,85,84,87,360,25300,"High: 20,001-30,000"
4,Kurinjipadi,ponmani,clay,100,50.0,wet,80,4,160,8,108.52,41.52,60,2400,19.6,20.4,187.2,270.8,167.0,250.0,61.0,64.0,19.5,34,18.5,35,17.0,32.5,16.0,30.5,10,4,10,6,NW,S,SE,SSE,64.6,85,84,87,400,25876,"High: 20,001-30,000"
4,Kurinjipadi,ponmani,clay,100,50.0,wet,80,4,160,8,108.52,41.52,60,2400,19.6,20.4,187.2,270.8,167.0,250.0,61.0,64.0,19.5,34,18.5,35,17.0,32.5,16.0,30.5,10,4,10,6,NW,S,SE,SSE,64.6,85,84,87,400,24432,"High: 20,001-30,000"
4,Kurinjipadi,delux ponni,clay,100,50.0,wet,80,4,160,8,108.52,41.52,60,2400,19.6,20.4,187.2,270.8,167.0,250.0,61.0,64.0,19.5,34,18.5,35,17.0,32.5,16.0,30.5,10,4,10,6,NW,S,SE,SSE,64.6,85,84,87,320,24724,"High: 20,001-30,000"
4,Kurinjipadi,delux ponni,alluvial,100,50.0,wet,80,4,160,8,108.52,41.52,60,2400,19.6,20.4,187.2,270.8,167.0,250.0,61.0,64.0,19.5,34,18.5,35,17.0,32.5,16.0,30.5,10,4,10,6,NW,S,SE,SSE,64.6,85,84,87,320,24644,"High: 20,001-30,000"
4,Sankarapuram,delux ponni,clay,100,50.0,wet,80,4,160,8,108.52,41.52,60,2400,18.1,21.9,185.6,272.4,166.1,250.9,60.2,64.8,20.5,32,17.5,28,18.0,34.0,16.5,35.0,10,12,10,12,SSE,W,SW,NW,72.7,91,83,81,320,25228,"High: 20,001-30,000"
4,Sankarapuram,delux ponni,clay,100,50.0,wet,80,4,160,8,108.52,41.52,60,2400,18.1,21.9,185.6,272.4,166.1,250.9,60.2,64.8,20.5,32,17.5,28,18.0,34.0,16.5,35.0,10,12,10,12,SSE,W,SW,NW,72.7,91,83,81,320,24436,"High: 20,001-30,000"
4,Sankarapuram,CO_43,clay,100,50.0,dry,80,4,160,8,108.52,41.52,60,2400,18.1,21.9,185.6,272.4,166.1,250.9,60.2,64.8,20.5,32,17.5,28,18.0,34.0,16.5,35.0,10,12,10,12,SSE,W,SW,NW,72.7,91,83,81,360,25536,"High: 20,001-30,000"
4,Sankarapuram,delux ponni,alluvial,100,50.0,dry,80,4,160,8,108.52,41.52,60,2400,18.1,21.9,185.6,272.4,166.1,250.9,60.2,64.8,20.5,32,17.5,28,18.0,34.0,16.5,35.0,10,12,10,12,SSE,W,SW,NW,72.7,91,83,81,320,24828,"High: 20,001-30,000"
4,Sankarapuram,delux ponni,clay,100,50.0,dry,80,4,160,8,108.52,41.52,60,2400,18.1,21.9,185.6,272.4,166.1,250.9,60.2,64.8,20.5,32,17.5,28,18.0,34.0,16.5,35.0,10,12,10,12,SSE,W,SW,NW,72.7,91,83,81,320,24644,"High: 20,001-30,000"
4,Sankarapuram,CO_43,alluvial,100,50.0,dry,80,4,160,8,108.52,41.52,60,2400,18.1,21.9,185.6,272.4,166.1,250.9,60.2,64.8,20.5,32,17.5,28,18.0,34.0,16.5,35.0,10,12,10,12,SSE,W,SW,NW,72.7,91,83,81,360,24228,"High: 20,001-30,000"
4,Sankarapuram,ponmani,alluvial,100,50.0,dry,80,4,160,8,108.52,41.52,60,2400,18.1,21.9,185.6,272.4,166.1,250.9,60.2,64.8,20.5,32,17.5,28,18.0,34.0,16.5,35.0,10,12,10,12,SSE,W,SW,NW,72.7,91,83,81,400,25640,"High: 20,001-30,000"
4,Sankarapuram,delux ponni,clay,100,50.0,dry,80,4,160,8,108.52,41.52,60,2400,18.1,21.9,185.6,272.4,166.1,250.9,60.2,64.8,20.5,32,17.5,28,18.0,34.0,16.5,35.0,10,12,10,12,SSE,W,SW,NW,72.7,91,83,81,320,24684,"High: 20,001-30,000"
4,Sankarapuram,CO_43,alluvial,100,50.0,dry,80,4,160,8,108.52,41.52,60,2400,18.1,21.9,185.6,272.4,166.1,250.9,60.2,64.8,20.5,32,17.5,28,18.0,34.0,16.5,35.0,10,12,10,12,SSE,W,SW,NW,72.7,91,83,81,360,24200,"High: 20,001-30,000"
4,Sankarapuram,ponmani,alluvial,100,50.0,dry,80,4,160,8,108.52,41.52,60,2400,18.1,21.9,185.6,272.4,166.1,250.9,60.2,64.8,20.5,32,17.5,28,18.0,34.0,16.5,35.0,10,12,10,12,SSE,W,SW,NW,72.7,91,83,81,400,24488,"High: 20,001-30,000"
4,Sankarapuram,CO_43,alluvial,100,50.0,dry,80,4,160,8,108.52,41.52,60,2400,18.1,21.9,185.6,272.4,166.1,250.9,60.2,64.8,20.5,32,17.5,28,18.0,34.0,16.5,35.0,10,12,10,12,SSE,W,SW,NW,72.7,91,83,81,360,24852,"High: 20,001-30,000"
4,Sankarapuram,ponmani,alluvial,100,50.0,wet,80,4,160,8,108.52,41.52,60,2400,18.1,21.9,185.6,272.4,166.1,250.9,60.2,64.8,20.5,32,17.5,28,18.0,34.0,16.5,35.0,10,12,10,12,SSE,W,SW,NW,72.7,91,83,81,400,25448,"High: 20,001-30,000"
4,Sankarapuram,CO_43,clay,100,50.0,wet,80,4,160,8,108.52,41.52,60,2400,18.1,21.9,185.6,272.4,166.1,250.9,60.2,64.8,20.5,32,17.5,28,18.0,34.0,16.5,35.0,10,12,10,12,SSE,W,SW,NW,72.7,91,83,81,360,24604,"High: 20,001-30,000"
4,Sankarapuram,ponmani,clay,100,50.0,wet,80,4,160,8,108.52,41.52,60,2400,18.1,21.9,185.6,272.4,166.1,250.9,60.2,64.8,20.5,32,17.5,28,18.0,34.0,16.5,35.0,10,12,10,12,SSE,W,SW,NW,72.7,91,83,81,400,25452,"High: 20,001-30,000"
4,Sankarapuram,delux ponni,alluvial,100,50.0,wet,80,4,160,8,108.52,41.52,60,2400,18.1,21.9,185.6,272.4,166.1,250.9,60.2,64.8,20.5,32,17.5,28,18.0,34.0,16.5,35.0,10,12,10,12,SSE,W,SW,NW,72.7,91,83,81,320,25672,"High: 20,001-30,000"
4,Sankarapuram,CO_43,clay,100,50.0,wet,80,4,160,8,108.52,41.52,60,2400,18.1,21.9,185.6,272.4,166.1,250.9,60.2,64.8,20.5,32,17.5,28,18.0,34.0,16.5,35.0,10,12,10,12,SSE,W,SW,NW,72.7,91,83,81,360,24836,"High: 20,001-30,000"
4,Sankarapuram,ponmani,clay,100,50.0,wet,80,4,160,8,108.52,41.52,60,2400,18.1,21.9,185.6,272.4,166.1,250.9,60.2,64.8,20.5,32,17.5,28,18.0,34.0,16.5,35.0,10,12,10,12,SSE,W,SW,NW,72.7,91,83,81,400,25724,"High: 20,001-30,000"
4,Cuddalore,delux ponni,clay,100,50.0,wet,80,4,160,8,108.52,41.52,60,2400,19.6,20.4,187.2,270.8,167.0,250.0,61.0,64.0,18.5,34,16.0,30,15.5,31.0,16.0,33.0,4,10,8,10,SW,W,NNW,WSW,72.0,78,88,85,320,25120,"High: 20,001-30,000"
4,Kurinjipadi,CO_43,alluvial,100,50.0,wet,80,4,160,8,108.52,41.52,60,2400,19.6,20.4,187.2,270.8,167.0,250.0,61.0,64.0,19.5,34,18.5,35,17.0,32.5,16.0,30.5,10,4,10,6,NW,S,SE,SSE,64.6,85,84,87,360,24644,"High: 20,001-30,000"
4,Panruti,delux ponni,alluvial,100,50.0,wet,80,4,160,8,108.52,41.52,60,2400,18.5,21.5,185.2,272.8,165.3,251.7,60.0,65.0,20.0,35,18.0,30,17.5,33.5,18.0,33.0,4,12,4,12,ENE,NE,NNE,W,85.0,96,84,79,320,25244,"High: 20,001-30,000"
4,Kallakurichi,ponmani,alluvial,100,50.0,wet,80,4,160,8,108.52,41.52,60,2400,18.5,21.5,185.2,272.8,165.3,251.7,60.0,65.0,19.0,33,17.0,32,16.5,31.5,15.5,32.5,8,6,8,6,W,WNW,SE,S,88.5,95,81,84,400,24200,"High: 20,001-30,000"
4,Sankarapuram,CO_43,clay,100,50.0,wet,80,4,160,8,108.52,41.52,60,2400,18.1,21.9,185.6,272.4,166.1,250.9,60.2,64.8,20.5,32,17.5,28,18.0,34.0,16.5,35.0,10,12,10,12,SSE,W,SW,NW,72.7,91,83,81,360,24488,"High: 20,001-30,000"
4,Chinnasalem,ponmani,alluvial,100,50.0,wet,80,4,160,8,108.52,41.52,60,2400,18.1,21.9,185.6,272.4,166.1,250.9,60.2,64.8,18.0,31,15.5,34,15.0,33.0,15.0,31.5,6,6,8,10,E,ENE,NE,NNW,78.6,80,92,88,400,24460,"High: 20,001-30,000"
4,Cuddalore,delux ponni,clay,100,50.0,dry,80,4,160,8,108.52,41.52,60,2400,19.6,20.4,187.2,270.8,167.0,250.0,61.0,64.0,18.5,34,16.0,30,15.5,31.0,16.0,33.0,4,10,8,10,SW,W,NNW,WSW,72.0,78,88,85,320,25284,"High: 20,001-30,000"
4,Kurinjipadi,CO_43,alluvial,100,50.0,dry,80,4,160,8,108.52,41.52,60,2400,19.6,20.4,187.2,270.8,167.0,250.0,61.0,64.0,19.5,34,18.5,35,17.0,32.5,16.0,30.5,10,4,10,6,NW,S,SE,SSE,64.6,85,84,87,360,24908,"High: 20,001-30,000"
4,Panruti,ponmani,alluvial,100,50.0,dry,80,4,160,8,108.52,41.52,60,2400,18.5,21.5,185.2,272.8,165.3,251.7,60.0,65.0,20.0,35,18.0,30,17.5,33.5,18.0,33.0,4,12,4,12,ENE,NE,NNE,W,85.0,96,84,79,400,25664,"High: 20,001-30,000"
4,Kallakurichi,delux ponni,clay,100,50.0,dry,80,4,160,8,108.52,41.52,60,2400,18.5,21.5,185.2,272.8,165.3,251.7,60.0,65.0,19.0,33,17.0,32,16.5,31.5,15.5,32.5,8,6,8,6,W,WNW,SE,S,88.5,95,81,84,320,24708,"High: 20,001-30,000"
4,Sankarapuram,CO_43,clay,100,50.0,dry,80,4,160,8,108.52,41.52,60,2400,18.1,21.9,185.6,272.4,166.1,250.9,60.2,64.8,20.5,32,17.5,28,18.0,34.0,16.5,35.0,10,12,10,12,SSE,W,SW,NW,72.7,91,83,81,360,24756,"High: 20,001-30,000"
4,Chinnasalem,delux ponni,alluvial,100,50.0,dry,80,4,160,8,108.52,41.52,60,2400,18.1,21.9,185.6,272.4,166.1,250.9,60.2,64.8,18.0,31,15.5,34,15.0,33.0,15.0,31.5,6,6,8,10,E,ENE,NE,NNW,78.6,80,92,88,320,24368,"High: 20,001-30,000"
4,Cuddalore,ponmani,clay,100,50.0,dry,80,4,160,8,108.52,41.52,60,2400,19.6,20.4,187.2,270.8,167.0,250.0,61.0,64.0,18.5,34,16.0,30,15.5,31.0,16.0,33.0,4,10,8,10,SW,W,NNW,WSW,72.0,78,88,85,400,25424,"High: 20,001-30,000"
4,Panruti,ponmani,clay,100,50.0,dry,80,4,160,8,108.52,41.52,60,2400,18.5,21.5,185.2,272.8,165.3,251.7,60.0,65.0,20.0,35,18.0,30,17.5,33.5,18.0,33.0,4,12,4,12,ENE,NE,NNE,W,85.0,96,84,79,400,24284,"High: 20,001-30,000"
4,Kallakurichi,ponmani,clay,100,50.0,dry,80,4,160,8,108.52,41.52,60,2400,18.5,21.5,185.2,272.8,165.3,251.7,60.0,65.0,19.0,33,17.0,32,16.5,31.5,15.5,32.5,8,6,8,6,W,WNW,SE,S,88.5,95,81,84,400,24432,"High: 20,001-30,000"
4,Sankarapuram,CO_43,alluvial,100,50.0,wet,80,4,160,8,108.52,41.52,60,2400,18.1,21.9,185.6,272.4,166.1,250.9,60.2,64.8,20.5,32,17.5,28,18.0,34.0,16.5,35.0,10,12,10,12,SSE,W,SW,NW,72.7,91,83,81,360,25228,"High: 20,001-30,000"
4,Chinnasalem,ponmani,clay,100,50.0,wet,80,4,160,8,108.52,41.52,60,2400,18.1,21.9,185.6,272.4,166.1,250.9,60.2,64.8,18.0,31,15.5,34,15.0,33.0,15.0,31.5,6,6,8,10,E,ENE,NE,NNW,78.6,80,92,88,400,24436,"High: 20,001-30,000"
4,Cuddalore,ponmani,alluvial,100,50.0,wet,80,4,160,8,108.52,41.52,60,2400,19.6,20.4,187.2,270.8,167.0,250.0,61.0,64.0,18.5,34,16.0,30,15.5,31.0,16.0,33.0,4,10,8,10,SW,W,NNW,WSW,72.0,78,88,85,400,25300,"High: 20,001-30,000"
4,Panruti,delux ponni,alluvial,100,50.0,wet,80,4,160,8,108.52,41.52,60,2400,18.5,21.5,185.2,272.8,165.3,251.7,60.0,65.0,20.0,35,18.0,30,17.5,33.5,18.0,33.0,4,12,4,12,ENE,NE,NNE,W,85.0,96,84,79,320,25120,"High: 20,001-30,000"
4,Kallakurichi,delux ponni,alluvial,100,50.0,wet,80,4,160,8,108.52,41.52,60,2400,18.5,21.5,185.2,272.8,165.3,251.7,60.0,65.0,19.0,33,17.0,32,16.5,31.5,15.5,32.5,8,6,8,6,W,WNW,SE,S,88.5,95,81,84,320,24724,"High: 20,001-30,000"
4,Chinnasalem,ponmani,alluvial,100,50.0,wet,80,4,160,8,108.52,41.52,60,2400,18.1,21.9,185.6,272.4,166.1,250.9,60.2,64.8,18.0,31,15.5,34,15.0,33.0,15.0,31.5,6,6,8,10,E,ENE,NE,NNW,78.6,80,92,88,400,25244,"High: 20,001-30,000"
4,Cuddalore,delux ponni,clay,100,50.0,wet,80,4,160,8,108.52,41.52,60,2400,19.6,20.4,187.2,270.8,167.0,250.0,61.0,64.0,18.5,34,16.0,30,15.5,31.0,16.0,33.0,4,10,8,10,SW,W,NNW,WSW,72.0,78,88,85,320,24828,"High: 20,001-30,000"
4,Kurinjipadi,CO_43,alluvial,100,50.0,wet,80,4,160,8,108.52,41.52,60,2400,19.6,20.4,187.2,270.8,167.0,250.0,61.0,64.0,19.5,34,18.5,35,17.0,32.5,16.0,30.5,10,4,10,6,NW,S,SE,SSE,64.6,85,84,87,360,25640,"High: 20,001-30,000"
4,Panruti,delux ponni,clay,100,50.0,wet,80,4,160,8,108.52,41.52,60,2400,18.5,21.5,185.2,272.8,165.3,251.7,60.0,65.0,20.0,35,18.0,30,17.5,33.5,18.0,33.0,4,12,4,12,ENE,NE,NNE,W,85.0,96,84,79,320,24200,"High: 20,001-30,000"
4,Kallakurichi,delux ponni,alluvial,100,50.0,wet,80,4,160,8,108.52,41.52,60,2400,18.5,21.5,185.2,272.8,165.3,251.7,60.0,65.0,19.0,33,17.0,32,16.5,31.5,15.5,32.5,8,6,8,6,W,WNW,SE,S,88.5,95,81,84,320,24908,"High: 20,001-30,000"
4,Sankarapuram,CO_43,clay,100,50.0,wet,80,4,160,8,108.52,41.52,60,2400,18.1,21.9,185.6,272.4,166.1,250.9,60.2,64.8,20.5,32,17.5,28,18.0,34.0,16.5,35.0,10,12,10,12,SSE,W,SW,NW,72.7,91,83,81,360,25452,"High: 20,001-30,000"
4,Chinnasalem,ponmani,clay,100,50.0,wet,80,4,160,8,108.52,41.52,60,2400,18.1,21.9,185.6,272.4,166.1,250.9,60.2,64.8,18.0,31,15.5,34,15.0,33.0,15.0,31.5,6,6,8,10,E,ENE,NE,NNW,78.6,80,92,88,400,24836,"High: 20,001-30,000"
4,Cuddalore,delux ponni,clay,100,50.0,wet,80,4,160,8,108.52,41.52,60,2400,19.6,20.4,187.2,270.8,167.0,250.0,61.0,64.0,18.5,34,16.0,30,15.5,31.0,16.0,33.0,4,10,8,10,SW,W,NNW,WSW,72.0,78,88,85,320,25244,"High: 20,001-30,000"
4,Kurinjipadi,CO_43,clay,100,50.0,wet,80,4,160,8,108.52,41.52,60,2400,19.6,20.4,187.2,270.8,167.0,250.0,61.0,64.0,19.5,34,18.5,35,17.0,32.5,16.0,30.5,10,4,10,6,NW,S,SE,SSE,64.6,85,84,87,360,24460,"High: 20,001-30,000"
4,Kallakurichi,delux ponni,clay,100,50.0,wet,80,4,160,8,108.52,41.52,60,2400,18.5,21.5,185.2,272.8,165.3,251.7,60.0,65.0,19.0,33,17.0,32,16.5,31.5,15.5,32.5,8,6,8,6,W,WNW,SE,S,88.5,95,81,84,320,25300,"High: 20,001-30,000"
4,Sankarapuram,CO_43,clay,100,50.0,wet,80,4,160,8,108.52,41.52,60,2400,18.1,21.9,185.6,272.4,166.1,250.9,60.2,64.8,20.5,32,17.5,28,18.0,34.0,16.5,35.0,10,12,10,12,SSE,W,SW,NW,72.7,91,83,81,360,25876,"High: 20,001-30,000"
4,Chinnasalem,delux ponni,alluvial,100,50.0,wet,80,4,160,8,108.52,41.52,60,2400,18.1,21.9,185.6,272.4,166.1,250.9,60.2,64.8,18.0,31,15.5,34,15.0,33.0,15.0,31.5,6,6,8,10,E,ENE,NE,NNW,78.6,80,92,88,320,25120,"High: 20,001-30,000"
4,Cuddalore,ponmani,clay,100,50.0,wet,80,4,160,8,108.52,41.52,60,2400,19.6,20.4,187.2,270.8,167.0,250.0,61.0,64.0,18.5,34,16.0,30,15.5,31.0,16.0,33.0,4,10,8,10,SW,W,NNW,WSW,72.0,78,88,85,400,24724,"High: 20,001-30,000"
4,Kurinjipadi,CO_43,clay,100,50.0,wet,80,4,160,8,108.52,41.52,60,2400,19.6,20.4,187.2,270.8,167.0,250.0,61.0,64.0,19.5,34,18.5,35,17.0,32.5,16.0,30.5,10,4,10,6,NW,S,SE,SSE,64.6,85,84,87,360,25228,"High: 20,001-30,000"
4,Panruti,ponmani,alluvial,100,50.0,wet,80,4,160,8,108.52,41.52,60,2400,18.5,21.5,185.2,272.8,165.3,251.7,60.0,65.0,20.0,35,18.0,30,17.5,33.5,18.0,33.0,4,12,4,12,ENE,NE,NNE,W,85.0,96,84,79,400,25244,"High: 20,001-30,000"
4,Kallakurichi,delux ponni,clay,100,50.0,wet,80,4,160,8,108.52,41.52,60,2400,18.5,21.5,185.2,272.8,165.3,251.7,60.0,65.0,19.0,33,17.0,32,16.5,31.5,15.5,32.5,8,6,8,6,W,WNW,SE,S,88.5,95,81,84,320,24828,"High: 20,001-30,000"
4,Sankarapuram,CO_43,clay,100,50.0,wet,80,4,160,8,108.52,41.52,60,2400,18.1,21.9,185.6,272.4,166.1,250.9,60.2,64.8,20.5,32,17.5,28,18.0,34.0,16.5,35.0,10,12,10,12,SSE,W,SW,NW,72.7,91,83,81,360,25640,"High: 20,001-30,000"
4,Chinnasalem,ponmani,clay,100,50.0,wet,80,4,160,8,108.52,41.52,60,2400,18.1,21.9,185.6,272.4,166.1,250.9,60.2,64.8,18.0,31,15.5,34,15.0,33.0,15.0,31.5,6,6,8,10,E,ENE,NE,NNW,78.6,80,92,88,400,24200,"High: 20,001-30,000"
4,Cuddalore,delux ponni,alluvial,100,50.0,wet,80,4,160,8,108.52,41.52,60,2400,19.6,20.4,187.2,270.8,167.0,250.0,61.0,64.0,18.5,34,16.0,30,15.5,31.0,16.0,33.0,4,10,8,10,SW,W,NNW,WSW,72.0,78,88,85,320,24908,"High: 20,001-30,000"
4,Kurinjipadi,CO_43,clay,100,50.0,wet,80,4,160,8,108.52,41.52,60,2400,19.6,20.4,187.2,270.8,167.0,250.0,61.0,64.0,19.5,34,18.5,35,17.0,32.5,16.0,30.5,10,4,10,6,NW,S,SE,SSE,64.6,85,84,87,360,25452,"High: 20,001-30,000"
4,Panruti,delux ponni,clay,100,50.0,wet,80,4,160,8,108.52,41.52,60,2400,18.5,21.5,185.2,272.8,165.3,251.7,60.0,65.0,20.0,35,18.0,30,17.5,33.5,18.0,33.0,4,12,4,12,ENE,NE,NNE,W,85.0,96,84,79,320,24836,"High: 20,001-30,000"
4,Kallakurichi,ponmani,alluvial,100,50.0,wet,80,4,160,8,108.52,41.52,60,2400,18.5,21.5,185.2,272.8,165.3,251.7,60.0,65.0,19.0,33,17.0,32,16.5,31.5,15.5,32.5,8,6,8,6,W,WNW,SE,S,88.5,95,81,84,400,25244,"High: 20,001-30,000"
4,Sankarapuram,CO_43,alluvial,100,50.0,wet,80,4,160,8,108.52,41.52,60,2400,18.1,21.9,185.6,272.4,166.1,250.9,60.2,64.8,20.5,32,17.5,28,18.0,34.0,16.5,35.0,10,12,10,12,SSE,W,SW,NW,72.7,91,83,81,360,24460,"High: 20,001-30,000"
4,Chinnasalem,ponmani,alluvial,100,50.0,wet,80,4,160,8,108.52,41.52,60,2400,18.1,21.9,185.6,272.4,166.1,250.9,60.2,64.8,18.0,31,15.5,34,15.0,33.0,15.0,31.5,6,6,8,10,E,ENE,NE,NNW,78.6,80,92,88,400,24908,"High: 20,001-30,000"
4,Cuddalore,delux ponni,alluvial,100,50.0,wet,80,4,160,8,108.52,41.52,60,2400,19.6,20.4,187.2,270.8,167.0,250.0,61.0,64.0,18.5,34,16.0,30,15.5,31.0,16.0,33.0,4,10,8,10,SW,W,NNW,WSW,72.0,78,88,85,320,25300,"High: 20,001-30,000"
4,Kurinjipadi,CO_43,alluvial,100,50.0,wet,80,4,160,8,108.52,41.52,60,2400,19.6,20.4,187.2,270.8,167.0,250.0,61.0,64.0,19.5,34,18.5,35,17.0,32.5,16.0,30.5,10,4,10,6,NW,S,SE,SSE,64.6,85,84,87,360,25876,"High: 20,001-30,000"
4,Panruti,ponmani,alluvial,100,50.0,wet,80,4,160,8,108.52,41.52,60,2400,18.5,21.5,185.2,272.8,165.3,251.7,60.0,65.0,20.0,35,18.0,30,17.5,33.5,18.0,33.0,4,12,4,12,ENE,NE,NNE,W,85.0,96,84,79,400,25120,"High: 20,001-30,000"
4,Sankarapuram,CO_43,clay,100,50.0,dry,80,4,160,8,108.52,41.52,60,2400,18.1,21.9,185.6,272.4,166.1,250.9,60.2,64.8,20.5,32,17.5,28,18.0,34.0,16.5,35.0,10,12,10,12,SSE,W,SW,NW,72.7,91,83,81,360,25228,"High: 20,001-30,000"
4,Chinnasalem,delux ponni,clay,100,50.0,dry,80,4,160,8,108.52,41.52,60,2400,18.1,21.9,185.6,272.4,166.1,250.9,60.2,64.8,18.0,31,15.5,34,15.0,33.0,15.0,31.5,6,6,8,10,E,ENE,NE,NNW,78.6,80,92,88,320,25244,"High: 20,001-30,000"
4,Cuddalore,ponmani,clay,100,50.0,dry,80,4,160,8,108.52,41.52,60,2400,19.6,20.4,187.2,270.8,167.0,250.0,61.0,64.0,18.5,34,16.0,30,15.5,31.0,16.0,33.0,4,10,8,10,SW,W,NNW,WSW,72.0,78,88,85,400,24828,"High: 20,001-30,000"
4,Kurinjipadi,ponmani,clay,100,50.0,dry,80,4,160,8,108.52,41.52,60,2400,19.6,20.4,187.2,270.8,167.0,250.0,61.0,64.0,19.5,34,18.5,35,17.0,32.5,16.0,30.5,10,4,10,6,NW,S,SE,SSE,64.6,85,84,87,400,25640,"High: 20,001-30,000"
4,Panruti,ponmani,clay,100,50.0,dry,80,4,160,8,108.52,41.52,60,2400,18.5,21.5,185.2,272.8,165.3,251.7,60.0,65.0,20.0,35,18.0,30,17.5,33.5,18.0,33.0,4,12,4,12,ENE,NE,NNE,W,85.0,96,84,79,400,24200,"High: 20,001-30,000"
4,Kallakurichi,ponmani,clay,100,50.0,dry,80,4,160,8,108.52,41.52,60,2400,18.5,21.5,185.2,272.8,165.3,251.7,60.0,65.0,19.0,33,17.0,32,16.5,31.5,15.5,32.5,8,6,8,6,W,WNW,SE,S,88.5,95,81,84,400,24908,"High: 20,001-30,000"
4,Sankarapuram,CO_43,clay,100,50.0,dry,80,4,160,8,108.52,41.52,60,2400,18.1,21.9,185.6,272.4,166.1,250.9,60.2,64.8,20.5,32,17.5,28,18.0,34.0,16.5,35.0,10,12,10,12,SSE,W,SW,NW,72.7,91,83,81,360,25452,"High: 20,001-30,000"
4,Chinnasalem,ponmani,clay,100,50.0,dry,80,4,160,8,108.52,41.52,60,2400,18.1,21.9,185.6,272.4,166.1,250.9,60.2,64.8,18.0,31,15.5,34,15.0,33.0,15.0,31.5,6,6,8,10,E,ENE,NE,NNW,78.6,80,92,88,400,24836,"High: 20,001-30,000"
4,Kallakurichi,delux ponni,alluvial,100,50.0,wet,80,4,160,8,108.52,41.52,60,2400,18.5,21.5,185.2,272.8,165.3,251.7,60.0,65.0,19.0,33,17.0,32,16.5,31.5,15.5,32.5,8,6,8,6,W,WNW,SE,S,88.5,95,81,84,320,25300,"High: 20,001-30,000"
4,Sankarapuram,delux ponni,alluvial,100,50.0,wet,80,4,160,8,108.52,41.52,60,2400,18.1,21.9,185.6,272.4,166.1,250.9,60.2,64.8,20.5,32,17.5,28,18.0,34.0,16.5,35.0,10,12,10,12,SSE,W,SW,NW,72.7,91,83,81,320,25876,"High: 20,001-30,000"
4,Chinnasalem,ponmani,alluvial,100,50.0,wet,80,4,160,8,108.52,41.52,60,2400,18.1,21.9,185.6,272.4,166.1,250.9,60.2,64.8,18.0,31,15.5,34,15.0,33.0,15.0,31.5,6,6,8,10,E,ENE,NE,NNW,78.6,80,92,88,400,25120,"High: 20,001-30,000"
4,Cuddalore,delux ponni,alluvial,100,50.0,wet,80,4,160,8,108.52,41.52,60,2400,19.6,20.4,187.2,270.8,167.0,250.0,61.0,64.0,18.5,34,16.0,30,15.5,31.0,16.0,33.0,4,10,8,10,SW,W,NNW,WSW,72.0,78,88,85,320,24724,"High: 20,001-30,000"
4,Kurinjipadi,CO_43,alluvial,100,50.0,wet,80,4,160,8,108.52,41.52,60,2400,19.6,20.4,187.2,270.8,167.0,250.0,61.0,64.0,19.5,34,18.5,35,17.0,32.5,16.0,30.5,10,4,10,6,NW,S,SE,SSE,64.6,85,84,87,360,25228,"High: 20,001-30,000"
4,Panruti,ponmani,clay,100,50.0,wet,80,4,160,8,108.52,41.52,60,2400,18.5,21.5,185.2,272.8,165.3,251.7,60.0,65.0,20.0,35,18.0,30,17.5,33.5,18.0,33.0,4,12,4,12,ENE,NE,NNE,W,85.0,96,84,79,400,24836,"High: 20,001-30,000"
4,Kallakurichi,delux ponni,alluvial,100,50.0,wet,80,4,160,8,108.52,41.52,60,2400,18.5,21.5,185.2,272.8,165.3,251.7,60.0,65.0,19.0,33,17.0,32,16.5,31.5,15.5,32.5,8,6,8,6,W,WNW,SE,S,88.5,95,81,84,320,25244,"High: 20,001-30,000"
4,Sankarapuram,CO_43,clay,100,50.0,wet,80,4,160,8,108.52,41.52,60,2400,18.1,21.9,185.6,272.4,166.1,250.9,60.2,64.8,20.5,32,17.5,28,18.0,34.0,16.5,35.0,10,12,10,12,SSE,W,SW,NW,72.7,91,83,81,360,24460,"High: 20,001-30,000"
4,Chinnasalem,delux ponni,alluvial,100,50.0,wet,80,4,160,8,108.52,41.52,60,2400,18.1,21.9,185.6,272.4,166.1,250.9,60.2,64.8,18.0,31,15.5,34,15.0,33.0,15.0,31.5,6,6,8,10,E,ENE,NE,NNW,78.6,80,92,88,320,24908,"High: 20,001-30,000"
4,Cuddalore,ponmani,clay,100,50.0,wet,80,4,160,8,108.52,41.52,60,2400,19.6,20.4,187.2,270.8,167.0,250.0,61.0,64.0,18.5,34,16.0,30,15.5,31.0,16.0,33.0,4,10,8,10,SW,W,NNW,WSW,72.0,78,88,85,400,25300,"High: 20,001-30,000"
4,Kallakurichi,delux ponni,clay,100,50.0,wet,80,4,160,8,108.52,41.52,60,2400,18.5,21.5,185.2,272.8,165.3,251.7,60.0,65.0,19.0,33,17.0,32,16.5,31.5,15.5,32.5,8,6,8,6,W,WNW,SE,S,88.5,95,81,84,320,24724,"High: 20,001-30,000"
4,Chinnasalem,ponmani,clay,100,50.0,wet,80,4,160,8,108.52,41.52,60,2400,18.1,21.9,185.6,272.4,166.1,250.9,60.2,64.8,18.0,31,15.5,34,15.0,33.0,15.0,31.5,6,6,8,10,E,ENE,NE,NNW,78.6,80,92,88,400,25244,"High: 20,001-30,000"
4,Cuddalore,delux ponni,alluvial,100,50.0,wet,80,4,160,8,108.52,41.52,60,2400,19.6,20.4,187.2,270.8,167.0,250.0,61.0,64.0,18.5,34,16.0,30,15.5,31.0,16.0,33.0,4,10,8,10,SW,W,NNW,WSW,72.0,78,88,85,320,24828,"High: 20,001-30,000"
4,Kurinjipadi,CO_43,clay,100,50.0,wet,80,4,160,8,108.52,41.52,60,2400,19.6,20.4,187.2,270.8,167.0,250.0,61.0,64.0,19.5,34,18.5,35,17.0,32.5,16.0,30.5,10,4,10,6,NW,S,SE,SSE,64.6,85,84,87,360,25640,"High: 20,001-30,000"
4,Panruti,delux ponni,alluvial,100,50.0,wet,80,4,160,8,108.52,41.52,60,2400,18.5,21.5,185.2,272.8,165.3,251.7,60.0,65.0,20.0,35,18.0,30,17.5,33.5,18.0,33.0,4,12,4,12,ENE,NE,NNE,W,85.0,96,84,79,320,24200,"High: 20,001-30,000"
4,Kallakurichi,ponmani,clay,100,50.0,wet,80,4,160,8,108.52,41.52,60,2400,18.5,21.5,185.2,272.8,165.3,251.7,60.0,65.0,19.0,33,17.0,32,16.5,31.5,15.5,32.5,8,6,8,6,W,WNW,SE,S,88.5,95,81,84,400,24908,"High: 20,001-30,000"
4,Chinnasalem,ponmani,alluvial,100,50.0,wet,80,4,160,8,108.52,41.52,60,2400,18.1,21.9,185.6,272.4,166.1,250.9,60.2,64.8,18.0,31,15.5,34,15.0,33.0,15.0,31.5,6,6,8,10,E,ENE,NE,NNW,78.6,80,92,88,400,24836,"High: 20,001-30,000"
4,Kallakurichi,delux ponni,clay,100,50.0,wet,80,4,160,8,108.52,41.52,60,2400,18.5,21.5,185.2,272.8,165.3,251.7,60.0,65.0,19.0,33,17.0,32,16.5,31.5,15.5,32.5,8,6,8,6,W,WNW,SE,S,88.5,95,81,84,320,24080,"High: 20,001-30,000"
4,Sankarapuram,CO_43,clay,100,50.0,dry,80,4,160,8,108.52,41.52,60,2400,18.1,21.9,185.6,272.4,166.1,250.9,60.2,64.8,20.5,32,17.5,28,18.0,34.0,16.5,35.0,10,12,10,12,SSE,W,SW,NW,72.7,91,83,81,360,25668,"High: 20,001-30,000"
4,Chinnasalem,delux ponni,clay,100,50.0,dry,80,4,160,8,108.52,41.52,60,2400,18.1,21.9,185.6,272.4,166.1,250.9,60.2,64.8,18.0,31,15.5,34,15.0,33.0,15.0,31.5,6,6,8,10,E,ENE,NE,NNW,78.6,80,92,88,320,25584,"High: 20,001-30,000"
4,Cuddalore,ponmani,clay,100,50.0,dry,80,4,160,8,108.52,41.52,60,2400,19.6,20.4,187.2,270.8,167.0,250.0,61.0,64.0,18.5,34,16.0,30,15.5,31.0,16.0,33.0,4,10,8,10,SW,W,NNW,WSW,72.0,78,88,85,400,25244,"High: 20,001-30,000"
4,Kurinjipadi,ponmani,alluvial,100,50.0,dry,80,4,160,8,108.52,41.52,60,2400,19.6,20.4,187.2,270.8,167.0,250.0,61.0,64.0,19.5,34,18.5,35,17.0,32.5,16.0,30.5,10,4,10,6,NW,S,SE,SSE,64.6,85,84,87,400,24324,"High: 20,001-30,000"
4,Panruti,ponmani,clay,100,50.0,dry,80,4,160,8,108.52,41.52,60,2400,18.5,21.5,185.2,272.8,165.3,251.7,60.0,65.0,20.0,35,18.0,30,17.5,33.5,18.0,33.0,4,12,4,12,ENE,NE,NNE,W,85.0,96,84,79,400,25136,"High: 20,001-30,000"
4,Kallakurichi,ponmani,alluvial,100,50.0,dry,80,4,160,8,108.52,41.52,60,2400,18.5,21.5,185.2,272.8,165.3,251.7,60.0,65.0,19.0,33,17.0,32,16.5,31.5,15.5,32.5,8,6,8,6,W,WNW,SE,S,88.5,95,81,84,400,24772,"High: 20,001-30,000"
4,Sankarapuram,CO_43,clay,100,50.0,dry,80,4,160,8,108.52,41.52,60,2400,18.1,21.9,185.6,272.4,166.1,250.9,60.2,64.8,20.5,32,17.5,28,18.0,34.0,16.5,35.0,10,12,10,12,SSE,W,SW,NW,72.7,91,83,81,360,24912,"High: 20,001-30,000"
4,Chinnasalem,ponmani,clay,100,50.0,dry,80,4,160,8,108.52,41.52,60,2400,18.1,21.9,185.6,272.4,166.1,250.9,60.2,64.8,18.0,31,15.5,34,15.0,33.0,15.0,31.5,6,6,8,10,E,ENE,NE,NNW,78.6,80,92,88,400,23616,"High: 20,001-30,000"
4,Cuddalore,ponmani,alluvial,100,50.0,dry,80,4,160,8,108.52,41.52,60,2400,19.6,20.4,187.2,270.8,167.0,250.0,61.0,64.0,18.5,34,16.0,30,15.5,31.0,16.0,33.0,4,10,8,10,SW,W,NNW,WSW,72.0,78,88,85,400,23424,"High: 20,001-30,000"
4,Kurinjipadi,ponmani,clay,100,50.0,dry,80,4,160,8,108.52,41.52,60,2400,19.6,20.4,187.2,270.8,167.0,250.0,61.0,64.0,19.5,34,18.5,35,17.0,32.5,16.0,30.5,10,4,10,6,NW,S,SE,SSE,64.6,85,84,87,400,22568,"High: 20,001-30,000"
4,Panruti,delux ponni,alluvial,100,50.0,dry,80,4,160,8,108.52,41.52,60,2400,18.5,21.5,185.2,272.8,165.3,251.7,60.0,65.0,20.0,35,18.0,30,17.5,33.5,18.0,33.0,4,12,4,12,ENE,NE,NNE,W,85.0,96,84,79,320,24000,"High: 20,001-30,000"
4,Kallakurichi,delux ponni,alluvial,100,50.0,dry,80,4,160,8,108.52,41.52,60,2400,18.5,21.5,185.2,272.8,165.3,251.7,60.0,65.0,19.0,33,17.0,32,16.5,31.5,15.5,32.5,8,6,8,6,W,WNW,SE,S,88.5,95,81,84,320,23544,"High: 20,001-30,000"
4,Sankarapuram,delux ponni,clay,100,50.0,dry,80,4,160,8,108.52,41.52,60,2400,18.1,21.9,185.6,272.4,166.1,250.9,60.2,64.8,20.5,32,17.5,28,18.0,34.0,16.5,35.0,10,12,10,12,SSE,W,SW,NW,72.7,91,83,81,320,23704,"High: 20,001-30,000"
4,Chinnasalem,ponmani,alluvial,100,50.0,dry,80,4,160,8,108.52,41.52,60,2400,18.1,21.9,185.6,272.4,166.1,250.9,60.2,64.8,18.0,31,15.5,34,15.0,33.0,15.0,31.5,6,6,8,10,E,ENE,NE,NNW,78.6,80,92,88,400,22360,"High: 20,001-30,000"
4,Cuddalore,delux ponni,alluvial,100,50.0,dry,80,4,160,8,108.52,41.52,60,2400,19.6,20.4,187.2,270.8,167.0,250.0,61.0,64.0,18.5,34,16.0,30,15.5,31.0,16.0,33.0,4,10,8,10,SW,W,NNW,WSW,72.0,78,88,85,320,21888,"High: 20,001-30,000"
4,Kurinjipadi,CO_43,alluvial,100,50.0,dry,80,4,160,8,108.52,41.52,60,2400,19.6,20.4,187.2,270.8,167.0,250.0,61.0,64.0,19.5,34,18.5,35,17.0,32.5,16.0,30.5,10,4,10,6,NW,S,SE,SSE,64.6,85,84,87,360,23532,"High: 20,001-30,000"
4,Panruti,delux ponni,alluvial,100,50.0,wet,80,4,160,8,108.52,41.52,60,2400,18.5,21.5,185.2,272.8,165.3,251.7,60.0,65.0,20.0,35,18.0,30,17.5,33.5,18.0,33.0,4,12,4,12,ENE,NE,NNE,W,85.0,96,84,79,320,22812,"High: 20,001-30,000"
4,Kallakurichi,delux ponni,clay,100,50.0,wet,80,4,160,8,108.52,41.52,60,2400,18.5,21.5,185.2,272.8,165.3,251.7,60.0,65.0,19.0,33,17.0,32,16.5,31.5,15.5,32.5,8,6,8,6,W,WNW,SE,S,88.5,95,81,84,320,23632,"High: 20,001-30,000"
4,Sankarapuram,CO_43,alluvial,100,50.0,wet,80,4,160,8,108.52,41.52,60,2400,18.1,21.9,185.6,272.4,166.1,250.9,60.2,64.8,20.5,32,17.5,28,18.0,34.0,16.5,35.0,10,12,10,12,SSE,W,SW,NW,72.7,91,83,81,360,23728,"High: 20,001-30,000"
4,Chinnasalem,ponmani,clay,100,50.0,wet,80,4,160,8,108.52,41.52,60,2400,18.1,21.9,185.6,272.4,166.1,250.9,60.2,64.8,18.0,31,15.5,34,15.0,33.0,15.0,31.5,6,6,8,10,E,ENE,NE,NNW,78.6,80,92,88,400,22108,"High: 20,001-30,000"
4,Cuddalore,delux ponni,clay,100,50.0,wet,80,4,160,8,108.52,41.52,60,2400,19.6,20.4,187.2,270.8,167.0,250.0,61.0,64.0,18.5,34,16.0,30,15.5,31.0,16.0,33.0,4,10,8,10,SW,W,NNW,WSW,72.0,78,88,85,320,21640,"High: 20,001-30,000"
4,Kurinjipadi,CO_43,alluvial,100,50.0,wet,80,4,160,8,108.52,41.52,60,2400,19.6,20.4,187.2,270.8,167.0,250.0,61.0,64.0,19.5,34,18.5,35,17.0,32.5,16.0,30.5,10,4,10,6,NW,S,SE,SSE,64.6,85,84,87,360,22892,"High: 20,001-30,000"
4,Panruti,ponmani,clay,100,50.0,wet,80,4,160,8,108.52,41.52,60,2400,18.5,21.5,185.2,272.8,165.3,251.7,60.0,65.0,20.0,35,18.0,30,17.5,33.5,18.0,33.0,4,12,4,12,ENE,NE,NNE,W,85.0,96,84,79,400,21852,"High: 20,001-30,000"
4,Kallakurichi,delux ponni,clay,100,50.0,wet,80,4,160,8,108.52,41.52,60,2400,18.5,21.5,185.2,272.8,165.3,251.7,60.0,65.0,19.0,33,17.0,32,16.5,31.5,15.5,32.5,8,6,8,6,W,WNW,SE,S,88.5,95,81,84,320,22512,"High: 20,001-30,000"
4,Sankarapuram,CO_43,clay,100,50.0,dry,80,4,160,8,108.52,41.52,60,2400,18.1,21.9,185.6,272.4,166.1,250.9,60.2,64.8,20.5,32,17.5,28,18.0,34.0,16.5,35.0,10,12,10,12,SSE,W,SW,NW,72.7,91,83,81,360,23120,"High: 20,001-30,000"
4,Chinnasalem,delux ponni,alluvial,100,50.0,dry,80,4,160,8,108.52,41.52,60,2400,18.1,21.9,185.6,272.4,166.1,250.9,60.2,64.8,18.0,31,15.5,34,15.0,33.0,15.0,31.5,6,6,8,10,E,ENE,NE,NNW,78.6,80,92,88,320,22576,"High: 20,001-30,000"
4,Cuddalore,ponmani,alluvial,100,50.0,dry,80,4,160,8,108.52,41.52,60,2400,19.6,20.4,187.2,270.8,167.0,250.0,61.0,64.0,18.5,34,16.0,30,15.5,31.0,16.0,33.0,4,10,8,10,SW,W,NNW,WSW,72.0,78,88,85,400,23420,"High: 20,001-30,000"
4,Kurinjipadi,CO_43,alluvial,100,50.0,dry,80,4,160,8,108.52,41.52,60,2400,19.6,20.4,187.2,270.8,167.0,250.0,61.0,64.0,19.5,34,18.5,35,17.0,32.5,16.0,30.5,10,4,10,6,NW,S,SE,SSE,64.6,85,84,87,360,23492,"High: 20,001-30,000"
4,Panruti,ponmani,clay,100,50.0,dry,80,4,160,8,108.52,41.52,60,2400,18.5,21.5,185.2,272.8,165.3,251.7,60.0,65.0,20.0,35,18.0,30,17.5,33.5,18.0,33.0,4,12,4,12,ENE,NE,NNE,W,85.0,96,84,79,400,23532,"High: 20,001-30,000"
4,Kallakurichi,delux ponni,alluvial,100,50.0,dry,80,4,160,8,108.52,41.52,60,2400,18.5,21.5,185.2,272.8,165.3,251.7,60.0,65.0,19.0,33,17.0,32,16.5,31.5,15.5,32.5,8,6,8,6,W,WNW,SE,S,88.5,95,81,84,320,23632,"High: 20,001-30,000"
4,Sankarapuram,CO_43,clay,100,50.0,dry,80,4,160,8,108.52,41.52,60,2400,18.1,21.9,185.6,272.4,166.1,250.9,60.2,64.8,20.5,32,17.5,28,18.0,34.0,16.5,35.0,10,12,10,12,SSE,W,SW,NW,72.7,91,83,81,360,23344,"High: 20,001-30,000"
4,Chinnasalem,ponmani,alluvial,100,50.0,dry,80,4,160,8,108.52,41.52,60,2400,18.1,21.9,185.6,272.4,166.1,250.9,60.2,64.8,18.0,31,15.5,34,15.0,33.0,15.0,31.5,6,6,8,10,E,ENE,NE,NNW,78.6,80,92,88,400,23444,"High: 20,001-30,000"
4,Cuddalore,delux ponni,alluvial,100,50.0,dry,80,4,160,8,108.52,41.52,60,2400,19.6,20.4,187.2,270.8,167.0,250.0,61.0,64.0,18.5,34,16.0,30,15.5,31.0,16.0,33.0,4,10,8,10,SW,W,NNW,WSW,72.0,78,88,85,320,21640,"High: 20,001-30,000"
4,Kurinjipadi,CO_43,clay,100,50.0,wet,80,4,160,8,108.52,41.52,60,2400,19.6,20.4,187.2,270.8,167.0,250.0,61.0,64.0,19.5,34,18.5,35,17.0,32.5,16.0,30.5,10,4,10,6,NW,S,SE,SSE,64.6,85,84,87,360,22892,"High: 20,001-30,000"
4,Panruti,delux ponni,clay,100,50.0,wet,80,4,160,8,108.52,41.52,60,2400,18.5,21.5,185.2,272.8,165.3,251.7,60.0,65.0,20.0,35,18.0,30,17.5,33.5,18.0,33.0,4,12,4,12,ENE,NE,NNE,W,85.0,96,84,79,320,23020,"High: 20,001-30,000"
4,Kallakurichi,ponmani,alluvial,100,50.0,wet,80,4,160,8,108.52,41.52,60,2400,18.5,21.5,185.2,272.8,165.3,251.7,60.0,65.0,19.0,33,17.0,32,16.5,31.5,15.5,32.5,8,6,8,6,W,WNW,SE,S,88.5,95,81,84,400,22512,"High: 20,001-30,000"
4,Sankarapuram,CO_43,clay,100,50.0,wet,80,4,160,8,108.52,41.52,60,2400,18.1,21.9,185.6,272.4,166.1,250.9,60.2,64.8,20.5,32,17.5,28,18.0,34.0,16.5,35.0,10,12,10,12,SSE,W,SW,NW,72.7,91,83,81,360,21968,"High: 20,001-30,000"
4,Chinnasalem,ponmani,alluvial,100,50.0,wet,80,4,160,8,108.52,41.52,60,2400,18.1,21.9,185.6,272.4,166.1,250.9,60.2,64.8,18.0,31,15.5,34,15.0,33.0,15.0,31.5,6,6,8,10,E,ENE,NE,NNW,78.6,80,92,88,400,23452,"High: 20,001-30,000"
4,Cuddalore,delux ponni,clay,100,50.0,wet,80,4,160,8,108.52,41.52,60,2400,19.6,20.4,187.2,270.8,167.0,250.0,61.0,64.0,18.5,34,16.0,30,15.5,31.0,16.0,33.0,4,10,8,10,SW,W,NNW,WSW,72.0,78,88,85,320,23032,"High: 20,001-30,000"
4,Kurinjipadi,CO_43,clay,100,50.0,wet,80,4,160,8,108.52,41.52,60,2400,19.6,20.4,187.2,270.8,167.0,250.0,61.0,64.0,19.5,34,18.5,35,17.0,32.5,16.0,30.5,10,4,10,6,NW,S,SE,SSE,64.6,85,84,87,360,23492,"High: 20,001-30,000"
4,Panruti,ponmani,alluvial,100,50.0,wet,80,4,160,8,108.52,41.52,60,2400,18.5,21.5,185.2,272.8,165.3,251.7,60.0,65.0,20.0,35,18.0,30,17.5,33.5,18.0,33.0,4,12,4,12,ENE,NE,NNE,W,85.0,96,84,79,400,23532,"High: 20,001-30,000"
4,Kallakurichi,delux ponni,clay,100,50.0,wet,80,4,160,8,108.52,41.52,60,2400,18.5,21.5,185.2,272.8,165.3,251.7,60.0,65.0,19.0,33,17.0,32,16.5,31.5,15.5,32.5,8,6,8,6,W,WNW,SE,S,88.5,95,81,84,320,23856,"High: 20,001-30,000"
4,Sankarapuram,CO_43,alluvial,100,50.0,wet,80,4,160,8,108.52,41.52,60,2400,18.1,21.9,185.6,272.4,166.1,250.9,60.2,64.8,20.5,32,17.5,28,18.0,34.0,16.5,35.0,10,12,10,12,SSE,W,SW,NW,72.7,91,83,81,360,22020,"High: 20,001-30,000"
4,Chinnasalem,delux ponni,clay,100,50.0,wet,80,4,160,8,108.52,41.52,60,2400,18.1,21.9,185.6,272.4,166.1,250.9,60.2,64.8,18.0,31,15.5,34,15.0,33.0,15.0,31.5,6,6,8,10,E,ENE,NE,NNW,78.6,80,92,88,320,22108,"High: 20,001-30,000"
4,Cuddalore,ponmani,alluvial,100,50.0,wet,80,4,160,8,108.52,41.52,60,2400,19.6,20.4,187.2,270.8,167.0,250.0,61.0,64.0,18.5,34,16.0,30,15.5,31.0,16.0,33.0,4,10,8,10,SW,W,NNW,WSW,72.0,78,88,85,400,21640,"High: 20,001-30,000"
4,Kurinjipadi,ponmani,alluvial,100,50.0,wet,80,4,160,8,108.52,41.52,60,2400,19.6,20.4,187.2,270.8,167.0,250.0,61.0,64.0,19.5,34,18.5,35,17.0,32.5,16.0,30.5,10,4,10,6,NW,S,SE,SSE,64.6,85,84,87,400,23520,"High: 20,001-30,000"
4,Kallakurichi,ponmani,alluvial,100,50.0,wet,80,4,160,8,108.52,41.52,60,2400,18.5,21.5,185.2,272.8,165.3,251.7,60.0,65.0,19.0,33,17.0,32,16.5,31.5,15.5,32.5,8,6,8,6,W,WNW,SE,S,88.5,95,81,84,400,23372,"High: 20,001-30,000"
4,Sankarapuram,CO_43,clay,100,50.0,wet,80,4,160,8,108.52,41.52,60,2400,18.1,21.9,185.6,272.4,166.1,250.9,60.2,64.8,20.5,32,17.5,28,18.0,34.0,16.5,35.0,10,12,10,12,SSE,W,SW,NW,72.7,91,83,81,360,23664,"High: 20,001-30,000"
4,Chinnasalem,ponmani,alluvial,100,50.0,wet,80,4,160,8,108.52,41.52,60,2400,18.1,21.9,185.6,272.4,166.1,250.9,60.2,64.8,18.0,31,15.5,34,15.0,33.0,15.0,31.5,6,6,8,10,E,ENE,NE,NNW,78.6,80,92,88,400,21812,"High: 20,001-30,000"
4,Cuddalore,ponmani,clay,100,50.0,wet,80,4,160,8,108.52,41.52,60,2400,19.6,20.4,187.2,270.8,167.0,250.0,61.0,64.0,18.5,34,16.0,30,15.5,31.0,16.0,33.0,4,10,8,10,SW,W,NNW,WSW,72.0,78,88,85,400,23856,"High: 20,001-30,000"
4,Kurinjipadi,ponmani,alluvial,100,50.0,dry,80,4,160,8,108.52,41.52,60,2400,19.6,20.4,187.2,270.8,167.0,250.0,61.0,64.0,19.5,34,18.5,35,17.0,32.5,16.0,30.5,10,4,10,6,NW,S,SE,SSE,64.6,85,84,87,400,23492,"High: 20,001-30,000"
4,Panruti,delux ponni,clay,100,50.0,dry,80,4,160,8,108.52,41.52,60,2400,18.5,21.5,185.2,272.8,165.3,251.7,60.0,65.0,20.0,35,18.0,30,17.5,33.5,18.0,33.0,4,12,4,12,ENE,NE,NNE,W,85.0,96,84,79,320,23532,"High: 20,001-30,000"
4,Kallakurichi,delux ponni,clay,100,50.0,dry,80,4,160,8,108.52,41.52,60,2400,18.5,21.5,185.2,272.8,165.3,251.7,60.0,65.0,19.0,33,17.0,32,16.5,31.5,15.5,32.5,8,6,8,6,W,WNW,SE,S,88.5,95,81,84,320,23104,"High: 20,001-30,000"
4,Sankarapuram,delux ponni,clay,100,50.0,dry,80,4,160,8,108.52,41.52,60,2400,18.1,21.9,185.6,272.4,166.1,250.9,60.2,64.8,20.5,32,17.5,28,18.0,34.0,16.5,35.0,10,12,10,12,SSE,W,SW,NW,72.7,91,83,81,320,23344,"High: 20,001-30,000"
4,Chinnasalem,ponmani,clay,100,50.0,dry,80,4,160,8,108.52,41.52,60,2400,18.1,21.9,185.6,272.4,166.1,250.9,60.2,64.8,18.0,31,15.5,34,15.0,33.0,15.0,31.5,6,6,8,10,E,ENE,NE,NNW,78.6,80,92,88,400,22108,"High: 20,001-30,000"
4,Chinnasalem,delux ponni,alluvial,100,50.0,dry,80,4,160,8,108.52,41.52,60,2400,18.1,21.9,185.6,272.4,166.1,250.9,60.2,64.8,18.0,31,15.5,34,15.0,33.0,15.0,31.5,6,6,8,10,E,ENE,NE,NNW,78.6,80,92,88,320,22372,"High: 20,001-30,000"
4,Chinnasalem,CO_43,clay,100,50.0,dry,80,4,160,8,108.52,41.52,60,2400,18.1,21.9,185.6,272.4,166.1,250.9,60.2,64.8,18.0,31,15.5,34,15.0,33.0,15.0,31.5,6,6,8,10,E,ENE,NE,NNW,78.6,80,92,88,360,22892,"High: 20,001-30,000"
4,Chinnasalem,delux ponni,clay,100,50.0,dry,80,4,160,8,108.52,41.52,60,2400,18.1,21.9,185.6,272.4,166.1,250.9,60.2,64.8,18.0,31,15.5,34,15.0,33.0,15.0,31.5,6,6,8,10,E,ENE,NE,NNW,78.6,80,92,88,320,21852,"High: 20,001-30,000"
4,Chinnasalem,delux ponni,alluvial,100,50.0,dry,80,4,160,8,108.52,41.52,60,2400,18.1,21.9,185.6,272.4,166.1,250.9,60.2,64.8,18.0,31,15.5,34,15.0,33.0,15.0,31.5,6,6,8,10,E,ENE,NE,NNW,78.6,80,92,88,320,21968,"High: 20,001-30,000"
4,Kallakurichi,CO_43,clay,100,50.0,dry,80,4,160,8,108.52,41.52,60,2400,18.5,21.5,185.2,272.8,165.3,251.7,60.0,65.0,19.0,33,17.0,32,16.5,31.5,15.5,32.5,8,6,8,6,W,WNW,SE,S,88.5,95,81,84,360,22120,"High: 20,001-30,000"
4,Kallakurichi,ponmani,clay,100,50.0,wet,80,4,160,8,108.52,41.52,60,2400,18.5,21.5,185.2,272.8,165.3,251.7,60.0,65.0,19.0,33,17.0,32,16.5,31.5,15.5,32.5,8,6,8,6,W,WNW,SE,S,88.5,95,81,84,400,21812,"High: 20,001-30,000"
4,Kallakurichi,delux ponni,alluvial,100,50.0,wet,80,4,160,8,108.52,41.52,60,2400,18.5,21.5,185.2,272.8,165.3,251.7,60.0,65.0,19.0,33,17.0,32,16.5,31.5,15.5,32.5,8,6,8,6,W,WNW,SE,S,88.5,95,81,84,320,22448,"High: 20,001-30,000"
4,Kallakurichi,CO_43,clay,100,50.0,wet,80,4,160,8,108.52,41.52,60,2400,18.5,21.5,185.2,272.8,165.3,251.7,60.0,65.0,19.0,33,17.0,32,16.5,31.5,15.5,32.5,8,6,8,6,W,WNW,SE,S,88.5,95,81,84,360,23492,"High: 20,001-30,000"
4,Panruti,ponmani,clay,100,50.0,wet,80,4,160,8,108.52,41.52,60,2400,18.5,21.5,185.2,272.8,165.3,251.7,60.0,65.0,20.0,35,18.0,30,17.5,33.5,18.0,33.0,4,12,4,12,ENE,NE,NNE,W,85.0,96,84,79,400,22312,"High: 20,001-30,000"
4,Panruti,delux ponni,clay,100,50.0,wet,80,4,160,8,108.52,41.52,60,2400,18.5,21.5,185.2,272.8,165.3,251.7,60.0,65.0,20.0,35,18.0,30,17.5,33.5,18.0,33.0,4,12,4,12,ENE,NE,NNE,W,85.0,96,84,79,320,23632,"High: 20,001-30,000"
4,Panruti,CO_43,alluvial,100,50.0,wet,80,4,160,8,108.52,41.52,60,2400,18.5,21.5,185.2,272.8,165.3,251.7,60.0,65.0,20.0,35,18.0,30,17.5,33.5,18.0,33.0,4,12,4,12,ENE,NE,NNE,W,85.0,96,84,79,360,23344,"High: 20,001-30,000"
4,Panruti,delux ponni,clay,100,50.0,wet,80,4,160,8,108.52,41.52,60,2400,18.5,21.5,185.2,272.8,165.3,251.7,60.0,65.0,20.0,35,18.0,30,17.5,33.5,18.0,33.0,4,12,4,12,ENE,NE,NNE,W,85.0,96,84,79,320,22108,"High: 20,001-30,000"
4,Panruti,ponmani,clay,100,50.0,wet,80,4,160,8,108.52,41.52,60,2400,18.5,21.5,185.2,272.8,165.3,251.7,60.0,65.0,20.0,35,18.0,30,17.5,33.5,18.0,33.0,4,12,4,12,ENE,NE,NNE,W,85.0,96,84,79,400,23996,"High: 20,001-30,000"
4,Cuddalore,CO_43,alluvial,100,50.0,wet,80,4,160,8,108.52,41.52,60,2400,19.6,20.4,187.2,270.8,167.0,250.0,61.0,64.0,18.5,34,16.0,30,15.5,31.0,16.0,33.0,4,10,8,10,SW,W,NNW,WSW,72.0,78,88,85,360,22892,"High: 20,001-30,000"
4,Cuddalore,ponmani,alluvial,100,50.0,wet,80,4,160,8,108.52,41.52,60,2400,19.6,20.4,187.2,270.8,167.0,250.0,61.0,64.0,18.5,34,16.0,30,15.5,31.0,16.0,33.0,4,10,8,10,SW,W,NNW,WSW,72.0,78,88,85,400,22252,"High: 20,001-30,000"
4,Cuddalore,delux ponni,alluvial,100,50.0,wet,80,4,160,8,108.52,41.52,60,2400,19.6,20.4,187.2,270.8,167.0,250.0,61.0,64.0,18.5,34,16.0,30,15.5,31.0,16.0,33.0,4,10,8,10,SW,W,NNW,WSW,72.0,78,88,85,320,23452,"High: 20,001-30,000"
4,Cuddalore,CO_43,alluvial,100,50.0,dry,80,4,160,8,108.52,41.52,60,2400,19.6,20.4,187.2,270.8,167.0,250.0,61.0,64.0,18.5,34,16.0,30,15.5,31.0,16.0,33.0,4,10,8,10,SW,W,NNW,WSW,72.0,78,88,85,360,23420,"High: 20,001-30,000"
4,Cuddalore,ponmani,alluvial,100,50.0,dry,80,4,160,8,108.52,41.52,60,2400,19.6,20.4,187.2,270.8,167.0,250.0,61.0,64.0,18.5,34,16.0,30,15.5,31.0,16.0,33.0,4,10,8,10,SW,W,NNW,WSW,72.0,78,88,85,400,23304,"High: 20,001-30,000"
4,Cuddalore,delux ponni,alluvial,100,50.0,dry,80,4,160,8,108.52,41.52,60,2400,19.6,20.4,187.2,270.8,167.0,250.0,61.0,64.0,18.5,34,16.0,30,15.5,31.0,16.0,33.0,4,10,8,10,SW,W,NNW,WSW,72.0,78,88,85,320,22448,"High: 20,001-30,000"
4,Cuddalore,CO_43,alluvial,100,50.0,dry,80,4,160,8,108.52,41.52,60,2400,19.6,20.4,187.2,270.8,167.0,250.0,61.0,64.0,18.5,34,16.0,30,15.5,31.0,16.0,33.0,4,10,8,10,SW,W,NNW,WSW,72.0,78,88,85,360,23492,"High: 20,001-30,000"
4,Kurinjipadi,delux ponni,clay,100,50.0,dry,80,4,160,8,108.52,41.52,60,2400,19.6,20.4,187.2,270.8,167.0,250.0,61.0,64.0,19.5,34,18.5,35,17.0,32.5,16.0,30.5,10,4,10,6,NW,S,SE,SSE,64.6,85,84,87,320,23080,"High: 20,001-30,000"
4,Kurinjipadi,ponmani,clay,100,50.0,dry,80,4,160,8,108.52,41.52,60,2400,19.6,20.4,187.2,270.8,167.0,250.0,61.0,64.0,19.5,34,18.5,35,17.0,32.5,16.0,30.5,10,4,10,6,NW,S,SE,SSE,64.6,85,84,87,400,23344,"High: 20,001-30,000"
4,Kurinjipadi,CO_43,clay,100,50.0,dry,80,4,160,8,108.52,41.52,60,2400,19.6,20.4,187.2,270.8,167.0,250.0,61.0,64.0,19.5,34,18.5,35,17.0,32.5,16.0,30.5,10,4,10,6,NW,S,SE,SSE,64.6,85,84,87,360,22892,"High: 20,001-30,000"
4,Kurinjipadi,ponmani,clay,100,50.0,dry,80,4,160,8,108.52,41.52,60,2400,19.6,20.4,187.2,270.8,167.0,250.0,61.0,64.0,19.5,34,18.5,35,17.0,32.5,16.0,30.5,10,4,10,6,NW,S,SE,SSE,64.6,85,84,87,400,22860,"High: 20,001-30,000"
4,Kurinjipadi,delux ponni,clay,100,50.0,dry,80,4,160,8,108.52,41.52,60,2400,19.6,20.4,187.2,270.8,167.0,250.0,61.0,64.0,19.5,34,18.5,35,17.0,32.5,16.0,30.5,10,4,10,6,NW,S,SE,SSE,64.6,85,84,87,320,23492,"High: 20,001-30,000"
4,Kurinjipadi,ponmani,clay,100,50.0,wet,80,4,160,8,108.52,41.52,60,2400,19.6,20.4,187.2,270.8,167.0,250.0,61.0,64.0,19.5,34,18.5,35,17.0,32.5,16.0,30.5,10,4,10,6,NW,S,SE,SSE,64.6,85,84,87,400,23344,"High: 20,001-30,000"
4,Kurinjipadi,delux ponni,clay,100,50.0,wet,80,4,160,8,108.52,41.52,60,2400,19.6,20.4,187.2,270.8,167.0,250.0,61.0,64.0,19.5,34,18.5,35,17.0,32.5,16.0,30.5,10,4,10,6,NW,S,SE,SSE,64.6,85,84,87,320,22892,"High: 20,001-30,000"
4,Kurinjipadi,CO_43,alluvial,100,50.0,wet,80,4,160,8,108.52,41.52,60,2400,19.6,20.4,187.2,270.8,167.0,250.0,61.0,64.0,19.5,34,18.5,35,17.0,32.5,16.0,30.5,10,4,10,6,NW,S,SE,SSE,64.6,85,84,87,360,23844,"High: 20,001-30,000"
4,Kurinjipadi,delux ponni,alluvial,100,50.0,wet,80,4,160,8,108.52,41.52,60,2400,19.6,20.4,187.2,270.8,167.0,250.0,61.0,64.0,19.5,34,18.5,35,17.0,32.5,16.0,30.5,10,4,10,6,NW,S,SE,SSE,64.6,85,84,87,320,23492,"High: 20,001-30,000"
4,Sankarapuram,ponmani,alluvial,100,50.0,wet,80,4,160,8,108.52,41.52,60,2400,18.1,21.9,185.6,272.4,166.1,250.9,60.2,64.8,20.5,32,17.5,28,18.0,34.0,16.5,35.0,10,12,10,12,SSE,W,SW,NW,72.7,91,83,81,400,23216,"High: 20,001-30,000"
4,Sankarapuram,ponmani,alluvial,100,50.0,wet,80,4,160,8,108.52,41.52,60,2400,18.1,21.9,185.6,272.4,166.1,250.9,60.2,64.8,20.5,32,17.5,28,18.0,34.0,16.5,35.0,10,12,10,12,SSE,W,SW,NW,72.7,91,83,81,400,22892,"High: 20,001-30,000"
4,Sankarapuram,ponmani,alluvial,100,50.0,wet,80,4,160,8,108.52,41.52,60,2400,18.1,21.9,185.6,272.4,166.1,250.9,60.2,64.8,20.5,32,17.5,28,18.0,34.0,16.5,35.0,10,12,10,12,SSE,W,SW,NW,72.7,91,83,81,400,23420,"High: 20,001-30,000"
4,Sankarapuram,ponmani,alluvial,100,50.0,wet,80,4,160,8,108.52,41.52,60,2400,18.1,21.9,185.6,272.4,166.1,250.9,60.2,64.8,20.5,32,17.5,28,18.0,34.0,16.5,35.0,10,12,10,12,SSE,W,SW,NW,72.7,91,83,81,400,23112,"High: 20,001-30,000"
4,Sankarapuram,CO_43,alluvial,100,50.0,wet,80,4,160,8,108.52,41.52,60,2400,18.1,21.9,185.6,272.4,166.1,250.9,60.2,64.8,20.5,32,17.5,28,18.0,34.0,16.5,35.0,10,12,10,12,SSE,W,SW,NW,72.7,91,83,81,360,23632,"High: 20,001-30,000"
4,Sankarapuram,ponmani,alluvial,100,50.0,wet,80,4,160,8,108.52,41.52,60,2400,18.1,21.9,185.6,272.4,166.1,250.9,60.2,64.8,20.5,32,17.5,28,18.0,34.0,16.5,35.0,10,12,10,12,SSE,W,SW,NW,72.7,91,83,81,400,23876,"High: 20,001-30,000"
4,Sankarapuram,ponmani,clay,100,50.0,wet,80,4,160,8,108.52,41.52,60,2400,18.1,21.9,185.6,272.4,166.1,250.9,60.2,64.8,20.5,32,17.5,28,18.0,34.0,16.5,35.0,10,12,10,12,SSE,W,SW,NW,72.7,91,83,81,400,21640,"High: 20,001-30,000"
4,Sankarapuram,ponmani,clay,100,50.0,wet,80,4,160,8,108.52,41.52,60,2400,18.1,21.9,185.6,272.4,166.1,250.9,60.2,64.8,20.5,32,17.5,28,18.0,34.0,16.5,35.0,10,12,10,12,SSE,W,SW,NW,72.7,91,83,81,400,22512,"High: 20,001-30,000"
4,Sankarapuram,delux ponni,clay,100,50.0,wet,80,4,160,8,108.52,41.52,60,2400,18.1,21.9,185.6,272.4,166.1,250.9,60.2,64.8,20.5,32,17.5,28,18.0,34.0,16.5,35.0,10,12,10,12,SSE,W,SW,NW,72.7,91,83,81,320,23776,"High: 20,001-30,000"
4,Sankarapuram,delux ponni,clay,100,50.0,dry,80,4,160,8,108.52,41.52,60,2400,18.1,21.9,185.6,272.4,166.1,250.9,60.2,64.8,20.5,32,17.5,28,18.0,34.0,16.5,35.0,10,12,10,12,SSE,W,SW,NW,72.7,91,83,81,320,23664,"High: 20,001-30,000"
4,Sankarapuram,delux ponni,clay,100,50.0,dry,80,4,160,8,108.52,41.52,60,2400,18.1,21.9,185.6,272.4,166.1,250.9,60.2,64.8,20.5,32,17.5,28,18.0,34.0,16.5,35.0,10,12,10,12,SSE,W,SW,NW,72.7,91,83,81,320,23976,"High: 20,001-30,000"
4,Sankarapuram,ponmani,clay,100,50.0,dry,80,4,160,8,108.52,41.52,60,2400,18.1,21.9,185.6,272.4,166.1,250.9,60.2,64.8,20.5,32,17.5,28,18.0,34.0,16.5,35.0,10,12,10,12,SSE,W,SW,NW,72.7,91,83,81,400,23420,"High: 20,001-30,000"
4,Sankarapuram,delux ponni,clay,100,50.0,dry,80,4,160,8,108.52,41.52,60,2400,18.1,21.9,185.6,272.4,166.1,250.9,60.2,64.8,20.5,32,17.5,28,18.0,34.0,16.5,35.0,10,12,10,12,SSE,W,SW,NW,72.7,91,83,81,320,23988,"High: 20,001-30,000"
4,Sankarapuram,CO_43,alluvial,100,50.0,dry,80,4,160,8,108.52,41.52,60,2400,18.1,21.9,185.6,272.4,166.1,250.9,60.2,64.8,20.5,32,17.5,28,18.0,34.0,16.5,35.0,10,12,10,12,SSE,W,SW,NW,72.7,91,83,81,360,22448,"High: 20,001-30,000"
4,Sankarapuram,delux ponni,clay,100,50.0,dry,80,4,160,8,108.52,41.52,60,2400,18.1,21.9,185.6,272.4,166.1,250.9,60.2,64.8,20.5,32,17.5,28,18.0,34.0,16.5,35.0,10,12,10,12,SSE,W,SW,NW,72.7,91,83,81,320,22668,"High: 20,001-30,000"
4,Sankarapuram,delux ponni,alluvial,100,50.0,dry,80,4,160,8,108.52,41.52,60,2400,18.1,21.9,185.6,272.4,166.1,250.9,60.2,64.8,20.5,32,17.5,28,18.0,34.0,16.5,35.0,10,12,10,12,SSE,W,SW,NW,72.7,91,83,81,320,23420,"High: 20,001-30,000"
4,Sankarapuram,ponmani,alluvial,100,50.0,dry,80,4,160,8,108.52,41.52,60,2400,18.1,21.9,185.6,272.4,166.1,250.9,60.2,64.8,20.5,32,17.5,28,18.0,34.0,16.5,35.0,10,12,10,12,SSE,W,SW,NW,72.7,91,83,81,400,22080,"High: 20,001-30,000"
4,Sankarapuram,delux ponni,alluvial,100,50.0,dry,80,4,160,8,108.52,41.52,60,2400,18.1,21.9,185.6,272.4,166.1,250.9,60.2,64.8,20.5,32,17.5,28,18.0,34.0,16.5,35.0,10,12,10,12,SSE,W,SW,NW,72.7,91,83,81,320,22892,"High: 20,001-30,000"
4,Sankarapuram,CO_43,clay,100,50.0,dry,80,4,160,8,108.52,41.52,60,2400,18.1,21.9,185.6,272.4,166.1,250.9,60.2,64.8,20.5,32,17.5,28,18.0,34.0,16.5,35.0,10,12,10,12,SSE,W,SW,NW,72.7,91,83,81,360,22476,"High: 20,001-30,000"
4,Cuddalore,ponmani,alluvial,100,50.0,wet,80,4,160,8,108.52,41.52,60,2400,19.6,20.4,187.2,270.8,167.0,250.0,61.0,64.0,18.5,34,16.0,30,15.5,31.0,16.0,33.0,4,10,8,10,SW,W,NNW,WSW,72.0,78,88,85,400,23492,"High: 20,001-30,000"
4,Kurinjipadi,delux ponni,clay,100,50.0,wet,80,4,160,8,108.52,41.52,60,2400,19.6,20.4,187.2,270.8,167.0,250.0,61.0,64.0,19.5,34,18.5,35,17.0,32.5,16.0,30.5,10,4,10,6,NW,S,SE,SSE,64.6,85,84,87,320,23876,"High: 20,001-30,000"
4,Panruti,CO_43,alluvial,100,50.0,wet,80,4,160,8,108.52,41.52,60,2400,18.5,21.5,185.2,272.8,165.3,251.7,60.0,65.0,20.0,35,18.0,30,17.5,33.5,18.0,33.0,4,12,4,12,ENE,NE,NNE,W,85.0,96,84,79,360,22892,"High: 20,001-30,000"
4,Kallakurichi,delux ponni,clay,100,50.0,wet,80,4,160,8,108.52,41.52,60,2400,18.5,21.5,185.2,272.8,165.3,251.7,60.0,65.0,19.0,33,17.0,32,16.5,31.5,15.5,32.5,8,6,8,6,W,WNW,SE,S,88.5,95,81,84,320,23664,"High: 20,001-30,000"
4,Sankarapuram,ponmani,alluvial,100,50.0,wet,80,4,160,8,108.52,41.52,60,2400,18.1,21.9,185.6,272.4,166.1,250.9,60.2,64.8,20.5,32,17.5,28,18.0,34.0,16.5,35.0,10,12,10,12,SSE,W,SW,NW,72.7,91,83,81,400,23680,"High: 20,001-30,000"
4,Chinnasalem,CO_43,clay,100,50.0,wet,80,4,160,8,108.52,41.52,60,2400,18.1,21.9,185.6,272.4,166.1,250.9,60.2,64.8,18.0,31,15.5,34,15.0,33.0,15.0,31.5,6,6,8,10,E,ENE,NE,NNW,78.6,80,92,88,360,22180,"High: 20,001-30,000"
4,Cuddalore,ponmani,clay,100,50.0,wet,80,4,160,8,108.52,41.52,60,2400,19.6,20.4,187.2,270.8,167.0,250.0,61.0,64.0,18.5,34,16.0,30,15.5,31.0,16.0,33.0,4,10,8,10,SW,W,NNW,WSW,72.0,78,88,85,400,22892,"High: 20,001-30,000"
4,Kurinjipadi,delux ponni,alluvial,100,50.0,wet,80,4,160,8,108.52,41.52,60,2400,19.6,20.4,187.2,270.8,167.0,250.0,61.0,64.0,19.5,34,18.5,35,17.0,32.5,16.0,30.5,10,4,10,6,NW,S,SE,SSE,64.6,85,84,87,320,23876,"High: 20,001-30,000"
4,Panruti,CO_43,clay,100,50.0,wet,80,4,160,8,108.52,41.52,60,2400,18.5,21.5,185.2,272.8,165.3,251.7,60.0,65.0,20.0,35,18.0,30,17.5,33.5,18.0,33.0,4,12,4,12,ENE,NE,NNE,W,85.0,96,84,79,360,22936,"High: 20,001-30,000"
4,Kallakurichi,ponmani,clay,100,50.0,wet,80,4,160,8,108.52,41.52,60,2400,18.5,21.5,185.2,272.8,165.3,251.7,60.0,65.0,19.0,33,17.0,32,16.5,31.5,15.5,32.5,8,6,8,6,W,WNW,SE,S,88.5,95,81,84,400,22080,"High: 20,001-30,000"
4,Sankarapuram,delux ponni,alluvial,100,50.0,wet,80,4,160,8,108.52,41.52,60,2400,18.1,21.9,185.6,272.4,166.1,250.9,60.2,64.8,20.5,32,17.5,28,18.0,34.0,16.5,35.0,10,12,10,12,SSE,W,SW,NW,72.7,91,83,81,320,23708,"High: 20,001-30,000"
4,Chinnasalem,CO_43,clay,100,50.0,wet,80,4,160,8,108.52,41.52,60,2400,18.1,21.9,185.6,272.4,166.1,250.9,60.2,64.8,18.0,31,15.5,34,15.0,33.0,15.0,31.5,6,6,8,10,E,ENE,NE,NNW,78.6,80,92,88,360,22076,"High: 20,001-30,000"
4,Cuddalore,delux ponni,clay,100,50.0,wet,80,4,160,8,108.52,41.52,60,2400,19.6,20.4,187.2,270.8,167.0,250.0,61.0,64.0,18.5,34,16.0,30,15.5,31.0,16.0,33.0,4,10,8,10,SW,W,NNW,WSW,72.0,78,88,85,320,23076,"High: 20,001-30,000"
4,Kurinjipadi,ponmani,clay,100,50.0,wet,80,4,160,8,108.52,41.52,60,2400,19.6,20.4,187.2,270.8,167.0,250.0,61.0,64.0,19.5,34,18.5,35,17.0,32.5,16.0,30.5,10,4,10,6,NW,S,SE,SSE,64.6,85,84,87,400,22380,"High: 20,001-30,000"
4,Panruti,CO_43,clay,100,50.0,dry,80,4,160,8,108.52,41.52,60,2400,18.5,21.5,185.2,272.8,165.3,251.7,60.0,65.0,20.0,35,18.0,30,17.5,33.5,18.0,33.0,4,12,4,12,ENE,NE,NNE,W,85.0,96,84,79,360,22320,"High: 20,001-30,000"
4,Kallakurichi,ponmani,alluvial,100,50.0,dry,80,4,160,8,108.52,41.52,60,2400,18.5,21.5,185.2,272.8,165.3,251.7,60.0,65.0,19.0,33,17.0,32,16.5,31.5,15.5,32.5,8,6,8,6,W,WNW,SE,S,88.5,95,81,84,400,22696,"High: 20,001-30,000"
4,Sankarapuram,delux ponni,clay,100,50.0,dry,80,4,160,8,108.52,41.52,60,2400,18.1,21.9,185.6,272.4,166.1,250.9,60.2,64.8,20.5,32,17.5,28,18.0,34.0,16.5,35.0,10,12,10,12,SSE,W,SW,NW,72.7,91,83,81,320,23596,"High: 20,001-30,000"
4,Chinnasalem,CO_43,alluvial,100,50.0,dry,80,4,160,8,108.52,41.52,60,2400,18.1,21.9,185.6,272.4,166.1,250.9,60.2,64.8,18.0,31,15.5,34,15.0,33.0,15.0,31.5,6,6,8,10,E,ENE,NE,NNW,78.6,80,92,88,360,22492,"High: 20,001-30,000"
4,Cuddalore,ponmani,clay,100,50.0,dry,80,4,160,8,108.52,41.52,60,2400,19.6,20.4,187.2,270.8,167.0,250.0,61.0,64.0,18.5,34,16.0,30,15.5,31.0,16.0,33.0,4,10,8,10,SW,W,NNW,WSW,72.0,78,88,85,400,23016,"High: 20,001-30,000"
4,Kurinjipadi,delux ponni,clay,100,50.0,dry,80,4,160,8,108.52,41.52,60,2400,19.6,20.4,187.2,270.8,167.0,250.0,61.0,64.0,19.5,34,18.5,35,17.0,32.5,16.0,30.5,10,4,10,6,NW,S,SE,SSE,64.6,85,84,87,320,22080,"High: 20,001-30,000"
4,Panruti,CO_43,alluvial,100,50.0,dry,80,4,160,8,108.52,41.52,60,2400,18.5,21.5,185.2,272.8,165.3,251.7,60.0,65.0,20.0,35,18.0,30,17.5,33.5,18.0,33.0,4,12,4,12,ENE,NE,NNE,W,85.0,96,84,79,360,22892,"High: 20,001-30,000"
4,Kallakurichi,delux ponni,clay,100,50.0,dry,80,4,160,8,108.52,41.52,60,2400,18.5,21.5,185.2,272.8,165.3,251.7,60.0,65.0,19.0,33,17.0,32,16.5,31.5,15.5,32.5,8,6,8,6,W,WNW,SE,S,88.5,95,81,84,320,22080,"High: 20,001-30,000"
4,Sankarapuram,ponmani,alluvial,100,50.0,dry,80,4,160,8,108.52,41.52,60,2400,18.1,21.9,185.6,272.4,166.1,250.9,60.2,64.8,20.5,32,17.5,28,18.0,34.0,16.5,35.0,10,12,10,12,SSE,W,SW,NW,72.7,91,83,81,400,23076,"High: 20,001-30,000"
4,Chinnasalem,ponmani,alluvial,100,50.0,dry,80,4,160,8,108.52,41.52,60,2400,18.1,21.9,185.6,272.4,166.1,250.9,60.2,64.8,18.0,31,15.5,34,15.0,33.0,15.0,31.5,6,6,8,10,E,ENE,NE,NNW,78.6,80,92,88,400,22696,"High: 20,001-30,000"
4,Panruti,CO_43,alluvial,100,50.0,dry,80,4,160,8,108.52,41.52,60,2400,18.5,21.5,185.2,272.8,165.3,251.7,60.0,65.0,20.0,35,18.0,30,17.5,33.5,18.0,33.0,4,12,4,12,ENE,NE,NNE,W,85.0,96,84,79,360,23344,"High: 20,001-30,000"
4,Kallakurichi,ponmani,alluvial,100,50.0,dry,80,4,160,8,108.52,41.52,60,2400,18.5,21.5,185.2,272.8,165.3,251.7,60.0,65.0,19.0,33,17.0,32,16.5,31.5,15.5,32.5,8,6,8,6,W,WNW,SE,S,88.5,95,81,84,400,22892,"High: 20,001-30,000"
4,Chinnasalem,ponmani,clay,100,50.0,dry,80,4,160,8,108.52,41.52,60,2400,18.1,21.9,185.6,272.4,166.1,250.9,60.2,64.8,18.0,31,15.5,34,15.0,33.0,15.0,31.5,6,6,8,10,E,ENE,NE,NNW,78.6,80,92,88,400,23492,"High: 20,001-30,000"
4,Cuddalore,delux ponni,alluvial,100,50.0,dry,80,4,160,8,108.52,41.52,60,2400,19.6,20.4,187.2,270.8,167.0,250.0,61.0,64.0,18.5,34,16.0,30,15.5,31.0,16.0,33.0,4,10,8,10,SW,W,NNW,WSW,72.0,78,88,85,320,22892,"High: 20,001-30,000"
4,Kurinjipadi,delux ponni,clay,100,50.0,dry,80,4,160,8,108.52,41.52,60,2400,19.6,20.4,187.2,270.8,167.0,250.0,61.0,64.0,19.5,34,18.5,35,17.0,32.5,16.0,30.5,10,4,10,6,NW,S,SE,SSE,64.6,85,84,87,320,23632,"High: 20,001-30,000"
4,Panruti,delux ponni,clay,100,50.0,dry,80,4,160,8,108.52,41.52,60,2400,18.5,21.5,185.2,272.8,165.3,251.7,60.0,65.0,20.0,35,18.0,30,17.5,33.5,18.0,33.0,4,12,4,12,ENE,NE,NNE,W,85.0,96,84,79,320,23344,"High: 20,001-30,000"
4,Kallakurichi,ponmani,alluvial,100,50.0,dry,80,4,160,8,108.52,41.52,60,2400,18.5,21.5,185.2,272.8,165.3,251.7,60.0,65.0,19.0,33,17.0,32,16.5,31.5,15.5,32.5,8,6,8,6,W,WNW,SE,S,88.5,95,81,84,400,22108,"High: 20,001-30,000"
4,Sankarapuram,delux ponni,clay,100,50.0,dry,80,4,160,8,108.52,41.52,60,2400,18.1,21.9,185.6,272.4,166.1,250.9,60.2,64.8,20.5,32,17.5,28,18.0,34.0,16.5,35.0,10,12,10,12,SSE,W,SW,NW,72.7,91,83,81,320,21640,"High: 20,001-30,000"
4,Cuddalore,delux ponni,clay,100,50.0,dry,80,4,160,8,108.52,41.52,60,2400,19.6,20.4,187.2,270.8,167.0,250.0,61.0,64.0,18.5,34,16.0,30,15.5,31.0,16.0,33.0,4,10,8,10,SW,W,NNW,WSW,72.0,78,88,85,320,21852,"High: 20,001-30,000"
4,Kurinjipadi,delux ponni,alluvial,100,50.0,dry,80,4,160,8,108.52,41.52,60,2400,19.6,20.4,187.2,270.8,167.0,250.0,61.0,64.0,19.5,34,18.5,35,17.0,32.5,16.0,30.5,10,4,10,6,NW,S,SE,SSE,64.6,85,84,87,320,22512,"High: 20,001-30,000"
4,Panruti,CO_43,alluvial,100,50.0,dry,80,4,160,8,108.52,41.52,60,2400,18.5,21.5,185.2,272.8,165.3,251.7,60.0,65.0,20.0,35,18.0,30,17.5,33.5,18.0,33.0,4,12,4,12,ENE,NE,NNE,W,85.0,96,84,79,360,21968,"High: 20,001-30,000"
4,Kallakurichi,ponmani,alluvial,100,50.0,dry,80,4,160,8,108.52,41.52,60,2400,18.5,21.5,185.2,272.8,165.3,251.7,60.0,65.0,19.0,33,17.0,32,16.5,31.5,15.5,32.5,8,6,8,6,W,WNW,SE,S,88.5,95,81,84,400,23664,"High: 20,001-30,000"
4,Sankarapuram,delux ponni,clay,100,50.0,dry,80,4,160,8,108.52,41.52,60,2400,18.1,21.9,185.6,272.4,166.1,250.9,60.2,64.8,20.5,32,17.5,28,18.0,34.0,16.5,35.0,10,12,10,12,SSE,W,SW,NW,72.7,91,83,81,320,23452,"High: 20,001-30,000"
4,Chinnasalem,CO_43,alluvial,100,50.0,dry,80,4,160,8,108.52,41.52,60,2400,18.1,21.9,185.6,272.4,166.1,250.9,60.2,64.8,18.0,31,15.5,34,15.0,33.0,15.0,31.5,6,6,8,10,E,ENE,NE,NNW,78.6,80,92,88,360,21812,"High: 20,001-30,000"
4,Cuddalore,ponmani,clay,100,50.0,dry,80,4,160,8,108.52,41.52,60,2400,19.6,20.4,187.2,270.8,167.0,250.0,61.0,64.0,18.5,34,16.0,30,15.5,31.0,16.0,33.0,4,10,8,10,SW,W,NNW,WSW,72.0,78,88,85,400,23532,"High: 20,001-30,000"
4,Kurinjipadi,delux ponni,alluvial,100,50.0,dry,80,4,160,8,108.52,41.52,60,2400,19.6,20.4,187.2,270.8,167.0,250.0,61.0,64.0,19.5,34,18.5,35,17.0,32.5,16.0,30.5,10,4,10,6,NW,S,SE,SSE,64.6,85,84,87,320,23344,"High: 20,001-30,000"
4,Kallakurichi,delux ponni,clay,100,50.0,dry,80,4,160,8,108.52,41.52,60,2400,18.5,21.5,185.2,272.8,165.3,251.7,60.0,65.0,19.0,33,17.0,32,16.5,31.5,15.5,32.5,8,6,8,6,W,WNW,SE,S,88.5,95,81,84,320,23568,"High: 20,001-30,000"
4,Sankarapuram,ponmani,clay,100,50.0,dry,80,4,160,8,108.52,41.52,60,2400,18.1,21.9,185.6,272.4,166.1,250.9,60.2,64.8,20.5,32,17.5,28,18.0,34.0,16.5,35.0,10,12,10,12,SSE,W,SW,NW,72.7,91,83,81,400,22564,"High: 20,001-30,000"
4,Chinnasalem,CO_43,alluvial,100,50.0,dry,80,4,160,8,108.52,41.52,60,2400,18.1,21.9,185.6,272.4,166.1,250.9,60.2,64.8,18.0,31,15.5,34,15.0,33.0,15.0,31.5,6,6,8,10,E,ENE,NE,NNW,78.6,80,92,88,360,23024,"High: 20,001-30,000"
4,Cuddalore,ponmani,clay,100,50.0,dry,80,4,160,8,108.52,41.52,60,2400,19.6,20.4,187.2,270.8,167.0,250.0,61.0,64.0,18.5,34,16.0,30,15.5,31.0,16.0,33.0,4,10,8,10,SW,W,NNW,WSW,72.0,78,88,85,400,22320,"High: 20,001-30,000"
4,Kurinjipadi,delux ponni,alluvial,100,50.0,dry,80,4,160,8,108.52,41.52,60,2400,19.6,20.4,187.2,270.8,167.0,250.0,61.0,64.0,19.5,34,18.5,35,17.0,32.5,16.0,30.5,10,4,10,6,NW,S,SE,SSE,64.6,85,84,87,320,22100,"High: 20,001-30,000"
3,Panruti,CO_43,clay,75,37.5,dry,60,3,120,6,81.39,31.14,45,1800,18.5,21.5,185.2,272.8,165.3,251.7,60.0,65.0,20.0,35,18.0,30,17.5,33.5,18.0,33.0,4,12,4,12,ENE,NE,NNE,W,85.0,96,84,79,270,16827,"Moderate: 10,001-20,000"
3,Kallakurichi,ponmani,clay,75,37.5,dry,60,3,120,6,81.39,31.14,45,1800,18.5,21.5,185.2,272.8,165.3,251.7,60.0,65.0,19.0,33,17.0,32,16.5,31.5,15.5,32.5,8,6,8,6,W,WNW,SE,S,88.5,95,81,84,300,17571,"Moderate: 10,001-20,000"
3,Sankarapuram,delux ponni,alluvial,75,37.5,dry,60,3,120,6,81.39,31.14,45,1800,18.1,21.9,185.6,272.4,166.1,250.9,60.2,64.8,20.5,32,17.5,28,18.0,34.0,16.5,35.0,10,12,10,12,SSE,W,SW,NW,72.7,91,83,81,240,17208,"Moderate: 10,001-20,000"
3,Chinnasalem,CO_43,clay,75,37.5,dry,60,3,120,6,81.39,31.14,45,1800,18.1,21.9,185.6,272.4,166.1,250.9,60.2,64.8,18.0,31,15.5,34,15.0,33.0,15.0,31.5,6,6,8,10,E,ENE,NE,NNW,78.6,80,92,88,270,16935,"Moderate: 10,001-20,000"
3,Cuddalore,delux ponni,alluvial,75,37.5,dry,60,3,120,6,81.39,31.14,45,1800,19.6,20.4,187.2,270.8,167.0,250.0,61.0,64.0,18.5,34,16.0,30,15.5,31.0,16.0,33.0,4,10,8,10,SW,W,NNW,WSW,72.0,78,88,85,240,17751,"Moderate: 10,001-20,000"
3,Kurinjipadi,ponmani,clay,75,37.5,dry,60,3,120,6,81.39,31.14,45,1800,19.6,20.4,187.2,270.8,167.0,250.0,61.0,64.0,19.5,34,18.5,35,17.0,32.5,16.0,30.5,10,4,10,6,NW,S,SE,SSE,64.6,85,84,87,300,17001,"Moderate: 10,001-20,000"
3,Panruti,CO_43,alluvial,75,37.5,dry,60,3,120,6,81.39,31.14,45,1800,18.5,21.5,185.2,272.8,165.3,251.7,60.0,65.0,20.0,35,18.0,30,17.5,33.5,18.0,33.0,4,12,4,12,ENE,NE,NNE,W,85.0,96,84,79,270,16611,"Moderate: 10,001-20,000"
3,Kallakurichi,ponmani,alluvial,75,37.5,dry,60,3,120,6,81.39,31.14,45,1800,18.5,21.5,185.2,272.8,165.3,251.7,60.0,65.0,19.0,33,17.0,32,16.5,31.5,15.5,32.5,8,6,8,6,W,WNW,SE,S,88.5,95,81,84,300,17949,"Moderate: 10,001-20,000"
3,Sankarapuram,delux ponni,clay,75,37.5,dry,60,3,120,6,81.39,31.14,45,1800,18.1,21.9,185.6,272.4,166.1,250.9,60.2,64.8,20.5,32,17.5,28,18.0,34.0,16.5,35.0,10,12,10,12,SSE,W,SW,NW,72.7,91,83,81,240,16581,"Moderate: 10,001-20,000"
3,Chinnasalem,CO_43,alluvial,75,37.5,dry,60,3,120,6,81.39,31.14,45,1800,18.1,21.9,185.6,272.4,166.1,250.9,60.2,64.8,18.0,31,15.5,34,15.0,33.0,15.0,31.5,6,6,8,10,E,ENE,NE,NNW,78.6,80,92,88,270,16230,"Moderate: 10,001-20,000"
3,Cuddalore,ponmani,clay,75,37.5,wet,60,3,120,6,81.39,31.14,45,1800,19.6,20.4,187.2,270.8,167.0,250.0,61.0,64.0,18.5,34,16.0,30,15.5,31.0,16.0,33.0,4,10,8,10,SW,W,NNW,WSW,72.0,78,88,85,300,17169,"Moderate: 10,001-20,000"
3,Kurinjipadi,delux ponni,alluvial,75,37.5,wet,60,3,120,6,81.39,31.14,45,1800,19.6,20.4,187.2,270.8,167.0,250.0,61.0,64.0,19.5,34,18.5,35,17.0,32.5,16.0,30.5,10,4,10,6,NW,S,SE,SSE,64.6,85,84,87,240,16389,"Moderate: 10,001-20,000"
3,Panruti,CO_43,clay,75,37.5,wet,60,3,120,6,81.39,31.14,45,1800,18.5,21.5,185.2,272.8,165.3,251.7,60.0,65.0,20.0,35,18.0,30,17.5,33.5,18.0,33.0,4,12,4,12,ENE,NE,NNE,W,85.0,96,84,79,270,16884,"Moderate: 10,001-20,000"
3,Kallakurichi,delux ponni,alluvial,75,37.5,wet,60,3,120,6,81.39,31.14,45,1800,18.5,21.5,185.2,272.8,165.3,251.7,60.0,65.0,19.0,33,17.0,32,16.5,31.5,15.5,32.5,8,6,8,6,W,WNW,SE,S,88.5,95,81,84,240,17748,"Moderate: 10,001-20,000"
3,Sankarapuram,ponmani,clay,75,37.5,wet,60,3,120,6,81.39,31.14,45,1800,18.1,21.9,185.6,272.4,166.1,250.9,60.2,64.8,20.5,32,17.5,28,18.0,34.0,16.5,35.0,10,12,10,12,SSE,W,SW,NW,72.7,91,83,81,300,16359,"Moderate: 10,001-20,000"
3,Chinnasalem,ponmani,clay,75,37.5,wet,60,3,120,6,81.39,31.14,45,1800,18.1,21.9,185.6,272.4,166.1,250.9,60.2,64.8,18.0,31,15.5,34,15.0,33.0,15.0,31.5,6,6,8,10,E,ENE,NE,NNW,78.6,80,92,88,300,16836,"Moderate: 10,001-20,000"
3,Cuddalore,ponmani,clay,75,37.5,wet,60,3,120,6,81.39,31.14,45,1800,19.6,20.4,187.2,270.8,167.0,250.0,61.0,64.0,18.5,34,16.0,30,15.5,31.0,16.0,33.0,4,10,8,10,SW,W,NNW,WSW,72.0,78,88,85,300,17619,"Moderate: 10,001-20,000"
3,Kurinjipadi,ponmani,clay,75,37.5,wet,60,3,120,6,81.39,31.14,45,1800,19.6,20.4,187.2,270.8,167.0,250.0,61.0,64.0,19.5,34,18.5,35,17.0,32.5,16.0,30.5,10,4,10,6,NW,S,SE,SSE,64.6,85,84,87,300,17649,"Moderate: 10,001-20,000"
3,Panruti,CO_43,alluvial,75,37.5,wet,60,3,120,6,81.39,31.14,45,1800,18.5,21.5,185.2,272.8,165.3,251.7,60.0,65.0,20.0,35,18.0,30,17.5,33.5,18.0,33.0,4,12,4,12,ENE,NE,NNE,W,85.0,96,84,79,270,17508,"Moderate: 10,001-20,000"
3,Kallakurichi,ponmani,clay,75,37.5,wet,60,3,120,6,81.39,31.14,45,1800,18.5,21.5,185.2,272.8,165.3,251.7,60.0,65.0,19.0,33,17.0,32,16.5,31.5,15.5,32.5,8,6,8,6,W,WNW,SE,S,88.5,95,81,84,300,16923,"Moderate: 10,001-20,000"
3,Sankarapuram,ponmani,clay,75,37.5,wet,60,3,120,6,81.39,31.14,45,1800,18.1,21.9,185.6,272.4,166.1,250.9,60.2,64.8,20.5,32,17.5,28,18.0,34.0,16.5,35.0,10,12,10,12,SSE,W,SW,NW,72.7,91,83,81,300,16575,"Moderate: 10,001-20,000"
3,Chinnasalem,ponmani,alluvial,75,37.5,wet,60,3,120,6,81.39,31.14,45,1800,18.1,21.9,185.6,272.4,166.1,250.9,60.2,64.8,18.0,31,15.5,34,15.0,33.0,15.0,31.5,6,6,8,10,E,ENE,NE,NNW,78.6,80,92,88,300,17208,"Moderate: 10,001-20,000"
3,Cuddalore,delux ponni,clay,75,37.5,dry,60,3,120,6,81.39,31.14,45,1800,19.6,20.4,187.2,270.8,167.0,250.0,61.0,64.0,18.5,34,16.0,30,15.5,31.0,16.0,33.0,4,10,8,10,SW,W,NNW,WSW,72.0,78,88,85,240,17001,"Moderate: 10,001-20,000"
3,Kurinjipadi,delux ponni,clay,75,37.5,dry,60,3,120,6,81.39,31.14,45,1800,19.6,20.4,187.2,270.8,167.0,250.0,61.0,64.0,19.5,34,18.5,35,17.0,32.5,16.0,30.5,10,4,10,6,NW,S,SE,SSE,64.6,85,84,87,240,17169,"Moderate: 10,001-20,000"
3,Panruti,delux ponni,alluvial,75,37.5,dry,60,3,120,6,81.39,31.14,45,1800,18.5,21.5,185.2,272.8,165.3,251.7,60.0,65.0,20.0,35,18.0,30,17.5,33.5,18.0,33.0,4,12,4,12,ENE,NE,NNE,W,85.0,96,84,79,240,17619,"Moderate: 10,001-20,000"
3,Kallakurichi,ponmani,clay,75,37.5,dry,60,3,120,6,81.39,31.14,45,1800,18.5,21.5,185.2,272.8,165.3,251.7,60.0,65.0,19.0,33,17.0,32,16.5,31.5,15.5,32.5,8,6,8,6,W,WNW,SE,S,88.5,95,81,84,300,17748,"Moderate: 10,001-20,000"
3,Sankarapuram,delux ponni,clay,75,37.5,dry,60,3,120,6,81.39,31.14,45,1800,18.1,21.9,185.6,272.4,166.1,250.9,60.2,64.8,20.5,32,17.5,28,18.0,34.0,16.5,35.0,10,12,10,12,SSE,W,SW,NW,72.7,91,83,81,240,17619,"Moderate: 10,001-20,000"
3,Chinnasalem,CO_43,clay,75,37.5,dry,60,3,120,6,81.39,31.14,45,1800,18.1,21.9,185.6,272.4,166.1,250.9,60.2,64.8,18.0,31,15.5,34,15.0,33.0,15.0,31.5,6,6,8,10,E,ENE,NE,NNW,78.6,80,92,88,270,17508,"Moderate: 10,001-20,000"
3,Cuddalore,delux ponni,alluvial,75,37.5,dry,60,3,120,6,81.39,31.14,45,1800,19.6,20.4,187.2,270.8,167.0,250.0,61.0,64.0,18.5,34,16.0,30,15.5,31.0,16.0,33.0,4,10,8,10,SW,W,NNW,WSW,72.0,78,88,85,240,17169,"Moderate: 10,001-20,000"
3,Kurinjipadi,delux ponni,clay,75,37.5,dry,60,3,120,6,81.39,31.14,45,1800,19.6,20.4,187.2,270.8,167.0,250.0,61.0,64.0,19.5,34,18.5,35,17.0,32.5,16.0,30.5,10,4,10,6,NW,S,SE,SSE,64.6,85,84,87,240,17565,"Moderate: 10,001-20,000"
3,Panruti,CO_43,clay,75,37.5,dry,60,3,120,6,81.39,31.14,45,1800,18.5,21.5,185.2,272.8,165.3,251.7,60.0,65.0,20.0,35,18.0,30,17.5,33.5,18.0,33.0,4,12,4,12,ENE,NE,NNE,W,85.0,96,84,79,270,17619,"Moderate: 10,001-20,000"
3,Kallakurichi,ponmani,alluvial,75,37.5,dry,60,3,120,6,81.39,31.14,45,1800,18.5,21.5,185.2,272.8,165.3,251.7,60.0,65.0,19.0,33,17.0,32,16.5,31.5,15.5,32.5,8,6,8,6,W,WNW,SE,S,88.5,95,81,84,300,17724,"Moderate: 10,001-20,000"
3,Sankarapuram,delux ponni,alluvial,75,37.5,dry,60,3,120,6,81.39,31.14,45,1800,18.1,21.9,185.6,272.4,166.1,250.9,60.2,64.8,20.5,32,17.5,28,18.0,34.0,16.5,35.0,10,12,10,12,SSE,W,SW,NW,72.7,91,83,81,240,17508,"Moderate: 10,001-20,000"
3,Chinnasalem,CO_43,alluvial,75,37.5,wet,60,3,120,6,81.39,31.14,45,1800,18.1,21.9,185.6,272.4,166.1,250.9,60.2,64.8,18.0,31,15.5,34,15.0,33.0,15.0,31.5,6,6,8,10,E,ENE,NE,NNW,78.6,80,92,88,270,16581,"Moderate: 10,001-20,000"
3,Cuddalore,ponmani,alluvial,75,37.5,wet,60,3,120,6,81.39,31.14,45,1800,19.6,20.4,187.2,270.8,167.0,250.0,61.0,64.0,18.5,34,16.0,30,15.5,31.0,16.0,33.0,4,10,8,10,SW,W,NNW,WSW,72.0,78,88,85,300,16230,"Moderate: 10,001-20,000"
3,Kurinjipadi,delux ponni,alluvial,75,37.5,wet,60,3,120,6,81.39,31.14,45,1800,19.6,20.4,187.2,270.8,167.0,250.0,61.0,64.0,19.5,34,18.5,35,17.0,32.5,16.0,30.5,10,4,10,6,NW,S,SE,SSE,64.6,85,84,87,240,16965,"Moderate: 10,001-20,000"
3,Panruti,CO_43,alluvial,75,37.5,wet,60,3,120,6,81.39,31.14,45,1800,18.5,21.5,185.2,272.8,165.3,251.7,60.0,65.0,20.0,35,18.0,30,17.5,33.5,18.0,33.0,4,12,4,12,ENE,NE,NNE,W,85.0,96,84,79,270,17316,"Moderate: 10,001-20,000"
3,Kallakurichi,delux ponni,alluvial,75,37.5,wet,60,3,120,6,81.39,31.14,45,1800,18.5,21.5,185.2,272.8,165.3,251.7,60.0,65.0,19.0,33,17.0,32,16.5,31.5,15.5,32.5,8,6,8,6,W,WNW,SE,S,88.5,95,81,84,240,16902,"Moderate: 10,001-20,000"
3,Sankarapuram,ponmani,clay,75,37.5,wet,60,3,120,6,81.39,31.14,45,1800,18.1,21.9,185.6,272.4,166.1,250.9,60.2,64.8,20.5,32,17.5,28,18.0,34.0,16.5,35.0,10,12,10,12,SSE,W,SW,NW,72.7,91,83,81,300,17136,"Moderate: 10,001-20,000"
3,Chinnasalem,CO_43,clay,75,37.5,wet,60,3,120,6,81.39,31.14,45,1800,18.1,21.9,185.6,272.4,166.1,250.9,60.2,64.8,18.0,31,15.5,34,15.0,33.0,15.0,31.5,6,6,8,10,E,ENE,NE,NNW,78.6,80,92,88,270,17280,"Moderate: 10,001-20,000"
3,Cuddalore,ponmani,clay,75,37.5,wet,60,3,120,6,81.39,31.14,45,1800,19.6,20.4,187.2,270.8,167.0,250.0,61.0,64.0,18.5,34,16.0,30,15.5,31.0,16.0,33.0,4,10,8,10,SW,W,NNW,WSW,72.0,78,88,85,300,17553,"Moderate: 10,001-20,000"
3,Kurinjipadi,delux ponni,clay,75,37.5,wet,60,3,120,6,81.39,31.14,45,1800,19.6,20.4,187.2,270.8,167.0,250.0,61.0,64.0,19.5,34,18.5,35,17.0,32.5,16.0,30.5,10,4,10,6,NW,S,SE,SSE,64.6,85,84,87,240,17793,"Moderate: 10,001-20,000"
3,Panruti,CO_43,clay,75,37.5,wet,60,3,120,6,81.39,31.14,45,1800,18.5,21.5,185.2,272.8,165.3,251.7,60.0,65.0,20.0,35,18.0,30,17.5,33.5,18.0,33.0,4,12,4,12,ENE,NE,NNE,W,85.0,96,84,79,270,17898,"Moderate: 10,001-20,000"
3,Kallakurichi,ponmani,clay,75,37.5,wet,60,3,120,6,81.39,31.14,45,1800,18.5,21.5,185.2,272.8,165.3,251.7,60.0,65.0,19.0,33,17.0,32,16.5,31.5,15.5,32.5,8,6,8,6,W,WNW,SE,S,88.5,95,81,84,300,17178,"Moderate: 10,001-20,000"
3,Sankarapuram,delux ponni,clay,75,37.5,wet,60,3,120,6,81.39,31.14,45,1800,18.1,21.9,185.6,272.4,166.1,250.9,60.2,64.8,20.5,32,17.5,28,18.0,34.0,16.5,35.0,10,12,10,12,SSE,W,SW,NW,72.7,91,83,81,240,16920,"Moderate: 10,001-20,000"
3,Chinnasalem,CO_43,clay,75,37.5,dry,60,3,120,6,81.39,31.14,45,1800,18.1,21.9,185.6,272.4,166.1,250.9,60.2,64.8,18.0,31,15.5,34,15.0,33.0,15.0,31.5,6,6,8,10,E,ENE,NE,NNW,78.6,80,92,88,270,17418,"Moderate: 10,001-20,000"
3,Cuddalore,delux ponni,alluvial,75,37.5,dry,60,3,120,6,81.39,31.14,45,1800,19.6,20.4,187.2,270.8,167.0,250.0,61.0,64.0,18.5,34,16.0,30,15.5,31.0,16.0,33.0,4,10,8,10,SW,W,NNW,WSW,72.0,78,88,85,240,17301,"Moderate: 10,001-20,000"
3,Kurinjipadi,ponmani,alluvial,75,37.5,dry,60,3,120,6,81.39,31.14,45,1800,19.6,20.4,187.2,270.8,167.0,250.0,61.0,64.0,19.5,34,18.5,35,17.0,32.5,16.0,30.5,10,4,10,6,NW,S,SE,SSE,64.6,85,84,87,300,17046,"Moderate: 10,001-20,000"
3,Panruti,CO_43,alluvial,75,37.5,dry,60,3,120,6,81.39,31.14,45,1800,18.5,21.5,185.2,272.8,165.3,251.7,60.0,65.0,20.0,35,18.0,30,17.5,33.5,18.0,33.0,4,12,4,12,ENE,NE,NNE,W,85.0,96,84,79,270,17403,"Moderate: 10,001-20,000"
3,Kallakurichi,ponmani,alluvial,75,37.5,dry,60,3,120,6,81.39,31.14,45,1800,18.5,21.5,185.2,272.8,165.3,251.7,60.0,65.0,19.0,33,17.0,32,16.5,31.5,15.5,32.5,8,6,8,6,W,WNW,SE,S,88.5,95,81,84,300,17019,"Moderate: 10,001-20,000"
3,Sankarapuram,delux ponni,clay,75,37.5,dry,60,3,120,6,81.39,31.14,45,1800,18.1,21.9,185.6,272.4,166.1,250.9,60.2,64.8,20.5,32,17.5,28,18.0,34.0,16.5,35.0,10,12,10,12,SSE,W,SW,NW,72.7,91,83,81,240,17181,"Moderate: 10,001-20,000"
3,Chinnasalem,CO_43,alluvial,75,37.5,dry,60,3,120,6,81.39,31.14,45,1800,18.1,21.9,185.6,272.4,166.1,250.9,60.2,64.8,18.0,31,15.5,34,15.0,33.0,15.0,31.5,6,6,8,10,E,ENE,NE,NNW,78.6,80,92,88,270,17469,"Moderate: 10,001-20,000"
3,Cuddalore,ponmani,alluvial,75,37.5,dry,60,3,120,6,81.39,31.14,45,1800,19.6,20.4,187.2,270.8,167.0,250.0,61.0,64.0,18.5,34,16.0,30,15.5,31.0,16.0,33.0,4,10,8,10,SW,W,NNW,WSW,72.0,78,88,85,300,17826,"Moderate: 10,001-20,000"
3,Kurinjipadi,delux ponni,alluvial,75,37.5,dry,60,3,120,6,81.39,31.14,45,1800,19.6,20.4,187.2,270.8,167.0,250.0,61.0,64.0,19.5,34,18.5,35,17.0,32.5,16.0,30.5,10,4,10,6,NW,S,SE,SSE,64.6,85,84,87,240,17361,"Moderate: 10,001-20,000"
3,Panruti,CO_43,clay,75,37.5,dry,60,3,120,6,81.39,31.14,45,1800,18.5,21.5,185.2,272.8,165.3,251.7,60.0,65.0,20.0,35,18.0,30,17.5,33.5,18.0,33.0,4,12,4,12,ENE,NE,NNE,W,85.0,96,84,79,270,17721,"Moderate: 10,001-20,000"
3,Kallakurichi,delux ponni,clay,75,37.5,dry,60,3,120,6,81.39,31.14,45,1800,18.5,21.5,185.2,272.8,165.3,251.7,60.0,65.0,19.0,33,17.0,32,16.5,31.5,15.5,32.5,8,6,8,6,W,WNW,SE,S,88.5,95,81,84,240,17271,"Moderate: 10,001-20,000"
3,Sankarapuram,ponmani,clay,75,37.5,dry,60,3,120,6,81.39,31.14,45,1800,18.1,21.9,185.6,272.4,166.1,250.9,60.2,64.8,20.5,32,17.5,28,18.0,34.0,16.5,35.0,10,12,10,12,SSE,W,SW,NW,72.7,91,83,81,300,17601,"Moderate: 10,001-20,000"
3,Chinnasalem,ponmani,clay,75,37.5,dry,60,3,120,6,81.39,31.14,45,1800,18.1,21.9,185.6,272.4,166.1,250.9,60.2,64.8,18.0,31,15.5,34,15.0,33.0,15.0,31.5,6,6,8,10,E,ENE,NE,NNW,78.6,80,92,88,300,17910,"Moderate: 10,001-20,000"
3,Cuddalore,ponmani,clay,75,37.5,dry,60,3,120,6,81.39,31.14,45,1800,19.6,20.4,187.2,270.8,167.0,250.0,61.0,64.0,18.5,34,16.0,30,15.5,31.0,16.0,33.0,4,10,8,10,SW,W,NNW,WSW,72.0,78,88,85,300,17991,"Moderate: 10,001-20,000"
3,Kurinjipadi,ponmani,clay,75,37.5,dry,60,3,120,6,81.39,31.14,45,1800,19.6,20.4,187.2,270.8,167.0,250.0,61.0,64.0,19.5,34,18.5,35,17.0,32.5,16.0,30.5,10,4,10,6,NW,S,SE,SSE,64.6,85,84,87,300,17166,"Moderate: 10,001-20,000"
3,Panruti,CO_43,clay,75,37.5,dry,60,3,120,6,81.39,31.14,45,1800,18.5,21.5,185.2,272.8,165.3,251.7,60.0,65.0,20.0,35,18.0,30,17.5,33.5,18.0,33.0,4,12,4,12,ENE,NE,NNE,W,85.0,96,84,79,270,16476,"Moderate: 10,001-20,000"
3,Kallakurichi,ponmani,alluvial,75,37.5,dry,60,3,120,6,81.39,31.14,45,1800,18.5,21.5,185.2,272.8,165.3,251.7,60.0,65.0,19.0,33,17.0,32,16.5,31.5,15.5,32.5,8,6,8,6,W,WNW,SE,S,88.5,95,81,84,300,17748,"Moderate: 10,001-20,000"
3,Sankarapuram,ponmani,clay,75,37.5,dry,60,3,120,6,81.39,31.14,45,1800,18.1,21.9,185.6,272.4,166.1,250.9,60.2,64.8,20.5,32,17.5,28,18.0,34.0,16.5,35.0,10,12,10,12,SSE,W,SW,NW,72.7,91,83,81,300,17589,"Moderate: 10,001-20,000"
3,Chinnasalem,ponmani,alluvial,75,37.5,dry,60,3,120,6,81.39,31.14,45,1800,18.1,21.9,185.6,272.4,166.1,250.9,60.2,64.8,18.0,31,15.5,34,15.0,33.0,15.0,31.5,6,6,8,10,E,ENE,NE,NNW,78.6,80,92,88,300,17565,"Moderate: 10,001-20,000"
3,Cuddalore,delux ponni,clay,75,37.5,dry,60,3,120,6,81.39,31.14,45,1800,19.6,20.4,187.2,270.8,167.0,250.0,61.0,64.0,18.5,34,16.0,30,15.5,31.0,16.0,33.0,4,10,8,10,SW,W,NNW,WSW,72.0,78,88,85,240,16359,"Moderate: 10,001-20,000"
3,Kurinjipadi,delux ponni,alluvial,75,37.5,dry,60,3,120,6,81.39,31.14,45,1800,19.6,20.4,187.2,270.8,167.0,250.0,61.0,64.0,19.5,34,18.5,35,17.0,32.5,16.0,30.5,10,4,10,6,NW,S,SE,SSE,64.6,85,84,87,240,16836,"Moderate: 10,001-20,000"
3,Kallakurichi,ponmani,clay,75,37.5,dry,60,3,120,6,81.39,31.14,45,1800,18.5,21.5,185.2,272.8,165.3,251.7,60.0,65.0,19.0,33,17.0,32,16.5,31.5,15.5,32.5,8,6,8,6,W,WNW,SE,S,88.5,95,81,84,300,17649,"Moderate: 10,001-20,000"
3,Sankarapuram,delux ponni,alluvial,75,37.5,dry,60,3,120,6,81.39,31.14,45,1800,18.1,21.9,185.6,272.4,166.1,250.9,60.2,64.8,20.5,32,17.5,28,18.0,34.0,16.5,35.0,10,12,10,12,SSE,W,SW,NW,72.7,91,83,81,240,17169,"Moderate: 10,001-20,000"
3,Kurinjipadi,delux ponni,clay,75,37.5,dry,60,3,120,6,81.39,31.14,45,1800,19.6,20.4,187.2,270.8,167.0,250.0,61.0,64.0,19.5,34,18.5,35,17.0,32.5,16.0,30.5,10,4,10,6,NW,S,SE,SSE,64.6,85,84,87,240,16476,"Moderate: 10,001-20,000"
3,Panruti,CO_43,alluvial,75,37.5,dry,60,3,120,6,81.39,31.14,45,1800,18.5,21.5,185.2,272.8,165.3,251.7,60.0,65.0,20.0,35,18.0,30,17.5,33.5,18.0,33.0,4,12,4,12,ENE,NE,NNE,W,85.0,96,84,79,270,17619,"Moderate: 10,001-20,000"
3,Kallakurichi,ponmani,clay,75,37.5,dry,60,3,120,6,81.39,31.14,45,1800,18.5,21.5,185.2,272.8,165.3,251.7,60.0,65.0,19.0,33,17.0,32,16.5,31.5,15.5,32.5,8,6,8,6,W,WNW,SE,S,88.5,95,81,84,300,17508,"Moderate: 10,001-20,000"
3,Sankarapuram,delux ponni,clay,75,37.5,wet,60,3,120,6,81.39,31.14,45,1800,18.1,21.9,185.6,272.4,166.1,250.9,60.2,64.8,20.5,32,17.5,28,18.0,34.0,16.5,35.0,10,12,10,12,SSE,W,SW,NW,72.7,91,83,81,240,17169,"Moderate: 10,001-20,000"
3,Chinnasalem,CO_43,alluvial,75,37.5,wet,60,3,120,6,81.39,31.14,45,1800,18.1,21.9,185.6,272.4,166.1,250.9,60.2,64.8,18.0,31,15.5,34,15.0,33.0,15.0,31.5,6,6,8,10,E,ENE,NE,NNW,78.6,80,92,88,270,17748,"Moderate: 10,001-20,000"
3,Kurinjipadi,delux ponni,clay,75,37.5,wet,60,3,120,6,81.39,31.14,45,1800,19.6,20.4,187.2,270.8,167.0,250.0,61.0,64.0,19.5,34,18.5,35,17.0,32.5,16.0,30.5,10,4,10,6,NW,S,SE,SSE,64.6,85,84,87,240,17508,"Moderate: 10,001-20,000"
3,Panruti,CO_43,alluvial,75,37.5,wet,60,3,120,6,81.39,31.14,45,1800,18.5,21.5,185.2,272.8,165.3,251.7,60.0,65.0,20.0,35,18.0,30,17.5,33.5,18.0,33.0,4,12,4,12,ENE,NE,NNE,W,85.0,96,84,79,270,17169,"Moderate: 10,001-20,000"
3,Kallakurichi,delux ponni,clay,75,37.5,wet,60,3,120,6,81.39,31.14,45,1800,18.5,21.5,185.2,272.8,165.3,251.7,60.0,65.0,19.0,33,17.0,32,16.5,31.5,15.5,32.5,8,6,8,6,W,WNW,SE,S,88.5,95,81,84,240,17619,"Moderate: 10,001-20,000"
3,Sankarapuram,ponmani,clay,75,37.5,wet,60,3,120,6,81.39,31.14,45,1800,18.1,21.9,185.6,272.4,166.1,250.9,60.2,64.8,20.5,32,17.5,28,18.0,34.0,16.5,35.0,10,12,10,12,SSE,W,SW,NW,72.7,91,83,81,300,17724,"Moderate: 10,001-20,000"
3,Chinnasalem,CO_43,clay,75,37.5,wet,60,3,120,6,81.39,31.14,45,1800,18.1,21.9,185.6,272.4,166.1,250.9,60.2,64.8,18.0,31,15.5,34,15.0,33.0,15.0,31.5,6,6,8,10,E,ENE,NE,NNW,78.6,80,92,88,270,17508,"Moderate: 10,001-20,000"
3,Cuddalore,ponmani,clay,75,37.5,wet,60,3,120,6,81.39,31.14,45,1800,19.6,20.4,187.2,270.8,167.0,250.0,61.0,64.0,18.5,34,16.0,30,15.5,31.0,16.0,33.0,4,10,8,10,SW,W,NNW,WSW,72.0,78,88,85,300,16581,"Moderate: 10,001-20,000"
3,Kurinjipadi,delux ponni,alluvial,75,37.5,wet,60,3,120,6,81.39,31.14,45,1800,19.6,20.4,187.2,270.8,167.0,250.0,61.0,64.0,19.5,34,18.5,35,17.0,32.5,16.0,30.5,10,4,10,6,NW,S,SE,SSE,64.6,85,84,87,240,16230,"Moderate: 10,001-20,000"
3,Panruti,CO_43,clay,75,37.5,wet,60,3,120,6,81.39,31.14,45,1800,18.5,21.5,185.2,272.8,165.3,251.7,60.0,65.0,20.0,35,18.0,30,17.5,33.5,18.0,33.0,4,12,4,12,ENE,NE,NNE,W,85.0,96,84,79,270,17169,"Moderate: 10,001-20,000"
3,Kallakurichi,ponmani,alluvial,75,37.5,wet,60,3,120,6,81.39,31.14,45,1800,18.5,21.5,185.2,272.8,165.3,251.7,60.0,65.0,19.0,33,17.0,32,16.5,31.5,15.5,32.5,8,6,8,6,W,WNW,SE,S,88.5,95,81,84,300,16389,"Moderate: 10,001-20,000"
3,Sankarapuram,delux ponni,clay,75,37.5,wet,60,3,120,6,81.39,31.14,45,1800,18.1,21.9,185.6,272.4,166.1,250.9,60.2,64.8,20.5,32,17.5,28,18.0,34.0,16.5,35.0,10,12,10,12,SSE,W,SW,NW,72.7,91,83,81,240,16884,"Moderate: 10,001-20,000"
3,Chinnasalem,CO_43,clay,75,37.5,dry,60,3,120,6,81.39,31.14,45,1800,18.1,21.9,185.6,272.4,166.1,250.9,60.2,64.8,18.0,31,15.5,34,15.0,33.0,15.0,31.5,6,6,8,10,E,ENE,NE,NNW,78.6,80,92,88,270,16476,"Moderate: 10,001-20,000"
3,Cuddalore,delux ponni,alluvial,75,37.5,dry,60,3,120,6,81.39,31.14,45,1800,19.6,20.4,187.2,270.8,167.0,250.0,61.0,64.0,18.5,34,16.0,30,15.5,31.0,16.0,33.0,4,10,8,10,SW,W,NNW,WSW,72.0,78,88,85,240,17748,"Moderate: 10,001-20,000"
3,Kurinjipadi,ponmani,clay,75,37.5,dry,60,3,120,6,81.39,31.14,45,1800,19.6,20.4,187.2,270.8,167.0,250.0,61.0,64.0,19.5,34,18.5,35,17.0,32.5,16.0,30.5,10,4,10,6,NW,S,SE,SSE,64.6,85,84,87,300,17589,"Moderate: 10,001-20,000"
3,Panruti,CO_43,alluvial,75,37.5,dry,60,3,120,6,81.39,31.14,45,1800,18.5,21.5,185.2,272.8,165.3,251.7,60.0,65.0,20.0,35,18.0,30,17.5,33.5,18.0,33.0,4,12,4,12,ENE,NE,NNE,W,85.0,96,84,79,270,16359,"Moderate: 10,001-20,000"
3,Kallakurichi,ponmani,alluvial,75,37.5,dry,60,3,120,6,81.39,31.14,45,1800,18.5,21.5,185.2,272.8,165.3,251.7,60.0,65.0,19.0,33,17.0,32,16.5,31.5,15.5,32.5,8,6,8,6,W,WNW,SE,S,88.5,95,81,84,300,17649,"Moderate: 10,001-20,000"
3,Sankarapuram,delux ponni,clay,75,37.5,dry,60,3,120,6,81.39,31.14,45,1800,18.1,21.9,185.6,272.4,166.1,250.9,60.2,64.8,20.5,32,17.5,28,18.0,34.0,16.5,35.0,10,12,10,12,SSE,W,SW,NW,72.7,91,83,81,240,17508,"Moderate: 10,001-20,000"
3,Chinnasalem,CO_43,alluvial,75,37.5,dry,60,3,120,6,81.39,31.14,45,1800,18.1,21.9,185.6,272.4,166.1,250.9,60.2,64.8,18.0,31,15.5,34,15.0,33.0,15.0,31.5,6,6,8,10,E,ENE,NE,NNW,78.6,80,92,88,270,17169,"Moderate: 10,001-20,000"
3,Cuddalore,ponmani,alluvial,75,37.5,dry,60,3,120,6,81.39,31.14,45,1800,19.6,20.4,187.2,270.8,167.0,250.0,61.0,64.0,18.5,34,16.0,30,15.5,31.0,16.0,33.0,4,10,8,10,SW,W,NNW,WSW,72.0,78,88,85,300,16476,"Moderate: 10,001-20,000"
3,Kurinjipadi,delux ponni,alluvial,75,37.5,dry,60,3,120,6,81.39,31.14,45,1800,19.6,20.4,187.2,270.8,167.0,250.0,61.0,64.0,19.5,34,18.5,35,17.0,32.5,16.0,30.5,10,4,10,6,NW,S,SE,SSE,64.6,85,84,87,240,17619,"Moderate: 10,001-20,000"
3,Panruti,CO_43,alluvial,75,37.5,dry,60,3,120,6,81.39,31.14,45,1800,18.5,21.5,185.2,272.8,165.3,251.7,60.0,65.0,20.0,35,18.0,30,17.5,33.5,18.0,33.0,4,12,4,12,ENE,NE,NNE,W,85.0,96,84,79,270,17508,"Moderate: 10,001-20,000"
3,Kallakurichi,delux ponni,clay,75,37.5,dry,60,3,120,6,81.39,31.14,45,1800,18.5,21.5,185.2,272.8,165.3,251.7,60.0,65.0,19.0,33,17.0,32,16.5,31.5,15.5,32.5,8,6,8,6,W,WNW,SE,S,88.5,95,81,84,240,17169,"Moderate: 10,001-20,000"
3,Sankarapuram,ponmani,alluvial,75,37.5,dry,60,3,120,6,81.39,31.14,45,1800,18.1,21.9,185.6,272.4,166.1,250.9,60.2,64.8,20.5,32,17.5,28,18.0,34.0,16.5,35.0,10,12,10,12,SSE,W,SW,NW,72.7,91,83,81,300,16476,"Moderate: 10,001-20,000"
3,Chinnasalem,ponmani,clay,75,37.5,dry,60,3,120,6,81.39,31.14,45,1800,18.1,21.9,185.6,272.4,166.1,250.9,60.2,64.8,18.0,31,15.5,34,15.0,33.0,15.0,31.5,6,6,8,10,E,ENE,NE,NNW,78.6,80,92,88,300,17619,"Moderate: 10,001-20,000"
3,Chinnasalem,ponmani,clay,75,37.5,dry,60,3,120,6,81.39,31.14,45,1800,18.1,21.9,185.6,272.4,166.1,250.9,60.2,64.8,18.0,31,15.5,34,15.0,33.0,15.0,31.5,6,6,8,10,E,ENE,NE,NNW,78.6,80,92,88,300,17508,"Moderate: 10,001-20,000"
3,Chinnasalem,ponmani,alluvial,75,37.5,dry,60,3,120,6,81.39,31.14,45,1800,18.1,21.9,185.6,272.4,166.1,250.9,60.2,64.8,18.0,31,15.5,34,15.0,33.0,15.0,31.5,6,6,8,10,E,ENE,NE,NNW,78.6,80,92,88,300,17748,"Moderate: 10,001-20,000"
3,Chinnasalem,CO_43,clay,75,37.5,dry,60,3,120,6,81.39,31.14,45,1800,18.1,21.9,185.6,272.4,166.1,250.9,60.2,64.8,18.0,31,15.5,34,15.0,33.0,15.0,31.5,6,6,8,10,E,ENE,NE,NNW,78.6,80,92,88,270,17169,"Moderate: 10,001-20,000"
3,Chinnasalem,ponmani,clay,75,37.5,dry,60,3,120,6,81.39,31.14,45,1800,18.1,21.9,185.6,272.4,166.1,250.9,60.2,64.8,18.0,31,15.5,34,15.0,33.0,15.0,31.5,6,6,8,10,E,ENE,NE,NNW,78.6,80,92,88,300,17565,"Moderate: 10,001-20,000"
3,Kallakurichi,ponmani,clay,75,37.5,dry,60,3,120,6,81.39,31.14,45,1800,18.5,21.5,185.2,272.8,165.3,251.7,60.0,65.0,19.0,33,17.0,32,16.5,31.5,15.5,32.5,8,6,8,6,W,WNW,SE,S,88.5,95,81,84,300,17619,"Moderate: 10,001-20,000"
3,Kallakurichi,delux ponni,alluvial,75,37.5,dry,60,3,120,6,81.39,31.14,45,1800,18.5,21.5,185.2,272.8,165.3,251.7,60.0,65.0,19.0,33,17.0,32,16.5,31.5,15.5,32.5,8,6,8,6,W,WNW,SE,S,88.5,95,81,84,240,17508,"Moderate: 10,001-20,000"
3,Kallakurichi,delux ponni,alluvial,75,37.5,dry,60,3,120,6,81.39,31.14,45,1800,18.5,21.5,185.2,272.8,165.3,251.7,60.0,65.0,19.0,33,17.0,32,16.5,31.5,15.5,32.5,8,6,8,6,W,WNW,SE,S,88.5,95,81,84,240,16581,"Moderate: 10,001-20,000"
3,Panruti,delux ponni,clay,75,37.5,dry,60,3,120,6,81.39,31.14,45,1800,18.5,21.5,185.2,272.8,165.3,251.7,60.0,65.0,20.0,35,18.0,30,17.5,33.5,18.0,33.0,4,12,4,12,ENE,NE,NNE,W,85.0,96,84,79,240,16230,"Moderate: 10,001-20,000"
3,Panruti,ponmani,alluvial,75,37.5,dry,60,3,120,6,81.39,31.14,45,1800,18.5,21.5,185.2,272.8,165.3,251.7,60.0,65.0,20.0,35,18.0,30,17.5,33.5,18.0,33.0,4,12,4,12,ENE,NE,NNE,W,85.0,96,84,79,300,17169,"Moderate: 10,001-20,000"
3,Panruti,delux ponni,clay,75,37.5,dry,60,3,120,6,81.39,31.14,45,1800,18.5,21.5,185.2,272.8,165.3,251.7,60.0,65.0,20.0,35,18.0,30,17.5,33.5,18.0,33.0,4,12,4,12,ENE,NE,NNE,W,85.0,96,84,79,240,16389,"Moderate: 10,001-20,000"
3,Panruti,CO_43,alluvial,75,37.5,wet,60,3,120,6,81.39,31.14,45,1800,18.5,21.5,185.2,272.8,165.3,251.7,60.0,65.0,20.0,35,18.0,30,17.5,33.5,18.0,33.0,4,12,4,12,ENE,NE,NNE,W,85.0,96,84,79,270,16884,"Moderate: 10,001-20,000"
3,Panruti,delux ponni,alluvial,75,37.5,dry,60,3,120,6,81.39,31.14,45,1800,18.5,21.5,185.2,272.8,165.3,251.7,60.0,65.0,20.0,35,18.0,30,17.5,33.5,18.0,33.0,4,12,4,12,ENE,NE,NNE,W,85.0,96,84,79,240,17748,"Moderate: 10,001-20,000"
3,Cuddalore,delux ponni,clay,75,37.5,wet,60,3,120,6,81.39,31.14,45,1800,19.6,20.4,187.2,270.8,167.0,250.0,61.0,64.0,18.5,34,16.0,30,15.5,31.0,16.0,33.0,4,10,8,10,SW,W,NNW,WSW,72.0,78,88,85,240,16359,"Moderate: 10,001-20,000"
3,Cuddalore,CO_43,clay,75,37.5,dry,60,3,120,6,81.39,31.14,45,1800,19.6,20.4,187.2,270.8,167.0,250.0,61.0,64.0,18.5,34,16.0,30,15.5,31.0,16.0,33.0,4,10,8,10,SW,W,NNW,WSW,72.0,78,88,85,270,16836,"Moderate: 10,001-20,000"
3,Cuddalore,ponmani,alluvial,75,37.5,wet,60,3,120,6,81.39,31.14,45,1800,19.6,20.4,187.2,270.8,167.0,250.0,61.0,64.0,18.5,34,16.0,30,15.5,31.0,16.0,33.0,4,10,8,10,SW,W,NNW,WSW,72.0,78,88,85,300,17619,"Moderate: 10,001-20,000"
3,Cuddalore,delux ponni,clay,75,37.5,wet,60,3,120,6,81.39,31.14,45,1800,19.6,20.4,187.2,270.8,167.0,250.0,61.0,64.0,18.5,34,16.0,30,15.5,31.0,16.0,33.0,4,10,8,10,SW,W,NNW,WSW,72.0,78,88,85,240,17649,"Moderate: 10,001-20,000"
3,Cuddalore,CO_43,alluvial,75,37.5,dry,60,3,120,6,81.39,31.14,45,1800,19.6,20.4,187.2,270.8,167.0,250.0,61.0,64.0,18.5,34,16.0,30,15.5,31.0,16.0,33.0,4,10,8,10,SW,W,NNW,WSW,72.0,78,88,85,270,17508,"Moderate: 10,001-20,000"
3,Cuddalore,ponmani,clay,75,37.5,dry,60,3,120,6,81.39,31.14,45,1800,19.6,20.4,187.2,270.8,167.0,250.0,61.0,64.0,18.5,34,16.0,30,15.5,31.0,16.0,33.0,4,10,8,10,SW,W,NNW,WSW,72.0,78,88,85,300,17169,"Moderate: 10,001-20,000"
3,Cuddalore,delux ponni,clay,75,37.5,dry,60,3,120,6,81.39,31.14,45,1800,19.6,20.4,187.2,270.8,167.0,250.0,61.0,64.0,18.5,34,16.0,30,15.5,31.0,16.0,33.0,4,10,8,10,SW,W,NNW,WSW,72.0,78,88,85,240,16476,"Moderate: 10,001-20,000"
3,Kurinjipadi,CO_43,alluvial,75,37.5,wet,60,3,120,6,81.39,31.14,45,1800,19.6,20.4,187.2,270.8,167.0,250.0,61.0,64.0,19.5,34,18.5,35,17.0,32.5,16.0,30.5,10,4,10,6,NW,S,SE,SSE,64.6,85,84,87,270,17619,"Moderate: 10,001-20,000"
3,Kurinjipadi,ponmani,alluvial,75,37.5,wet,60,3,120,6,81.39,31.14,45,1800,19.6,20.4,187.2,270.8,167.0,250.0,61.0,64.0,19.5,34,18.5,35,17.0,32.5,16.0,30.5,10,4,10,6,NW,S,SE,SSE,64.6,85,84,87,300,17169,"Moderate: 10,001-20,000"
3,Kurinjipadi,CO_43,clay,75,37.5,wet,60,3,120,6,81.39,31.14,45,1800,19.6,20.4,187.2,270.8,167.0,250.0,61.0,64.0,19.5,34,18.5,35,17.0,32.5,16.0,30.5,10,4,10,6,NW,S,SE,SSE,64.6,85,84,87,270,17619,"Moderate: 10,001-20,000"
3,Kurinjipadi,ponmani,alluvial,75,37.5,wet,60,3,120,6,81.39,31.14,45,1800,19.6,20.4,187.2,270.8,167.0,250.0,61.0,64.0,19.5,34,18.5,35,17.0,32.5,16.0,30.5,10,4,10,6,NW,S,SE,SSE,64.6,85,84,87,300,17748,"Moderate: 10,001-20,000"
3,Kurinjipadi,delux ponni,alluvial,75,37.5,wet,60,3,120,6,81.39,31.14,45,1800,19.6,20.4,187.2,270.8,167.0,250.0,61.0,64.0,19.5,34,18.5,35,17.0,32.5,16.0,30.5,10,4,10,6,NW,S,SE,SSE,64.6,85,84,87,240,17619,"Moderate: 10,001-20,000"
3,Kurinjipadi,CO_43,clay,75,37.5,dry,60,3,120,6,81.39,31.14,45,1800,19.6,20.4,187.2,270.8,167.0,250.0,61.0,64.0,19.5,34,18.5,35,17.0,32.5,16.0,30.5,10,4,10,6,NW,S,SE,SSE,64.6,85,84,87,270,17508,"Moderate: 10,001-20,000"
3,Kurinjipadi,ponmani,alluvial,75,37.5,dry,60,3,120,6,81.39,31.14,45,1800,19.6,20.4,187.2,270.8,167.0,250.0,61.0,64.0,19.5,34,18.5,35,17.0,32.5,16.0,30.5,10,4,10,6,NW,S,SE,SSE,64.6,85,84,87,300,17169,"Moderate: 10,001-20,000"
3,Kurinjipadi,CO_43,alluvial,75,37.5,dry,60,3,120,6,81.39,31.14,45,1800,19.6,20.4,187.2,270.8,167.0,250.0,61.0,64.0,19.5,34,18.5,35,17.0,32.5,16.0,30.5,10,4,10,6,NW,S,SE,SSE,64.6,85,84,87,270,17619,"Moderate: 10,001-20,000"
3,Sankarapuram,delux ponni,clay,75,37.5,dry,60,3,120,6,81.39,31.14,45,1800,18.1,21.9,185.6,272.4,166.1,250.9,60.2,64.8,20.5,32,17.5,28,18.0,34.0,16.5,35.0,10,12,10,12,SSE,W,SW,NW,72.7,91,83,81,240,17724,"Moderate: 10,001-20,000"
3,Sankarapuram,ponmani,alluvial,75,37.5,dry,60,3,120,6,81.39,31.14,45,1800,18.1,21.9,185.6,272.4,166.1,250.9,60.2,64.8,20.5,32,17.5,28,18.0,34.0,16.5,35.0,10,12,10,12,SSE,W,SW,NW,72.7,91,83,81,300,17508,"Moderate: 10,001-20,000"
3,Sankarapuram,CO_43,clay,75,37.5,dry,60,3,120,6,81.39,31.14,45,1800,18.1,21.9,185.6,272.4,166.1,250.9,60.2,64.8,20.5,32,17.5,28,18.0,34.0,16.5,35.0,10,12,10,12,SSE,W,SW,NW,72.7,91,83,81,270,16581,"Moderate: 10,001-20,000"
3,Sankarapuram,ponmani,clay,75,37.5,dry,60,3,120,6,81.39,31.14,45,1800,18.1,21.9,185.6,272.4,166.1,250.9,60.2,64.8,20.5,32,17.5,28,18.0,34.0,16.5,35.0,10,12,10,12,SSE,W,SW,NW,72.7,91,83,81,300,16230,"Moderate: 10,001-20,000"
3,Sankarapuram,delux ponni,clay,75,37.5,dry,60,3,120,6,81.39,31.14,45,1800,18.1,21.9,185.6,272.4,166.1,250.9,60.2,64.8,20.5,32,17.5,28,18.0,34.0,16.5,35.0,10,12,10,12,SSE,W,SW,NW,72.7,91,83,81,240,16389,"Moderate: 10,001-20,000"
3,Sankarapuram,CO_43,clay,75,37.5,dry,60,3,120,6,81.39,31.14,45,1800,18.1,21.9,185.6,272.4,166.1,250.9,60.2,64.8,20.5,32,17.5,28,18.0,34.0,16.5,35.0,10,12,10,12,SSE,W,SW,NW,72.7,91,83,81,270,17748,"Moderate: 10,001-20,000"
3,Sankarapuram,ponmani,alluvial,75,37.5,dry,60,3,120,6,81.39,31.14,45,1800,18.1,21.9,185.6,272.4,166.1,250.9,60.2,64.8,20.5,32,17.5,28,18.0,34.0,16.5,35.0,10,12,10,12,SSE,W,SW,NW,72.7,91,83,81,300,17589,"Moderate: 10,001-20,000"
3,Sankarapuram,delux ponni,clay,75,37.5,dry,60,3,120,6,81.39,31.14,45,1800,18.1,21.9,185.6,272.4,166.1,250.9,60.2,64.8,20.5,32,17.5,28,18.0,34.0,16.5,35.0,10,12,10,12,SSE,W,SW,NW,72.7,91,83,81,240,17565,"Moderate: 10,001-20,000"
3,Sankarapuram,CO_43,clay,75,37.5,dry,60,3,120,6,81.39,31.14,45,1800,18.1,21.9,185.6,272.4,166.1,250.9,60.2,64.8,20.5,32,17.5,28,18.0,34.0,16.5,35.0,10,12,10,12,SSE,W,SW,NW,72.7,91,83,81,270,16359,"Moderate: 10,001-20,000"
3,Sankarapuram,delux ponni,alluvial,75,37.5,dry,60,3,120,6,81.39,31.14,45,1800,18.1,21.9,185.6,272.4,166.1,250.9,60.2,64.8,20.5,32,17.5,28,18.0,34.0,16.5,35.0,10,12,10,12,SSE,W,SW,NW,72.7,91,83,81,240,16836,"Moderate: 10,001-20,000"
3,Sankarapuram,ponmani,clay,75,37.5,dry,60,3,120,6,81.39,31.14,45,1800,18.1,21.9,185.6,272.4,166.1,250.9,60.2,64.8,20.5,32,17.5,28,18.0,34.0,16.5,35.0,10,12,10,12,SSE,W,SW,NW,72.7,91,83,81,300,17619,"Moderate: 10,001-20,000"
3,Sankarapuram,ponmani,clay,75,37.5,dry,60,3,120,6,81.39,31.14,45,1800,18.1,21.9,185.6,272.4,166.1,250.9,60.2,64.8,20.5,32,17.5,28,18.0,34.0,16.5,35.0,10,12,10,12,SSE,W,SW,NW,72.7,91,83,81,300,17649,"Moderate: 10,001-20,000"
3,Sankarapuram,ponmani,clay,75,37.5,dry,60,3,120,6,81.39,31.14,45,1800,18.1,21.9,185.6,272.4,166.1,250.9,60.2,64.8,20.5,32,17.5,28,18.0,34.0,16.5,35.0,10,12,10,12,SSE,W,SW,NW,72.7,91,83,81,300,17169,"Moderate: 10,001-20,000"
3,Sankarapuram,CO_43,clay,75,37.5,dry,60,3,120,6,81.39,31.14,45,1800,18.1,21.9,185.6,272.4,166.1,250.9,60.2,64.8,20.5,32,17.5,28,18.0,34.0,16.5,35.0,10,12,10,12,SSE,W,SW,NW,72.7,91,83,81,270,16476,"Moderate: 10,001-20,000"
3,Sankarapuram,ponmani,clay,75,37.5,dry,60,3,120,6,81.39,31.14,45,1800,18.1,21.9,185.6,272.4,166.1,250.9,60.2,64.8,20.5,32,17.5,28,18.0,34.0,16.5,35.0,10,12,10,12,SSE,W,SW,NW,72.7,91,83,81,300,17508,"Moderate: 10,001-20,000"
3,Sankarapuram,ponmani,alluvial,75,37.5,dry,60,3,120,6,81.39,31.14,45,1800,18.1,21.9,185.6,272.4,166.1,250.9,60.2,64.8,20.5,32,17.5,28,18.0,34.0,16.5,35.0,10,12,10,12,SSE,W,SW,NW,72.7,91,83,81,300,17619,"Moderate: 10,001-20,000"
3,Sankarapuram,delux ponni,clay,75,37.5,dry,60,3,120,6,81.39,31.14,45,1800,18.1,21.9,185.6,272.4,166.1,250.9,60.2,64.8,20.5,32,17.5,28,18.0,34.0,16.5,35.0,10,12,10,12,SSE,W,SW,NW,72.7,91,83,81,240,17169,"Moderate: 10,001-20,000"
3,Sankarapuram,delux ponni,alluvial,75,37.5,dry,60,3,120,6,81.39,31.14,45,1800,18.1,21.9,185.6,272.4,166.1,250.9,60.2,64.8,20.5,32,17.5,28,18.0,34.0,16.5,35.0,10,12,10,12,SSE,W,SW,NW,72.7,91,83,81,240,17748,"Moderate: 10,001-20,000"
3,Cuddalore,delux ponni,alluvial,75,37.5,dry,60,3,120,6,81.39,31.14,45,1800,19.6,20.4,187.2,270.8,167.0,250.0,61.0,64.0,18.5,34,16.0,30,15.5,31.0,16.0,33.0,4,10,8,10,SW,W,NNW,WSW,72.0,78,88,85,240,17619,"Moderate: 10,001-20,000"
3,Kurinjipadi,ponmani,alluvial,75,37.5,dry,60,3,120,6,81.39,31.14,45,1800,19.6,20.4,187.2,270.8,167.0,250.0,61.0,64.0,19.5,34,18.5,35,17.0,32.5,16.0,30.5,10,4,10,6,NW,S,SE,SSE,64.6,85,84,87,300,17508,"Moderate: 10,001-20,000"
3,Panruti,delux ponni,alluvial,75,37.5,dry,60,3,120,6,81.39,31.14,45,1800,18.5,21.5,185.2,272.8,165.3,251.7,60.0,65.0,20.0,35,18.0,30,17.5,33.5,18.0,33.0,4,12,4,12,ENE,NE,NNE,W,85.0,96,84,79,240,17169,"Moderate: 10,001-20,000"
3,Kallakurichi,CO_43,alluvial,75,37.5,wet,60,3,120,6,81.39,31.14,45,1800,18.5,21.5,185.2,272.8,165.3,251.7,60.0,65.0,19.0,33,17.0,32,16.5,31.5,15.5,32.5,8,6,8,6,W,WNW,SE,S,88.5,95,81,84,270,17565,"Moderate: 10,001-20,000"
3,Sankarapuram,delux ponni,alluvial,75,37.5,wet,60,3,120,6,81.39,31.14,45,1800,18.1,21.9,185.6,272.4,166.1,250.9,60.2,64.8,20.5,32,17.5,28,18.0,34.0,16.5,35.0,10,12,10,12,SSE,W,SW,NW,72.7,91,83,81,240,17619,"Moderate: 10,001-20,000"
3,Chinnasalem,delux ponni,alluvial,75,37.5,wet,60,3,120,6,81.39,31.14,45,1800,18.1,21.9,185.6,272.4,166.1,250.9,60.2,64.8,18.0,31,15.5,34,15.0,33.0,15.0,31.5,6,6,8,10,E,ENE,NE,NNW,78.6,80,92,88,240,17724,"Moderate: 10,001-20,000"
3,Cuddalore,CO_43,clay,75,37.5,wet,60,3,120,6,81.39,31.14,45,1800,19.6,20.4,187.2,270.8,167.0,250.0,61.0,64.0,18.5,34,16.0,30,15.5,31.0,16.0,33.0,4,10,8,10,SW,W,NNW,WSW,72.0,78,88,85,270,16581,"Moderate: 10,001-20,000"
3,Kurinjipadi,ponmani,clay,75,37.5,wet,60,3,120,6,81.39,31.14,45,1800,19.6,20.4,187.2,270.8,167.0,250.0,61.0,64.0,19.5,34,18.5,35,17.0,32.5,16.0,30.5,10,4,10,6,NW,S,SE,SSE,64.6,85,84,87,300,16389,"Moderate: 10,001-20,000"
3,Panruti,delux ponni,clay,75,37.5,wet,60,3,120,6,81.39,31.14,45,1800,18.5,21.5,185.2,272.8,165.3,251.7,60.0,65.0,20.0,35,18.0,30,17.5,33.5,18.0,33.0,4,12,4,12,ENE,NE,NNE,W,85.0,96,84,79,240,16884,"Moderate: 10,001-20,000"
3,Kallakurichi,CO_43,clay,75,37.5,wet,60,3,120,6,81.39,31.14,45,1800,18.5,21.5,185.2,272.8,165.3,251.7,60.0,65.0,19.0,33,17.0,32,16.5,31.5,15.5,32.5,8,6,8,6,W,WNW,SE,S,88.5,95,81,84,270,16476,"Moderate: 10,001-20,000"
3,Sankarapuram,ponmani,clay,75,37.5,wet,60,3,120,6,81.39,31.14,45,1800,18.1,21.9,185.6,272.4,166.1,250.9,60.2,64.8,20.5,32,17.5,28,18.0,34.0,16.5,35.0,10,12,10,12,SSE,W,SW,NW,72.7,91,83,81,300,17748,"Moderate: 10,001-20,000"
3,Chinnasalem,delux ponni,clay,75,37.5,wet,60,3,120,6,81.39,31.14,45,1800,18.1,21.9,185.6,272.4,166.1,250.9,60.2,64.8,18.0,31,15.5,34,15.0,33.0,15.0,31.5,6,6,8,10,E,ENE,NE,NNW,78.6,80,92,88,240,17589,"Moderate: 10,001-20,000"
3,Cuddalore,CO_43,clay,75,37.5,wet,60,3,120,6,81.39,31.14,45,1800,19.6,20.4,187.2,270.8,167.0,250.0,61.0,64.0,18.5,34,16.0,30,15.5,31.0,16.0,33.0,4,10,8,10,SW,W,NNW,WSW,72.0,78,88,85,270,17565,"Moderate: 10,001-20,000"
3,Kurinjipadi,delux ponni,clay,75,37.5,wet,60,3,120,6,81.39,31.14,45,1800,19.6,20.4,187.2,270.8,167.0,250.0,61.0,64.0,19.5,34,18.5,35,17.0,32.5,16.0,30.5,10,4,10,6,NW,S,SE,SSE,64.6,85,84,87,240,16359,"Moderate: 10,001-20,000"
3,Panruti,ponmani,alluvial,75,37.5,wet,60,3,120,6,81.39,31.14,45,1800,18.5,21.5,185.2,272.8,165.3,251.7,60.0,65.0,20.0,35,18.0,30,17.5,33.5,18.0,33.0,4,12,4,12,ENE,NE,NNE,W,85.0,96,84,79,300,16836,"Moderate: 10,001-20,000"
3,Kallakurichi,CO_43,alluvial,75,37.5,dry,60,3,120,6,81.39,31.14,45,1800,18.5,21.5,185.2,272.8,165.3,251.7,60.0,65.0,19.0,33,17.0,32,16.5,31.5,15.5,32.5,8,6,8,6,W,WNW,SE,S,88.5,95,81,84,270,17619,"Moderate: 10,001-20,000"
3,Sankarapuram,ponmani,alluvial,75,37.5,dry,60,3,120,6,81.39,31.14,45,1800,18.1,21.9,185.6,272.4,166.1,250.9,60.2,64.8,20.5,32,17.5,28,18.0,34.0,16.5,35.0,10,12,10,12,SSE,W,SW,NW,72.7,91,83,81,300,17649,"Moderate: 10,001-20,000"
3,Chinnasalem,delux ponni,alluvial,75,37.5,dry,60,3,120,6,81.39,31.14,45,1800,18.1,21.9,185.6,272.4,166.1,250.9,60.2,64.8,18.0,31,15.5,34,15.0,33.0,15.0,31.5,6,6,8,10,E,ENE,NE,NNW,78.6,80,92,88,240,17169,"Moderate: 10,001-20,000"
3,Panruti,delux ponni,alluvial,75,37.5,dry,60,3,120,6,81.39,31.14,45,1800,18.5,21.5,185.2,272.8,165.3,251.7,60.0,65.0,20.0,35,18.0,30,17.5,33.5,18.0,33.0,4,12,4,12,ENE,NE,NNE,W,85.0,96,84,79,240,16476,"Moderate: 10,001-20,000"
3,Chinnasalem,ponmani,clay,75,37.5,wet,60,3,120,6,81.39,31.14,45,1800,18.1,21.9,185.6,272.4,166.1,250.9,60.2,64.8,18.0,31,15.5,34,15.0,33.0,15.0,31.5,6,6,8,10,E,ENE,NE,NNW,78.6,80,92,88,300,17169,"Moderate: 10,001-20,000"
3,Cuddalore,CO_43,clay,75,37.5,wet,60,3,120,6,81.39,31.14,45,1800,19.6,20.4,187.2,270.8,167.0,250.0,61.0,64.0,18.5,34,16.0,30,15.5,31.0,16.0,33.0,4,10,8,10,SW,W,NNW,WSW,72.0,78,88,85,270,17748,"Moderate: 10,001-20,000"
3,Kurinjipadi,ponmani,clay,75,37.5,wet,60,3,120,6,81.39,31.14,45,1800,19.6,20.4,187.2,270.8,167.0,250.0,61.0,64.0,19.5,34,18.5,35,17.0,32.5,16.0,30.5,10,4,10,6,NW,S,SE,SSE,64.6,85,84,87,300,17619,"Moderate: 10,001-20,000"
3,Panruti,delux ponni,clay,75,37.5,wet,60,3,120,6,81.39,31.14,45,1800,18.5,21.5,185.2,272.8,165.3,251.7,60.0,65.0,20.0,35,18.0,30,17.5,33.5,18.0,33.0,4,12,4,12,ENE,NE,NNE,W,85.0,96,84,79,240,17508,"Moderate: 10,001-20,000"
3,Kallakurichi,CO_43,clay,75,37.5,wet,60,3,120,6,81.39,31.14,45,1800,18.5,21.5,185.2,272.8,165.3,251.7,60.0,65.0,19.0,33,17.0,32,16.5,31.5,15.5,32.5,8,6,8,6,W,WNW,SE,S,88.5,95,81,84,270,17169,"Moderate: 10,001-20,000"
3,Sankarapuram,ponmani,clay,75,37.5,wet,60,3,120,6,81.39,31.14,45,1800,18.1,21.9,185.6,272.4,166.1,250.9,60.2,64.8,20.5,32,17.5,28,18.0,34.0,16.5,35.0,10,12,10,12,SSE,W,SW,NW,72.7,91,83,81,300,17619,"Moderate: 10,001-20,000"
3,Chinnasalem,delux ponni,alluvial,75,37.5,wet,60,3,120,6,81.39,31.14,45,1800,18.1,21.9,185.6,272.4,166.1,250.9,60.2,64.8,18.0,31,15.5,34,15.0,33.0,15.0,31.5,6,6,8,10,E,ENE,NE,NNW,78.6,80,92,88,240,17673,"Moderate: 10,001-20,000"
3,Cuddalore,CO_43,clay,75,37.5,dry,60,3,120,6,81.39,31.14,45,1800,19.6,20.4,187.2,270.8,167.0,250.0,61.0,64.0,18.5,34,16.0,30,15.5,31.0,16.0,33.0,4,10,8,10,SW,W,NNW,WSW,72.0,78,88,85,270,17958,"Moderate: 10,001-20,000"
3,Kurinjipadi,delux ponni,alluvial,75,37.5,dry,60,3,120,6,81.39,31.14,45,1800,19.6,20.4,187.2,270.8,167.0,250.0,61.0,64.0,19.5,34,18.5,35,17.0,32.5,16.0,30.5,10,4,10,6,NW,S,SE,SSE,64.6,85,84,87,240,16260,"Moderate: 10,001-20,000"
3,Panruti,ponmani,clay,75,37.5,dry,60,3,120,6,81.39,31.14,45,1800,18.5,21.5,185.2,272.8,165.3,251.7,60.0,65.0,20.0,35,18.0,30,17.5,33.5,18.0,33.0,4,12,4,12,ENE,NE,NNE,W,85.0,96,84,79,300,16362,"Moderate: 10,001-20,000"
3,Kallakurichi,ponmani,alluvial,75,37.5,dry,60,3,120,6,81.39,31.14,45,1800,18.5,21.5,185.2,272.8,165.3,251.7,60.0,65.0,19.0,33,17.0,32,16.5,31.5,15.5,32.5,8,6,8,6,W,WNW,SE,S,88.5,95,81,84,300,16596,"Moderate: 10,001-20,000"
3,Sankarapuram,ponmani,alluvial,75,37.5,dry,60,3,120,6,81.39,31.14,45,1800,18.1,21.9,185.6,272.4,166.1,250.9,60.2,64.8,20.5,32,17.5,28,18.0,34.0,16.5,35.0,10,12,10,12,SSE,W,SW,NW,72.7,91,83,81,300,17040,"Moderate: 10,001-20,000"
3,Cuddalore,CO_43,alluvial,75,37.5,dry,60,3,120,6,81.39,31.14,45,1800,19.6,20.4,187.2,270.8,167.0,250.0,61.0,64.0,18.5,34,16.0,30,15.5,31.0,16.0,33.0,4,10,8,10,SW,W,NNW,WSW,72.0,78,88,85,270,17619,"Moderate: 10,001-20,000"
3,Kurinjipadi,ponmani,clay,75,37.5,dry,60,3,120,6,81.39,31.14,45,1800,19.6,20.4,187.2,270.8,167.0,250.0,61.0,64.0,19.5,34,18.5,35,17.0,32.5,16.0,30.5,10,4,10,6,NW,S,SE,SSE,64.6,85,84,87,300,16581,"Moderate: 10,001-20,000"
3,Panruti,ponmani,alluvial,75,37.5,wet,60,3,120,6,81.39,31.14,45,1800,18.5,21.5,185.2,272.8,165.3,251.7,60.0,65.0,20.0,35,18.0,30,17.5,33.5,18.0,33.0,4,12,4,12,ENE,NE,NNE,W,85.0,96,84,79,300,17748,"Moderate: 10,001-20,000"
3,Kallakurichi,ponmani,clay,75,37.5,wet,60,3,120,6,81.39,31.14,45,1800,18.5,21.5,185.2,272.8,165.3,251.7,60.0,65.0,19.0,33,17.0,32,16.5,31.5,15.5,32.5,8,6,8,6,W,WNW,SE,S,88.5,95,81,84,300,17649,"Moderate: 10,001-20,000"
3,Chinnasalem,delux ponni,clay,75,37.5,wet,60,3,120,6,81.39,31.14,45,1800,18.1,21.9,185.6,272.4,166.1,250.9,60.2,64.8,18.0,31,15.5,34,15.0,33.0,15.0,31.5,6,6,8,10,E,ENE,NE,NNW,78.6,80,92,88,240,17565,"Moderate: 10,001-20,000"
3,Cuddalore,delux ponni,clay,75,37.5,wet,60,3,120,6,81.39,31.14,45,1800,19.6,20.4,187.2,270.8,167.0,250.0,61.0,64.0,18.5,34,16.0,30,15.5,31.0,16.0,33.0,4,10,8,10,SW,W,NNW,WSW,72.0,78,88,85,240,16581,"Moderate: 10,001-20,000"
3,Kurinjipadi,ponmani,alluvial,75,37.5,wet,60,3,120,6,81.39,31.14,45,1800,19.6,20.4,187.2,270.8,167.0,250.0,61.0,64.0,19.5,34,18.5,35,17.0,32.5,16.0,30.5,10,4,10,6,NW,S,SE,SSE,64.6,85,84,87,300,16476,"Moderate: 10,001-20,000"
3,Panruti,delux ponni,clay,75,37.5,wet,60,3,120,6,81.39,31.14,45,1800,18.5,21.5,185.2,272.8,165.3,251.7,60.0,65.0,20.0,35,18.0,30,17.5,33.5,18.0,33.0,4,12,4,12,ENE,NE,NNE,W,85.0,96,84,79,240,17565,"Moderate: 10,001-20,000"
3,Kallakurichi,CO_43,clay,75,37.5,wet,60,3,120,6,81.39,31.14,45,1800,18.5,21.5,185.2,272.8,165.3,251.7,60.0,65.0,19.0,33,17.0,32,16.5,31.5,15.5,32.5,8,6,8,6,W,WNW,SE,S,88.5,95,81,84,270,17619,"Moderate: 10,001-20,000"
3,Sankarapuram,delux ponni,alluvial,75,37.5,wet,60,3,120,6,81.39,31.14,45,1800,18.1,21.9,185.6,272.4,166.1,250.9,60.2,64.8,20.5,32,17.5,28,18.0,34.0,16.5,35.0,10,12,10,12,SSE,W,SW,NW,72.7,91,83,81,240,17508,"Moderate: 10,001-20,000"
3,Chinnasalem,delux ponni,clay,75,37.5,wet,60,3,120,6,81.39,31.14,45,1800,18.1,21.9,185.6,272.4,166.1,250.9,60.2,64.8,18.0,31,15.5,34,15.0,33.0,15.0,31.5,6,6,8,10,E,ENE,NE,NNW,78.6,80,92,88,240,17619,"Moderate: 10,001-20,000"
3,Kurinjipadi,ponmani,clay,75,37.5,wet,60,3,120,6,81.39,31.14,45,1800,19.6,20.4,187.2,270.8,167.0,250.0,61.0,64.0,19.5,34,18.5,35,17.0,32.5,16.0,30.5,10,4,10,6,NW,S,SE,SSE,64.6,85,84,87,300,17169,"Moderate: 10,001-20,000"
3,Panruti,delux ponni,clay,75,37.5,dry,60,3,120,6,81.39,31.14,45,1800,18.5,21.5,185.2,272.8,165.3,251.7,60.0,65.0,20.0,35,18.0,30,17.5,33.5,18.0,33.0,4,12,4,12,ENE,NE,NNE,W,85.0,96,84,79,240,16596,"Moderate: 10,001-20,000"
3,Kallakurichi,CO_43,alluvial,75,37.5,dry,60,3,120,6,81.39,31.14,45,1800,18.5,21.5,185.2,272.8,165.3,251.7,60.0,65.0,19.0,33,17.0,32,16.5,31.5,15.5,32.5,8,6,8,6,W,WNW,SE,S,88.5,95,81,84,270,17169,"Moderate: 10,001-20,000"
3,Sankarapuram,ponmani,clay,75,37.5,dry,60,3,120,6,81.39,31.14,45,1800,18.1,21.9,185.6,272.4,166.1,250.9,60.2,64.8,20.5,32,17.5,28,18.0,34.0,16.5,35.0,10,12,10,12,SSE,W,SW,NW,72.7,91,83,81,300,17748,"Moderate: 10,001-20,000"
3,Chinnasalem,delux ponni,alluvial,75,37.5,dry,60,3,120,6,81.39,31.14,45,1800,18.1,21.9,185.6,272.4,166.1,250.9,60.2,64.8,18.0,31,15.5,34,15.0,33.0,15.0,31.5,6,6,8,10,E,ENE,NE,NNW,78.6,80,92,88,240,17619,"Moderate: 10,001-20,000"
3,Cuddalore,CO_43,clay,75,37.5,dry,60,3,120,6,81.39,31.14,45,1800,19.6,20.4,187.2,270.8,167.0,250.0,61.0,64.0,18.5,34,16.0,30,15.5,31.0,16.0,33.0,4,10,8,10,SW,W,NNW,WSW,72.0,78,88,85,270,17169,"Moderate: 10,001-20,000"
3,Kurinjipadi,delux ponni,clay,75,37.5,dry,60,3,120,6,81.39,31.14,45,1800,19.6,20.4,187.2,270.8,167.0,250.0,61.0,64.0,19.5,34,18.5,35,17.0,32.5,16.0,30.5,10,4,10,6,NW,S,SE,SSE,64.6,85,84,87,240,17508,"Moderate: 10,001-20,000"
3,Panruti,ponmani,alluvial,75,37.5,dry,60,3,120,6,81.39,31.14,45,1800,18.5,21.5,185.2,272.8,165.3,251.7,60.0,65.0,20.0,35,18.0,30,17.5,33.5,18.0,33.0,4,12,4,12,ENE,NE,NNE,W,85.0,96,84,79,300,17748,"Moderate: 10,001-20,000"
3,Sankarapuram,ponmani,alluvial,75,37.5,wet,60,3,120,6,81.39,31.14,45,1800,18.1,21.9,185.6,272.4,166.1,250.9,60.2,64.8,20.5,32,17.5,28,18.0,34.0,16.5,35.0,10,12,10,12,SSE,W,SW,NW,72.7,91,83,81,300,17724,"Moderate: 10,001-20,000"
3,Chinnasalem,delux ponni,alluvial,75,37.5,wet,60,3,120,6,81.39,31.14,45,1800,18.1,21.9,185.6,272.4,166.1,250.9,60.2,64.8,18.0,31,15.5,34,15.0,33.0,15.0,31.5,6,6,8,10,E,ENE,NE,NNW,78.6,80,92,88,240,16230,"Moderate: 10,001-20,000"
3,Cuddalore,CO_43,clay,75,37.5,wet,60,3,120,6,81.39,31.14,45,1800,19.6,20.4,187.2,270.8,167.0,250.0,61.0,64.0,18.5,34,16.0,30,15.5,31.0,16.0,33.0,4,10,8,10,SW,W,NNW,WSW,72.0,78,88,85,270,17589,"Moderate: 10,001-20,000"
3,Kurinjipadi,ponmani,alluvial,75,37.5,wet,60,3,120,6,81.39,31.14,45,1800,19.6,20.4,187.2,270.8,167.0,250.0,61.0,64.0,19.5,34,18.5,35,17.0,32.5,16.0,30.5,10,4,10,6,NW,S,SE,SSE,64.6,85,84,87,300,17508,"Moderate: 10,001-20,000"
3,Panruti,delux ponni,alluvial,75,37.5,wet,60,3,120,6,81.39,31.14,45,1800,18.5,21.5,185.2,272.8,165.3,251.7,60.0,65.0,20.0,35,18.0,30,17.5,33.5,18.0,33.0,4,12,4,12,ENE,NE,NNE,W,85.0,96,84,79,240,17508,"Moderate: 10,001-20,000"
3,Sankarapuram,delux ponni,alluvial,75,37.5,dry,60,3,120,6,81.39,31.14,45,1800,18.1,21.9,185.6,272.4,166.1,250.9,60.2,64.8,20.5,32,17.5,28,18.0,34.0,16.5,35.0,10,12,10,12,SSE,W,SW,NW,72.7,91,83,81,240,16389,"Moderate: 10,001-20,000"
3,Chinnasalem,ponmani,clay,75,37.5,dry,60,3,120,6,81.39,31.14,45,1800,18.1,21.9,185.6,272.4,166.1,250.9,60.2,64.8,18.0,31,15.5,34,15.0,33.0,15.0,31.5,6,6,8,10,E,ENE,NE,NNW,78.6,80,92,88,300,17748,"Moderate: 10,001-20,000"
3,Cuddalore,CO_43,alluvial,75,37.5,dry,60,3,120,6,81.39,31.14,45,1800,19.6,20.4,187.2,270.8,167.0,250.0,61.0,64.0,18.5,34,16.0,30,15.5,31.0,16.0,33.0,4,10,8,10,SW,W,NNW,WSW,72.0,78,88,85,270,16359,"Moderate: 10,001-20,000"
3,Kurinjipadi,ponmani,clay,75,37.5,dry,60,3,120,6,81.39,31.14,45,1800,19.6,20.4,187.2,270.8,167.0,250.0,61.0,64.0,19.5,34,18.5,35,17.0,32.5,16.0,30.5,10,4,10,6,NW,S,SE,SSE,64.6,85,84,87,300,17649,"Moderate: 10,001-20,000"
3,Panruti,delux ponni,clay,75,37.5,wet,60,3,120,6,81.39,31.14,45,1800,18.5,21.5,185.2,272.8,165.3,251.7,60.0,65.0,20.0,35,18.0,30,17.5,33.5,18.0,33.0,4,12,4,12,ENE,NE,NNE,W,85.0,96,84,79,240,17169,"Moderate: 10,001-20,000"
3,Kallakurichi,CO_43,alluvial,75,37.5,wet,60,3,120,6,81.39,31.14,45,1800,18.5,21.5,185.2,272.8,165.3,251.7,60.0,65.0,19.0,33,17.0,32,16.5,31.5,15.5,32.5,8,6,8,6,W,WNW,SE,S,88.5,95,81,84,270,17508,"Moderate: 10,001-20,000"
3,Cuddalore,CO_43,clay,75,37.5,wet,60,3,120,6,81.39,31.14,45,1800,19.6,20.4,187.2,270.8,167.0,250.0,61.0,64.0,18.5,34,16.0,30,15.5,31.0,16.0,33.0,4,10,8,10,SW,W,NNW,WSW,72.0,78,88,85,270,16389,"Moderate: 10,001-20,000"
3,Kurinjipadi,delux ponni,alluvial,75,37.5,dry,60,3,120,6,81.39,31.14,45,1800,19.6,20.4,187.2,270.8,167.0,250.0,61.0,64.0,19.5,34,18.5,35,17.0,32.5,16.0,30.5,10,4,10,6,NW,S,SE,SSE,64.6,85,84,87,240,16476,"Moderate: 10,001-20,000"
3,Kallakurichi,ponmani,alluvial,75,37.5,dry,60,3,120,6,81.39,31.14,45,1800,18.5,21.5,185.2,272.8,165.3,251.7,60.0,65.0,19.0,33,17.0,32,16.5,31.5,15.5,32.5,8,6,8,6,W,WNW,SE,S,88.5,95,81,84,300,17508,"Moderate: 10,001-20,000"
3,Sankarapuram,ponmani,clay,75,37.5,dry,60,3,120,6,81.39,31.14,45,1800,18.1,21.9,185.6,272.4,166.1,250.9,60.2,64.8,20.5,32,17.5,28,18.0,34.0,16.5,35.0,10,12,10,12,SSE,W,SW,NW,72.7,91,83,81,300,17565,"Moderate: 10,001-20,000"
3,Chinnasalem,ponmani,alluvial,75,37.5,dry,60,3,120,6,81.39,31.14,45,1800,18.1,21.9,185.6,272.4,166.1,250.9,60.2,64.8,18.0,31,15.5,34,15.0,33.0,15.0,31.5,6,6,8,10,E,ENE,NE,NNW,78.6,80,92,88,300,17508,"Moderate: 10,001-20,000"
3,Kurinjipadi,ponmani,alluvial,75,37.5,dry,60,3,120,6,81.39,31.14,45,1800,19.6,20.4,187.2,270.8,167.0,250.0,61.0,64.0,19.5,34,18.5,35,17.0,32.5,16.0,30.5,10,4,10,6,NW,S,SE,SSE,64.6,85,84,87,300,17748,"Moderate: 10,001-20,000"
3,Panruti,ponmani,alluvial,75,37.5,dry,60,3,120,6,81.39,31.14,45,1800,18.5,21.5,185.2,272.8,165.3,251.7,60.0,65.0,20.0,35,18.0,30,17.5,33.5,18.0,33.0,4,12,4,12,ENE,NE,NNE,W,85.0,96,84,79,300,17619,"Moderate: 10,001-20,000"
3,Kallakurichi,ponmani,clay,75,37.5,dry,60,3,120,6,81.39,31.14,45,1800,18.5,21.5,185.2,272.8,165.3,251.7,60.0,65.0,19.0,33,17.0,32,16.5,31.5,15.5,32.5,8,6,8,6,W,WNW,SE,S,88.5,95,81,84,300,17169,"Moderate: 10,001-20,000"
3,Sankarapuram,delux ponni,clay,75,37.5,wet,60,3,120,6,81.39,31.14,45,1800,18.1,21.9,185.6,272.4,166.1,250.9,60.2,64.8,20.5,32,17.5,28,18.0,34.0,16.5,35.0,10,12,10,12,SSE,W,SW,NW,72.7,91,83,81,240,17508,"Moderate: 10,001-20,000"
3,Chinnasalem,delux ponni,alluvial,75,37.5,wet,60,3,120,6,81.39,31.14,45,1800,18.1,21.9,185.6,272.4,166.1,250.9,60.2,64.8,18.0,31,15.5,34,15.0,33.0,15.0,31.5,6,6,8,10,E,ENE,NE,NNW,78.6,80,92,88,240,17169,"Moderate: 10,001-20,000"
3,Cuddalore,delux ponni,clay,75,37.5,wet,60,3,120,6,81.39,31.14,45,1800,19.6,20.4,187.2,270.8,167.0,250.0,61.0,64.0,18.5,34,16.0,30,15.5,31.0,16.0,33.0,4,10,8,10,SW,W,NNW,WSW,72.0,78,88,85,240,17589,"Moderate: 10,001-20,000"
3,Kurinjipadi,ponmani,alluvial,75,37.5,wet,60,3,120,6,81.39,31.14,45,1800,19.6,20.4,187.2,270.8,167.0,250.0,61.0,64.0,19.5,34,18.5,35,17.0,32.5,16.0,30.5,10,4,10,6,NW,S,SE,SSE,64.6,85,84,87,300,16836,"Moderate: 10,001-20,000"
3,Kallakurichi,CO_43,clay,75,37.5,wet,60,3,120,6,81.39,31.14,45,1800,18.5,21.5,185.2,272.8,165.3,251.7,60.0,65.0,19.0,33,17.0,32,16.5,31.5,15.5,32.5,8,6,8,6,W,WNW,SE,S,88.5,95,81,84,270,17508,"Moderate: 10,001-20,000"
3,Chinnasalem,delux ponni,clay,75,37.5,dry,60,3,120,6,81.39,31.14,45,1800,18.1,21.9,185.6,272.4,166.1,250.9,60.2,64.8,18.0,31,15.5,34,15.0,33.0,15.0,31.5,6,6,8,10,E,ENE,NE,NNW,78.6,80,92,88,240,17508,"Moderate: 10,001-20,000"
3,Kurinjipadi,ponmani,clay,75,37.5,dry,60,3,120,6,81.39,31.14,45,1800,19.6,20.4,187.2,270.8,167.0,250.0,61.0,64.0,19.5,34,18.5,35,17.0,32.5,16.0,30.5,10,4,10,6,NW,S,SE,SSE,64.6,85,84,87,300,16389,"Moderate: 10,001-20,000"
3,Kallakurichi,CO_43,alluvial,75,37.5,dry,60,3,120,6,81.39,31.14,45,1800,18.5,21.5,185.2,272.8,165.3,251.7,60.0,65.0,19.0,33,17.0,32,16.5,31.5,15.5,32.5,8,6,8,6,W,WNW,SE,S,88.5,95,81,84,270,16359,"Moderate: 10,001-20,000"
3,Cuddalore,CO_43,clay,75,37.5,dry,60,3,120,6,81.39,31.14,45,1800,19.6,20.4,187.2,270.8,167.0,250.0,61.0,64.0,18.5,34,16.0,30,15.5,31.0,16.0,33.0,4,10,8,10,SW,W,NNW,WSW,72.0,78,88,85,270,16260,"Moderate: 10,001-20,000"
3,Kurinjipadi,delux ponni,alluvial,75,37.5,dry,60,3,120,6,81.39,31.14,45,1800,19.6,20.4,187.2,270.8,167.0,250.0,61.0,64.0,19.5,34,18.5,35,17.0,32.5,16.0,30.5,10,4,10,6,NW,S,SE,SSE,64.6,85,84,87,240,17040,"Moderate: 10,001-20,000"
3,Panruti,ponmani,clay,75,37.5,dry,60,3,120,6,81.39,31.14,45,1800,18.5,21.5,185.2,272.8,165.3,251.7,60.0,65.0,20.0,35,18.0,30,17.5,33.5,18.0,33.0,4,12,4,12,ENE,NE,NNE,W,85.0,96,84,79,300,16581,"Moderate: 10,001-20,000"
3,Sankarapuram,ponmani,clay,75,37.5,wet,60,3,120,6,81.39,31.14,45,1800,18.1,21.9,185.6,272.4,166.1,250.9,60.2,64.8,20.5,32,17.5,28,18.0,34.0,16.5,35.0,10,12,10,12,SSE,W,SW,NW,72.7,91,83,81,300,16476,"Moderate: 10,001-20,000"
3,Chinnasalem,delux ponni,clay,75,37.5,wet,60,3,120,6,81.39,31.14,45,1800,18.1,21.9,185.6,272.4,166.1,250.9,60.2,64.8,18.0,31,15.5,34,15.0,33.0,15.0,31.5,6,6,8,10,E,ENE,NE,NNW,78.6,80,92,88,240,17508,"Moderate: 10,001-20,000"
3,Cuddalore,CO_43,clay,75,37.5,wet,60,3,120,6,81.39,31.14,45,1800,19.6,20.4,187.2,270.8,167.0,250.0,61.0,64.0,18.5,34,16.0,30,15.5,31.0,16.0,33.0,4,10,8,10,SW,W,NNW,WSW,72.0,78,88,85,270,17169,"Moderate: 10,001-20,000"
3,Panruti,delux ponni,alluvial,75,37.5,wet,60,3,120,6,81.39,31.14,45,1800,18.5,21.5,185.2,272.8,165.3,251.7,60.0,65.0,20.0,35,18.0,30,17.5,33.5,18.0,33.0,4,12,4,12,ENE,NE,NNE,W,85.0,96,84,79,240,17748,"Moderate: 10,001-20,000"
3,Chinnasalem,ponmani,alluvial,75,37.5,wet,60,3,120,6,81.39,31.14,45,1800,18.1,21.9,185.6,272.4,166.1,250.9,60.2,64.8,18.0,31,15.5,34,15.0,33.0,15.0,31.5,6,6,8,10,E,ENE,NE,NNW,78.6,80,92,88,300,17724,"Moderate: 10,001-20,000"
3,Cuddalore,CO_43,clay,75,37.5,wet,60,3,120,6,81.39,31.14,45,1800,19.6,20.4,187.2,270.8,167.0,250.0,61.0,64.0,18.5,34,16.0,30,15.5,31.0,16.0,33.0,4,10,8,10,SW,W,NNW,WSW,72.0,78,88,85,270,16230,"Moderate: 10,001-20,000"
3,Kurinjipadi,ponmani,clay,75,37.5,wet,60,3,120,6,81.39,31.14,45,1800,19.6,20.4,187.2,270.8,167.0,250.0,61.0,64.0,19.5,34,18.5,35,17.0,32.5,16.0,30.5,10,4,10,6,NW,S,SE,SSE,64.6,85,84,87,300,17589,"Moderate: 10,001-20,000"
3,Panruti,delux ponni,alluvial,75,37.5,wet,60,3,120,6,81.39,31.14,45,1800,18.5,21.5,185.2,272.8,165.3,251.7,60.0,65.0,20.0,35,18.0,30,17.5,33.5,18.0,33.0,4,12,4,12,ENE,NE,NNE,W,85.0,96,84,79,240,16836,"Moderate: 10,001-20,000"
3,Sankarapuram,ponmani,clay,75,37.5,wet,60,3,120,6,81.39,31.14,45,1800,18.1,21.9,185.6,272.4,166.1,250.9,60.2,64.8,20.5,32,17.5,28,18.0,34.0,16.5,35.0,10,12,10,12,SSE,W,SW,NW,72.7,91,83,81,300,17508,"Moderate: 10,001-20,000"
3,Chinnasalem,delux ponni,clay,75,37.5,dry,60,3,120,6,81.39,31.14,45,1800,18.1,21.9,185.6,272.4,166.1,250.9,60.2,64.8,18.0,31,15.5,34,15.0,33.0,15.0,31.5,6,6,8,10,E,ENE,NE,NNW,78.6,80,92,88,240,17169,"Moderate: 10,001-20,000"
3,Kurinjipadi,delux ponni,clay,75,37.5,dry,60,3,120,6,81.39,31.14,45,1800,19.6,20.4,187.2,270.8,167.0,250.0,61.0,64.0,19.5,34,18.5,35,17.0,32.5,16.0,30.5,10,4,10,6,NW,S,SE,SSE,64.6,85,84,87,240,17619,"Moderate: 10,001-20,000"
3,Panruti,ponmani,clay,75,37.5,dry,60,3,120,6,81.39,31.14,45,1800,18.5,21.5,185.2,272.8,165.3,251.7,60.0,65.0,20.0,35,18.0,30,17.5,33.5,18.0,33.0,4,12,4,12,ENE,NE,NNE,W,85.0,96,84,79,300,17748,"Moderate: 10,001-20,000"
3,Kallakurichi,ponmani,alluvial,75,37.5,dry,60,3,120,6,81.39,31.14,45,1800,18.5,21.5,185.2,272.8,165.3,251.7,60.0,65.0,19.0,33,17.0,32,16.5,31.5,15.5,32.5,8,6,8,6,W,WNW,SE,S,88.5,95,81,84,300,17169,"Moderate: 10,001-20,000"
3,Chinnasalem,ponmani,alluvial,75,37.5,dry,60,3,120,6,81.39,31.14,45,1800,18.1,21.9,185.6,272.4,166.1,250.9,60.2,64.8,18.0,31,15.5,34,15.0,33.0,15.0,31.5,6,6,8,10,E,ENE,NE,NNW,78.6,80,92,88,300,17619,"Moderate: 10,001-20,000"
3,Kurinjipadi,ponmani,alluvial,75,37.5,wet,60,3,120,6,81.39,31.14,45,1800,19.6,20.4,187.2,270.8,167.0,250.0,61.0,64.0,19.5,34,18.5,35,17.0,32.5,16.0,30.5,10,4,10,6,NW,S,SE,SSE,64.6,85,84,87,300,16581,"Moderate: 10,001-20,000"
3,Panruti,ponmani,alluvial,75,37.5,wet,60,3,120,6,81.39,31.14,45,1800,18.5,21.5,185.2,272.8,165.3,251.7,60.0,65.0,20.0,35,18.0,30,17.5,33.5,18.0,33.0,4,12,4,12,ENE,NE,NNE,W,85.0,96,84,79,300,16389,"Moderate: 10,001-20,000"
3,Kallakurichi,ponmani,alluvial,75,37.5,wet,60,3,120,6,81.39,31.14,45,1800,18.5,21.5,185.2,272.8,165.3,251.7,60.0,65.0,19.0,33,17.0,32,16.5,31.5,15.5,32.5,8,6,8,6,W,WNW,SE,S,88.5,95,81,84,300,17748,"Moderate: 10,001-20,000"
3,Sankarapuram,delux ponni,clay,75,37.5,wet,60,3,120,6,81.39,31.14,45,1800,18.1,21.9,185.6,272.4,166.1,250.9,60.2,64.8,20.5,32,17.5,28,18.0,34.0,16.5,35.0,10,12,10,12,SSE,W,SW,NW,72.7,91,83,81,240,17649,"Moderate: 10,001-20,000"
3,Chinnasalem,delux ponni,clay,75,37.5,wet,60,3,120,6,81.39,31.14,45,1800,18.1,21.9,185.6,272.4,166.1,250.9,60.2,64.8,18.0,31,15.5,34,15.0,33.0,15.0,31.5,6,6,8,10,E,ENE,NE,NNW,78.6,80,92,88,240,16476,"Moderate: 10,001-20,000"
3,Cuddalore,delux ponni,clay,75,37.5,wet,60,3,120,6,81.39,31.14,45,1800,19.6,20.4,187.2,270.8,167.0,250.0,61.0,64.0,18.5,34,16.0,30,15.5,31.0,16.0,33.0,4,10,8,10,SW,W,NNW,WSW,72.0,78,88,85,240,17169,"Moderate: 10,001-20,000"
3,Kurinjipadi,ponmani,clay,75,37.5,wet,60,3,120,6,81.39,31.14,45,1800,19.6,20.4,187.2,270.8,167.0,250.0,61.0,64.0,19.5,34,18.5,35,17.0,32.5,16.0,30.5,10,4,10,6,NW,S,SE,SSE,64.6,85,84,87,300,17565,"Moderate: 10,001-20,000"
3,Panruti,delux ponni,clay,75,37.5,wet,60,3,120,6,81.39,31.14,45,1800,18.5,21.5,185.2,272.8,165.3,251.7,60.0,65.0,20.0,35,18.0,30,17.5,33.5,18.0,33.0,4,12,4,12,ENE,NE,NNE,W,85.0,96,84,79,240,17748,"Moderate: 10,001-20,000"
3,Cuddalore,CO_43,alluvial,75,37.5,wet,60,3,120,6,81.39,31.14,45,1800,19.6,20.4,187.2,270.8,167.0,250.0,61.0,64.0,18.5,34,16.0,30,15.5,31.0,16.0,33.0,4,10,8,10,SW,W,NNW,WSW,72.0,78,88,85,270,17748,"Moderate: 10,001-20,000"
3,Panruti,delux ponni,alluvial,75,37.5,dry,60,3,120,6,81.39,31.14,45,1800,18.5,21.5,185.2,272.8,165.3,251.7,60.0,65.0,20.0,35,18.0,30,17.5,33.5,18.0,33.0,4,12,4,12,ENE,NE,NNE,W,85.0,96,84,79,240,17724,"Moderate: 10,001-20,000"
3,Kallakurichi,CO_43,alluvial,75,37.5,dry,60,3,120,6,81.39,31.14,45,1800,18.5,21.5,185.2,272.8,165.3,251.7,60.0,65.0,19.0,33,17.0,32,16.5,31.5,15.5,32.5,8,6,8,6,W,WNW,SE,S,88.5,95,81,84,270,16230,"Moderate: 10,001-20,000"
3,Chinnasalem,delux ponni,alluvial,75,37.5,dry,60,3,120,6,81.39,31.14,45,1800,18.1,21.9,185.6,272.4,166.1,250.9,60.2,64.8,18.0,31,15.5,34,15.0,33.0,15.0,31.5,6,6,8,10,E,ENE,NE,NNW,78.6,80,92,88,240,16836,"Moderate: 10,001-20,000"
3,Panruti,ponmani,clay,75,37.5,dry,60,3,120,6,81.39,31.14,45,1800,18.5,21.5,185.2,272.8,165.3,251.7,60.0,65.0,20.0,35,18.0,30,17.5,33.5,18.0,33.0,4,12,4,12,ENE,NE,NNE,W,85.0,96,84,79,300,16389,"Moderate: 10,001-20,000"
3,Kallakurichi,CO_43,clay,75,37.5,dry,60,3,120,6,81.39,31.14,45,1800,18.5,21.5,185.2,272.8,165.3,251.7,60.0,65.0,19.0,33,17.0,32,16.5,31.5,15.5,32.5,8,6,8,6,W,WNW,SE,S,88.5,95,81,84,270,17748,"Moderate: 10,001-20,000"
3,Sankarapuram,ponmani,clay,75,37.5,dry,60,3,120,6,81.39,31.14,45,1800,18.1,21.9,185.6,272.4,166.1,250.9,60.2,64.8,20.5,32,17.5,28,18.0,34.0,16.5,35.0,10,12,10,12,SSE,W,SW,NW,72.7,91,83,81,300,16359,"Moderate: 10,001-20,000"
3,Chinnasalem,delux ponni,clay,75,37.5,dry,60,3,120,6,81.39,31.14,45,1800,18.1,21.9,185.6,272.4,166.1,250.9,60.2,64.8,18.0,31,15.5,34,15.0,33.0,15.0,31.5,6,6,8,10,E,ENE,NE,NNW,78.6,80,92,88,240,17649,"Moderate: 10,001-20,000"
3,Kurinjipadi,ponmani,clay,75,37.5,dry,60,3,120,6,81.39,31.14,45,1800,19.6,20.4,187.2,270.8,167.0,250.0,61.0,64.0,19.5,34,18.5,35,17.0,32.5,16.0,30.5,10,4,10,6,NW,S,SE,SSE,64.6,85,84,87,300,17508,"Moderate: 10,001-20,000"
3,Panruti,delux ponni,clay,75,37.5,dry,60,3,120,6,81.39,31.14,45,1800,18.5,21.5,185.2,272.8,165.3,251.7,60.0,65.0,20.0,35,18.0,30,17.5,33.5,18.0,33.0,4,12,4,12,ENE,NE,NNE,W,85.0,96,84,79,240,17619,"Moderate: 10,001-20,000"
3,Sankarapuram,delux ponni,clay,75,37.5,wet,60,3,120,6,81.39,31.14,45,1800,18.1,21.9,185.6,272.4,166.1,250.9,60.2,64.8,20.5,32,17.5,28,18.0,34.0,16.5,35.0,10,12,10,12,SSE,W,SW,NW,72.7,91,83,81,240,16260,"Moderate: 10,001-20,000"
3,Chinnasalem,ponmani,alluvial,75,37.5,wet,60,3,120,6,81.39,31.14,45,1800,18.1,21.9,185.6,272.4,166.1,250.9,60.2,64.8,18.0,31,15.5,34,15.0,33.0,15.0,31.5,6,6,8,10,E,ENE,NE,NNW,78.6,80,92,88,300,16581,"Moderate: 10,001-20,000"
3,Chinnasalem,ponmani,alluvial,75,37.5,wet,60,3,120,6,81.39,31.14,45,1800,18.1,21.9,185.6,272.4,166.1,250.9,60.2,64.8,18.0,31,15.5,34,15.0,33.0,15.0,31.5,6,6,8,10,E,ENE,NE,NNW,78.6,80,92,88,300,17169,"Moderate: 10,001-20,000"
3,Chinnasalem,CO_43,clay,75,37.5,wet,60,3,120,6,81.39,31.14,45,1800,18.1,21.9,185.6,272.4,166.1,250.9,60.2,64.8,18.0,31,15.5,34,15.0,33.0,15.0,31.5,6,6,8,10,E,ENE,NE,NNW,78.6,80,92,88,270,17748,"Moderate: 10,001-20,000"
3,Kallakurichi,ponmani,alluvial,75,37.5,wet,60,3,120,6,81.39,31.14,45,1800,18.5,21.5,185.2,272.8,165.3,251.7,60.0,65.0,19.0,33,17.0,32,16.5,31.5,15.5,32.5,8,6,8,6,W,WNW,SE,S,88.5,95,81,84,300,17619,"Moderate: 10,001-20,000"
3,Kallakurichi,delux ponni,clay,75,37.5,wet,60,3,120,6,81.39,31.14,45,1800,18.5,21.5,185.2,272.8,165.3,251.7,60.0,65.0,19.0,33,17.0,32,16.5,31.5,15.5,32.5,8,6,8,6,W,WNW,SE,S,88.5,95,81,84,240,17169,"Moderate: 10,001-20,000"
3,Kallakurichi,delux ponni,clay,75,37.5,wet,60,3,120,6,81.39,31.14,45,1800,18.5,21.5,185.2,272.8,165.3,251.7,60.0,65.0,19.0,33,17.0,32,16.5,31.5,15.5,32.5,8,6,8,6,W,WNW,SE,S,88.5,95,81,84,240,17748,"Moderate: 10,001-20,000"
3,Panruti,ponmani,alluvial,75,37.5,wet,60,3,120,6,81.39,31.14,45,1800,18.5,21.5,185.2,272.8,165.3,251.7,60.0,65.0,20.0,35,18.0,30,17.5,33.5,18.0,33.0,4,12,4,12,ENE,NE,NNE,W,85.0,96,84,79,300,17169,"Moderate: 10,001-20,000"
3,Panruti,ponmani,clay,75,37.5,wet,60,3,120,6,81.39,31.14,45,1800,18.5,21.5,185.2,272.8,165.3,251.7,60.0,65.0,20.0,35,18.0,30,17.5,33.5,18.0,33.0,4,12,4,12,ENE,NE,NNE,W,85.0,96,84,79,300,17724,"Moderate: 10,001-20,000"
3,Panruti,ponmani,clay,75,37.5,wet,60,3,120,6,81.39,31.14,45,1800,18.5,21.5,185.2,272.8,165.3,251.7,60.0,65.0,20.0,35,18.0,30,17.5,33.5,18.0,33.0,4,12,4,12,ENE,NE,NNE,W,85.0,96,84,79,300,17589,"Moderate: 10,001-20,000"
3,Panruti,ponmani,alluvial,75,37.5,wet,60,3,120,6,81.39,31.14,45,1800,18.5,21.5,185.2,272.8,165.3,251.7,60.0,65.0,20.0,35,18.0,30,17.5,33.5,18.0,33.0,4,12,4,12,ENE,NE,NNE,W,85.0,96,84,79,300,17508,"Moderate: 10,001-20,000"
3,Cuddalore,ponmani,clay,75,37.5,wet,60,3,120,6,81.39,31.14,45,1800,19.6,20.4,187.2,270.8,167.0,250.0,61.0,64.0,18.5,34,16.0,30,15.5,31.0,16.0,33.0,4,10,8,10,SW,W,NNW,WSW,72.0,78,88,85,300,17508,"Moderate: 10,001-20,000"
3,Cuddalore,ponmani,clay,75,37.5,wet,60,3,120,6,81.39,31.14,45,1800,19.6,20.4,187.2,270.8,167.0,250.0,61.0,64.0,18.5,34,16.0,30,15.5,31.0,16.0,33.0,4,10,8,10,SW,W,NNW,WSW,72.0,78,88,85,300,16389,"Moderate: 10,001-20,000"
3,Cuddalore,delux ponni,clay,75,37.5,wet,60,3,120,6,81.39,31.14,45,1800,19.6,20.4,187.2,270.8,167.0,250.0,61.0,64.0,18.5,34,16.0,30,15.5,31.0,16.0,33.0,4,10,8,10,SW,W,NNW,WSW,72.0,78,88,85,240,17748,"Moderate: 10,001-20,000"
3,Cuddalore,ponmani,alluvial,75,37.5,dry,60,3,120,6,81.39,31.14,45,1800,19.6,20.4,187.2,270.8,167.0,250.0,61.0,64.0,18.5,34,16.0,30,15.5,31.0,16.0,33.0,4,10,8,10,SW,W,NNW,WSW,72.0,78,88,85,300,17169,"Moderate: 10,001-20,000"
3,Kurinjipadi,delux ponni,clay,75,37.5,dry,60,3,120,6,81.39,31.14,45,1800,19.6,20.4,187.2,270.8,167.0,250.0,61.0,64.0,19.5,34,18.5,35,17.0,32.5,16.0,30.5,10,4,10,6,NW,S,SE,SSE,64.6,85,84,87,240,17748,"Moderate: 10,001-20,000"
3,Kurinjipadi,delux ponni,clay,75,37.5,dry,60,3,120,6,81.39,31.14,45,1800,19.6,20.4,187.2,270.8,167.0,250.0,61.0,64.0,19.5,34,18.5,35,17.0,32.5,16.0,30.5,10,4,10,6,NW,S,SE,SSE,64.6,85,84,87,240,17649,"Moderate: 10,001-20,000"
3,Kurinjipadi,CO_43,alluvial,75,37.5,dry,60,3,120,6,81.39,31.14,45,1800,19.6,20.4,187.2,270.8,167.0,250.0,61.0,64.0,19.5,34,18.5,35,17.0,32.5,16.0,30.5,10,4,10,6,NW,S,SE,SSE,64.6,85,84,87,270,16476,"Moderate: 10,001-20,000"
3,Kurinjipadi,ponmani,clay,75,37.5,dry,60,3,120,6,81.39,31.14,45,1800,19.6,20.4,187.2,270.8,167.0,250.0,61.0,64.0,19.5,34,18.5,35,17.0,32.5,16.0,30.5,10,4,10,6,NW,S,SE,SSE,64.6,85,84,87,300,17169,"Moderate: 10,001-20,000"
3,Kurinjipadi,delux ponni,alluvial,75,37.5,dry,60,3,120,6,81.39,31.14,45,1800,19.6,20.4,187.2,270.8,167.0,250.0,61.0,64.0,19.5,34,18.5,35,17.0,32.5,16.0,30.5,10,4,10,6,NW,S,SE,SSE,64.6,85,84,87,240,17508,"Moderate: 10,001-20,000"
3,Kurinjipadi,CO_43,alluvial,75,37.5,dry,60,3,120,6,81.39,31.14,45,1800,19.6,20.4,187.2,270.8,167.0,250.0,61.0,64.0,19.5,34,18.5,35,17.0,32.5,16.0,30.5,10,4,10,6,NW,S,SE,SSE,64.6,85,84,87,270,17565,"Moderate: 10,001-20,000"
3,Kurinjipadi,delux ponni,alluvial,75,37.5,dry,60,3,120,6,81.39,31.14,45,1800,19.6,20.4,187.2,270.8,167.0,250.0,61.0,64.0,19.5,34,18.5,35,17.0,32.5,16.0,30.5,10,4,10,6,NW,S,SE,SSE,64.6,85,84,87,240,17169,"Moderate: 10,001-20,000"
3,Sankarapuram,CO_43,alluvial,75,37.5,dry,60,3,120,6,81.39,31.14,45,1800,18.1,21.9,185.6,272.4,166.1,250.9,60.2,64.8,20.5,32,17.5,28,18.0,34.0,16.5,35.0,10,12,10,12,SSE,W,SW,NW,72.7,91,83,81,270,17748,"Moderate: 10,001-20,000"
3,Sankarapuram,delux ponni,alluvial,75,37.5,dry,60,3,120,6,81.39,31.14,45,1800,18.1,21.9,185.6,272.4,166.1,250.9,60.2,64.8,20.5,32,17.5,28,18.0,34.0,16.5,35.0,10,12,10,12,SSE,W,SW,NW,72.7,91,83,81,240,17619,"Moderate: 10,001-20,000"
3,Sankarapuram,CO_43,clay,75,37.5,dry,60,3,120,6,81.39,31.14,45,1800,18.1,21.9,185.6,272.4,166.1,250.9,60.2,64.8,20.5,32,17.5,28,18.0,34.0,16.5,35.0,10,12,10,12,SSE,W,SW,NW,72.7,91,83,81,270,17724,"Moderate: 10,001-20,000"
3,Sankarapuram,ponmani,alluvial,75,37.5,dry,60,3,120,6,81.39,31.14,45,1800,18.1,21.9,185.6,272.4,166.1,250.9,60.2,64.8,20.5,32,17.5,28,18.0,34.0,16.5,35.0,10,12,10,12,SSE,W,SW,NW,72.7,91,83,81,300,16230,"Moderate: 10,001-20,000"
3,Sankarapuram,delux ponni,clay,75,37.5,dry,60,3,120,6,81.39,31.14,45,1800,18.1,21.9,185.6,272.4,166.1,250.9,60.2,64.8,20.5,32,17.5,28,18.0,34.0,16.5,35.0,10,12,10,12,SSE,W,SW,NW,72.7,91,83,81,240,17589,"Moderate: 10,001-20,000"
3,Sankarapuram,CO_43,clay,75,37.5,dry,60,3,120,6,81.39,31.14,45,1800,18.1,21.9,185.6,272.4,166.1,250.9,60.2,64.8,20.5,32,17.5,28,18.0,34.0,16.5,35.0,10,12,10,12,SSE,W,SW,NW,72.7,91,83,81,270,16836,"Moderate: 10,001-20,000"
3,Sankarapuram,CO_43,clay,75,37.5,dry,60,3,120,6,81.39,31.14,45,1800,18.1,21.9,185.6,272.4,166.1,250.9,60.2,64.8,20.5,32,17.5,28,18.0,34.0,16.5,35.0,10,12,10,12,SSE,W,SW,NW,72.7,91,83,81,270,17169,"Moderate: 10,001-20,000"
3,Sankarapuram,CO_43,alluvial,75,37.5,dry,60,3,120,6,81.39,31.14,45,1800,18.1,21.9,185.6,272.4,166.1,250.9,60.2,64.8,20.5,32,17.5,28,18.0,34.0,16.5,35.0,10,12,10,12,SSE,W,SW,NW,72.7,91,83,81,270,16389,"Moderate: 10,001-20,000"
3,Sankarapuram,ponmani,alluvial,75,37.5,dry,60,3,120,6,81.39,31.14,45,1800,18.1,21.9,185.6,272.4,166.1,250.9,60.2,64.8,20.5,32,17.5,28,18.0,34.0,16.5,35.0,10,12,10,12,SSE,W,SW,NW,72.7,91,83,81,300,16359,"Moderate: 10,001-20,000"
3,Sankarapuram,CO_43,alluvial,75,37.5,dry,60,3,120,6,81.39,31.14,45,1800,18.1,21.9,185.6,272.4,166.1,250.9,60.2,64.8,20.5,32,17.5,28,18.0,34.0,16.5,35.0,10,12,10,12,SSE,W,SW,NW,72.7,91,83,81,270,17619,"Moderate: 10,001-20,000"
3,Sankarapuram,delux ponni,alluvial,75,37.5,dry,60,3,120,6,81.39,31.14,45,1800,18.1,21.9,185.6,272.4,166.1,250.9,60.2,64.8,20.5,32,17.5,28,18.0,34.0,16.5,35.0,10,12,10,12,SSE,W,SW,NW,72.7,91,83,81,240,16260,"Moderate: 10,001-20,000"
3,Sankarapuram,CO_43,alluvial,75,37.5,dry,60,3,120,6,81.39,31.14,45,1800,18.1,21.9,185.6,272.4,166.1,250.9,60.2,64.8,20.5,32,17.5,28,18.0,34.0,16.5,35.0,10,12,10,12,SSE,W,SW,NW,72.7,91,83,81,270,17040,"Moderate: 10,001-20,000"
3,Cuddalore,ponmani,clay,75,37.5,dry,60,3,120,6,81.39,31.14,45,1800,19.6,20.4,187.2,270.8,167.0,250.0,61.0,64.0,18.5,34,16.0,30,15.5,31.0,16.0,33.0,4,10,8,10,SW,W,NNW,WSW,72.0,78,88,85,300,17619,"Moderate: 10,001-20,000"
3,Kurinjipadi,ponmani,alluvial,75,37.5,dry,60,3,120,6,81.39,31.14,45,1800,19.6,20.4,187.2,270.8,167.0,250.0,61.0,64.0,19.5,34,18.5,35,17.0,32.5,16.0,30.5,10,4,10,6,NW,S,SE,SSE,64.6,85,84,87,300,16476,"Moderate: 10,001-20,000"
3,Panruti,ponmani,clay,75,37.5,dry,60,3,120,6,81.39,31.14,45,1800,18.5,21.5,185.2,272.8,165.3,251.7,60.0,65.0,20.0,35,18.0,30,17.5,33.5,18.0,33.0,4,12,4,12,ENE,NE,NNE,W,85.0,96,84,79,300,17508,"Moderate: 10,001-20,000"
3,Chinnasalem,ponmani,clay,75,37.5,dry,60,3,120,6,81.39,31.14,45,1800,18.1,21.9,185.6,272.4,166.1,250.9,60.2,64.8,18.0,31,15.5,34,15.0,33.0,15.0,31.5,6,6,8,10,E,ENE,NE,NNW,78.6,80,92,88,300,17169,"Moderate: 10,001-20,000"
3,Cuddalore,ponmani,alluvial,75,37.5,dry,60,3,120,6,81.39,31.14,45,1800,19.6,20.4,187.2,270.8,167.0,250.0,61.0,64.0,18.5,34,16.0,30,15.5,31.0,16.0,33.0,4,10,8,10,SW,W,NNW,WSW,72.0,78,88,85,300,17508,"Moderate: 10,001-20,000"
3,Kurinjipadi,ponmani,clay,75,37.5,dry,60,3,120,6,81.39,31.14,45,1800,19.6,20.4,187.2,270.8,167.0,250.0,61.0,64.0,19.5,34,18.5,35,17.0,32.5,16.0,30.5,10,4,10,6,NW,S,SE,SSE,64.6,85,84,87,300,17748,"Moderate: 10,001-20,000"
3,Kallakurichi,delux ponni,clay,75,37.5,dry,60,3,120,6,81.39,31.14,45,1800,18.5,21.5,185.2,272.8,165.3,251.7,60.0,65.0,19.0,33,17.0,32,16.5,31.5,15.5,32.5,8,6,8,6,W,WNW,SE,S,88.5,95,81,84,240,17724,"Moderate: 10,001-20,000"
3,Sankarapuram,delux ponni,alluvial,75,37.5,dry,60,3,120,6,81.39,31.14,45,1800,18.1,21.9,185.6,272.4,166.1,250.9,60.2,64.8,20.5,32,17.5,28,18.0,34.0,16.5,35.0,10,12,10,12,SSE,W,SW,NW,72.7,91,83,81,240,16230,"Moderate: 10,001-20,000"
3,Chinnasalem,ponmani,alluvial,75,37.5,dry,60,3,120,6,81.39,31.14,45,1800,18.1,21.9,185.6,272.4,166.1,250.9,60.2,64.8,18.0,31,15.5,34,15.0,33.0,15.0,31.5,6,6,8,10,E,ENE,NE,NNW,78.6,80,92,88,300,17589,"Moderate: 10,001-20,000"
3,Cuddalore,delux ponni,clay,75,37.5,dry,60,3,120,6,81.39,31.14,45,1800,19.6,20.4,187.2,270.8,167.0,250.0,61.0,64.0,18.5,34,16.0,30,15.5,31.0,16.0,33.0,4,10,8,10,SW,W,NNW,WSW,72.0,78,88,85,240,16836,"Moderate: 10,001-20,000"
3,Kurinjipadi,CO_43,alluvial,75,37.5,dry,60,3,120,6,81.39,31.14,45,1800,19.6,20.4,187.2,270.8,167.0,250.0,61.0,64.0,19.5,34,18.5,35,17.0,32.5,16.0,30.5,10,4,10,6,NW,S,SE,SSE,64.6,85,84,87,270,17508,"Moderate: 10,001-20,000"
3,Panruti,delux ponni,clay,75,37.5,dry,60,3,120,6,81.39,31.14,45,1800,18.5,21.5,185.2,272.8,165.3,251.7,60.0,65.0,20.0,35,18.0,30,17.5,33.5,18.0,33.0,4,12,4,12,ENE,NE,NNE,W,85.0,96,84,79,240,17508,"Moderate: 10,001-20,000"
3,Chinnasalem,ponmani,alluvial,75,37.5,dry,60,3,120,6,81.39,31.14,45,1800,18.1,21.9,185.6,272.4,166.1,250.9,60.2,64.8,18.0,31,15.5,34,15.0,33.0,15.0,31.5,6,6,8,10,E,ENE,NE,NNW,78.6,80,92,88,300,16359,"Moderate: 10,001-20,000"
3,Cuddalore,delux ponni,clay,75,37.5,dry,60,3,120,6,81.39,31.14,45,1800,19.6,20.4,187.2,270.8,167.0,250.0,61.0,64.0,18.5,34,16.0,30,15.5,31.0,16.0,33.0,4,10,8,10,SW,W,NNW,WSW,72.0,78,88,85,240,17649,"Moderate: 10,001-20,000"
3,Kurinjipadi,CO_43,clay,75,37.5,dry,60,3,120,6,81.39,31.14,45,1800,19.6,20.4,187.2,270.8,167.0,250.0,61.0,64.0,19.5,34,18.5,35,17.0,32.5,16.0,30.5,10,4,10,6,NW,S,SE,SSE,64.6,85,84,87,270,17169,"Moderate: 10,001-20,000"
3,Kallakurichi,delux ponni,clay,75,37.5,dry,60,3,120,6,81.39,31.14,45,1800,18.5,21.5,185.2,272.8,165.3,251.7,60.0,65.0,19.0,33,17.0,32,16.5,31.5,15.5,32.5,8,6,8,6,W,WNW,SE,S,88.5,95,81,84,240,17619,"Moderate: 10,001-20,000"
3,Chinnasalem,delux ponni,clay,75,37.5,dry,60,3,120,6,81.39,31.14,45,1800,18.1,21.9,185.6,272.4,166.1,250.9,60.2,64.8,18.0,31,15.5,34,15.0,33.0,15.0,31.5,6,6,8,10,E,ENE,NE,NNW,78.6,80,92,88,240,16581,"Moderate: 10,001-20,000"
3,Cuddalore,ponmani,clay,75,37.5,dry,60,3,120,6,81.39,31.14,45,1800,19.6,20.4,187.2,270.8,167.0,250.0,61.0,64.0,18.5,34,16.0,30,15.5,31.0,16.0,33.0,4,10,8,10,SW,W,NNW,WSW,72.0,78,88,85,300,16389,"Moderate: 10,001-20,000"
3,Kurinjipadi,CO_43,alluvial,75,37.5,dry,60,3,120,6,81.39,31.14,45,1800,19.6,20.4,187.2,270.8,167.0,250.0,61.0,64.0,19.5,34,18.5,35,17.0,32.5,16.0,30.5,10,4,10,6,NW,S,SE,SSE,64.6,85,84,87,270,17748,"Moderate: 10,001-20,000"
3,Panruti,ponmani,clay,75,37.5,dry,60,3,120,6,81.39,31.14,45,1800,18.5,21.5,185.2,272.8,165.3,251.7,60.0,65.0,20.0,35,18.0,30,17.5,33.5,18.0,33.0,4,12,4,12,ENE,NE,NNE,W,85.0,96,84,79,300,16476,"Moderate: 10,001-20,000"
3,Kallakurichi,delux ponni,clay,75,37.5,dry,60,3,120,6,81.39,31.14,45,1800,18.5,21.5,185.2,272.8,165.3,251.7,60.0,65.0,19.0,33,17.0,32,16.5,31.5,15.5,32.5,8,6,8,6,W,WNW,SE,S,88.5,95,81,84,240,17565,"Moderate: 10,001-20,000"
3,Sankarapuram,CO_43,alluvial,75,37.5,dry,60,3,120,6,81.39,31.14,45,1800,18.1,21.9,185.6,272.4,166.1,250.9,60.2,64.8,20.5,32,17.5,28,18.0,34.0,16.5,35.0,10,12,10,12,SSE,W,SW,NW,72.7,91,83,81,270,17508,"Moderate: 10,001-20,000"
3,Cuddalore,delux ponni,clay,75,37.5,dry,60,3,120,6,81.39,31.14,45,1800,19.6,20.4,187.2,270.8,167.0,250.0,61.0,64.0,18.5,34,16.0,30,15.5,31.0,16.0,33.0,4,10,8,10,SW,W,NNW,WSW,72.0,78,88,85,240,17748,"Moderate: 10,001-20,000"
3,Kurinjipadi,CO_43,clay,75,37.5,dry,60,3,120,6,81.39,31.14,45,1800,19.6,20.4,187.2,270.8,167.0,250.0,61.0,64.0,19.5,34,18.5,35,17.0,32.5,16.0,30.5,10,4,10,6,NW,S,SE,SSE,64.6,85,84,87,270,17619,"Moderate: 10,001-20,000"
3,Chinnasalem,ponmani,alluvial,75,37.5,dry,60,3,120,6,81.39,31.14,45,1800,18.1,21.9,185.6,272.4,166.1,250.9,60.2,64.8,18.0,31,15.5,34,15.0,33.0,15.0,31.5,6,6,8,10,E,ENE,NE,NNW,78.6,80,92,88,300,17169,"Moderate: 10,001-20,000"
3,Cuddalore,delux ponni,alluvial,75,37.5,dry,60,3,120,6,81.39,31.14,45,1800,19.6,20.4,187.2,270.8,167.0,250.0,61.0,64.0,18.5,34,16.0,30,15.5,31.0,16.0,33.0,4,10,8,10,SW,W,NNW,WSW,72.0,78,88,85,240,17724,"Moderate: 10,001-20,000"
3,Kurinjipadi,CO_43,alluvial,75,37.5,dry,60,3,120,6,81.39,31.14,45,1800,19.6,20.4,187.2,270.8,167.0,250.0,61.0,64.0,19.5,34,18.5,35,17.0,32.5,16.0,30.5,10,4,10,6,NW,S,SE,SSE,64.6,85,84,87,270,17589,"Moderate: 10,001-20,000"
3,Panruti,ponmani,alluvial,75,37.5,dry,60,3,120,6,81.39,31.14,45,1800,18.5,21.5,185.2,272.8,165.3,251.7,60.0,65.0,20.0,35,18.0,30,17.5,33.5,18.0,33.0,4,12,4,12,ENE,NE,NNE,W,85.0,96,84,79,300,17508,"Moderate: 10,001-20,000"
3,Kallakurichi,delux ponni,alluvial,75,37.5,dry,60,3,120,6,81.39,31.14,45,1800,18.5,21.5,185.2,272.8,165.3,251.7,60.0,65.0,19.0,33,17.0,32,16.5,31.5,15.5,32.5,8,6,8,6,W,WNW,SE,S,88.5,95,81,84,240,17169,"Moderate: 10,001-20,000"
3,Panruti,ponmani,clay,75,37.5,dry,60,3,120,6,81.39,31.14,45,1800,18.5,21.5,185.2,272.8,165.3,251.7,60.0,65.0,20.0,35,18.0,30,17.5,33.5,18.0,33.0,4,12,4,12,ENE,NE,NNE,W,85.0,96,84,79,300,16359,"Moderate: 10,001-20,000"
3,Kallakurichi,delux ponni,alluvial,75,37.5,dry,60,3,120,6,81.39,31.14,45,1800,18.5,21.5,185.2,272.8,165.3,251.7,60.0,65.0,19.0,33,17.0,32,16.5,31.5,15.5,32.5,8,6,8,6,W,WNW,SE,S,88.5,95,81,84,240,16476,"Moderate: 10,001-20,000"
3,Cuddalore,delux ponni,clay,75,37.5,dry,60,3,120,6,81.39,31.14,45,1800,19.6,20.4,187.2,270.8,167.0,250.0,61.0,64.0,18.5,34,16.0,30,15.5,31.0,16.0,33.0,4,10,8,10,SW,W,NNW,WSW,72.0,78,88,85,240,17169,"Moderate: 10,001-20,000"
3,Sankarapuram,CO_43,clay,75,37.5,dry,60,3,120,6,81.39,31.14,45,1800,18.1,21.9,185.6,272.4,166.1,250.9,60.2,64.8,20.5,32,17.5,28,18.0,34.0,16.5,35.0,10,12,10,12,SSE,W,SW,NW,72.7,91,83,81,270,17508,"Moderate: 10,001-20,000"
3,Cuddalore,delux ponni,clay,75,37.5,dry,60,3,120,6,81.39,31.14,45,1800,19.6,20.4,187.2,270.8,167.0,250.0,61.0,64.0,18.5,34,16.0,30,15.5,31.0,16.0,33.0,4,10,8,10,SW,W,NNW,WSW,72.0,78,88,85,240,17589,"Moderate: 10,001-20,000"
3,Kurinjipadi,CO_43,clay,75,37.5,dry,60,3,120,6,81.39,31.14,45,1800,19.6,20.4,187.2,270.8,167.0,250.0,61.0,64.0,19.5,34,18.5,35,17.0,32.5,16.0,30.5,10,4,10,6,NW,S,SE,SSE,64.6,85,84,87,270,16836,"Moderate: 10,001-20,000"
3,Kallakurichi,delux ponni,clay,75,37.5,dry,60,3,120,6,81.39,31.14,45,1800,18.5,21.5,185.2,272.8,165.3,251.7,60.0,65.0,19.0,33,17.0,32,16.5,31.5,15.5,32.5,8,6,8,6,W,WNW,SE,S,88.5,95,81,84,240,17508,"Moderate: 10,001-20,000"
3,Chinnasalem,delux ponni,alluvial,75,37.5,dry,60,3,120,6,81.39,31.14,45,1800,18.1,21.9,185.6,272.4,166.1,250.9,60.2,64.8,18.0,31,15.5,34,15.0,33.0,15.0,31.5,6,6,8,10,E,ENE,NE,NNW,78.6,80,92,88,240,17508,"Moderate: 10,001-20,000"
3,Kurinjipadi,CO_43,alluvial,75,37.5,dry,60,3,120,6,81.39,31.14,45,1800,19.6,20.4,187.2,270.8,167.0,250.0,61.0,64.0,19.5,34,18.5,35,17.0,32.5,16.0,30.5,10,4,10,6,NW,S,SE,SSE,64.6,85,84,87,270,16389,"Moderate: 10,001-20,000"
3,Kallakurichi,delux ponni,alluvial,75,37.5,dry,60,3,120,6,81.39,31.14,45,1800,18.5,21.5,185.2,272.8,165.3,251.7,60.0,65.0,19.0,33,17.0,32,16.5,31.5,15.5,32.5,8,6,8,6,W,WNW,SE,S,88.5,95,81,84,240,16359,"Moderate: 10,001-20,000"
3,Sankarapuram,CO_43,alluvial,75,37.5,dry,60,3,120,6,81.39,31.14,45,1800,18.1,21.9,185.6,272.4,166.1,250.9,60.2,64.8,20.5,32,17.5,28,18.0,34.0,16.5,35.0,10,12,10,12,SSE,W,SW,NW,72.7,91,83,81,270,17169,"Moderate: 10,001-20,000"
3,Cuddalore,delux ponni,alluvial,75,37.5,dry,60,3,120,6,81.39,31.14,45,1800,19.6,20.4,187.2,270.8,167.0,250.0,61.0,64.0,18.5,34,16.0,30,15.5,31.0,16.0,33.0,4,10,8,10,SW,W,NNW,WSW,72.0,78,88,85,240,16581,"Moderate: 10,001-20,000"
3,Kurinjipadi,CO_43,clay,75,37.5,dry,60,3,120,6,81.39,31.14,45,1800,19.6,20.4,187.2,270.8,167.0,250.0,61.0,64.0,19.5,34,18.5,35,17.0,32.5,16.0,30.5,10,4,10,6,NW,S,SE,SSE,64.6,85,84,87,270,16389,"Moderate: 10,001-20,000"
3,Sankarapuram,CO_43,alluvial,75,37.5,dry,60,3,120,6,81.39,31.14,45,1800,18.1,21.9,185.6,272.4,166.1,250.9,60.2,64.8,20.5,32,17.5,28,18.0,34.0,16.5,35.0,10,12,10,12,SSE,W,SW,NW,72.7,91,83,81,270,16476,"Moderate: 10,001-20,000"
3,Cuddalore,delux ponni,clay,75,37.5,dry,60,3,120,6,81.39,31.14,45,1800,19.6,20.4,187.2,270.8,167.0,250.0,61.0,64.0,18.5,34,16.0,30,15.5,31.0,16.0,33.0,4,10,8,10,SW,W,NNW,WSW,72.0,78,88,85,240,17508,"Moderate: 10,001-20,000"
3,Sankarapuram,CO_43,alluvial,75,37.5,wet,60,3,120,6,81.39,31.14,45,1800,18.1,21.9,185.6,272.4,166.1,250.9,60.2,64.8,20.5,32,17.5,28,18.0,34.0,16.5,35.0,10,12,10,12,SSE,W,SW,NW,72.7,91,83,81,270,17508,"Moderate: 10,001-20,000"
3,Chinnasalem,delux ponni,clay,75,37.5,wet,60,3,120,6,81.39,31.14,45,1800,18.1,21.9,185.6,272.4,166.1,250.9,60.2,64.8,18.0,31,15.5,34,15.0,33.0,15.0,31.5,6,6,8,10,E,ENE,NE,NNW,78.6,80,92,88,240,17748,"Moderate: 10,001-20,000"
3,Kurinjipadi,ponmani,clay,75,37.5,wet,60,3,120,6,81.39,31.14,45,1800,19.6,20.4,187.2,270.8,167.0,250.0,61.0,64.0,19.5,34,18.5,35,17.0,32.5,16.0,30.5,10,4,10,6,NW,S,SE,SSE,64.6,85,84,87,300,17724,"Moderate: 10,001-20,000"
3,Panruti,ponmani,clay,75,37.5,wet,60,3,120,6,81.39,31.14,45,1800,18.5,21.5,185.2,272.8,165.3,251.7,60.0,65.0,20.0,35,18.0,30,17.5,33.5,18.0,33.0,4,12,4,12,ENE,NE,NNE,W,85.0,96,84,79,300,16230,"Moderate: 10,001-20,000"
3,Kallakurichi,ponmani,alluvial,75,37.5,wet,60,3,120,6,81.39,31.14,45,1800,18.5,21.5,185.2,272.8,165.3,251.7,60.0,65.0,19.0,33,17.0,32,16.5,31.5,15.5,32.5,8,6,8,6,W,WNW,SE,S,88.5,95,81,84,300,17589,"Moderate: 10,001-20,000"
3,Sankarapuram,CO_43,clay,75,37.5,wet,60,3,120,6,81.39,31.14,45,1800,18.1,21.9,185.6,272.4,166.1,250.9,60.2,64.8,20.5,32,17.5,28,18.0,34.0,16.5,35.0,10,12,10,12,SSE,W,SW,NW,72.7,91,83,81,270,16836,"Moderate: 10,001-20,000"
3,Chinnasalem,ponmani,alluvial,75,37.5,wet,60,3,120,6,81.39,31.14,45,1800,18.1,21.9,185.6,272.4,166.1,250.9,60.2,64.8,18.0,31,15.5,34,15.0,33.0,15.0,31.5,6,6,8,10,E,ENE,NE,NNW,78.6,80,92,88,300,17508,"Moderate: 10,001-20,000"
3,Panruti,delux ponni,alluvial,75,37.5,wet,60,3,120,6,81.39,31.14,45,1800,18.5,21.5,185.2,272.8,165.3,251.7,60.0,65.0,20.0,35,18.0,30,17.5,33.5,18.0,33.0,4,12,4,12,ENE,NE,NNE,W,85.0,96,84,79,240,17619,"Moderate: 10,001-20,000"
3,Kallakurichi,delux ponni,clay,75,37.5,wet,60,3,120,6,81.39,31.14,45,1800,18.5,21.5,185.2,272.8,165.3,251.7,60.0,65.0,19.0,33,17.0,32,16.5,31.5,15.5,32.5,8,6,8,6,W,WNW,SE,S,88.5,95,81,84,240,16359,"Moderate: 10,001-20,000"
3,Sankarapuram,delux ponni,alluvial,75,37.5,wet,60,3,120,6,81.39,31.14,45,1800,18.1,21.9,185.6,272.4,166.1,250.9,60.2,64.8,20.5,32,17.5,28,18.0,34.0,16.5,35.0,10,12,10,12,SSE,W,SW,NW,72.7,91,83,81,240,17649,"Moderate: 10,001-20,000"
3,Cuddalore,delux ponni,clay,75,37.5,wet,60,3,120,6,81.39,31.14,45,1800,19.6,20.4,187.2,270.8,167.0,250.0,61.0,64.0,18.5,34,16.0,30,15.5,31.0,16.0,33.0,4,10,8,10,SW,W,NNW,WSW,72.0,78,88,85,240,17508,"Moderate: 10,001-20,000"
3,Kallakurichi,delux ponni,alluvial,75,37.5,wet,60,3,120,6,81.39,31.14,45,1800,18.5,21.5,185.2,272.8,165.3,251.7,60.0,65.0,19.0,33,17.0,32,16.5,31.5,15.5,32.5,8,6,8,6,W,WNW,SE,S,88.5,95,81,84,240,16260,"Moderate: 10,001-20,000"
3,Sankarapuram,CO_43,alluvial,75,37.5,wet,60,3,120,6,81.39,31.14,45,1800,18.1,21.9,185.6,272.4,166.1,250.9,60.2,64.8,20.5,32,17.5,28,18.0,34.0,16.5,35.0,10,12,10,12,SSE,W,SW,NW,72.7,91,83,81,270,17040,"Moderate: 10,001-20,000"
3,Chinnasalem,ponmani,clay,75,37.5,wet,60,3,120,6,81.39,31.14,45,1800,18.1,21.9,185.6,272.4,166.1,250.9,60.2,64.8,18.0,31,15.5,34,15.0,33.0,15.0,31.5,6,6,8,10,E,ENE,NE,NNW,78.6,80,92,88,300,16581,"Moderate: 10,001-20,000"
3,Cuddalore,delux ponni,alluvial,75,37.5,wet,60,3,120,6,81.39,31.14,45,1800,19.6,20.4,187.2,270.8,167.0,250.0,61.0,64.0,18.5,34,16.0,30,15.5,31.0,16.0,33.0,4,10,8,10,SW,W,NNW,WSW,72.0,78,88,85,240,17619,"Moderate: 10,001-20,000"
3,Kurinjipadi,CO_43,clay,75,37.5,wet,60,3,120,6,81.39,31.14,45,1800,19.6,20.4,187.2,270.8,167.0,250.0,61.0,64.0,19.5,34,18.5,35,17.0,32.5,16.0,30.5,10,4,10,6,NW,S,SE,SSE,64.6,85,84,87,270,17508,"Moderate: 10,001-20,000"
3,Panruti,ponmani,clay,75,37.5,dry,60,3,120,6,81.39,31.14,45,1800,18.5,21.5,185.2,272.8,165.3,251.7,60.0,65.0,20.0,35,18.0,30,17.5,33.5,18.0,33.0,4,12,4,12,ENE,NE,NNE,W,85.0,96,84,79,300,17169,"Moderate: 10,001-20,000"
3,Kallakurichi,delux ponni,alluvial,75,37.5,dry,60,3,120,6,81.39,31.14,45,1800,18.5,21.5,185.2,272.8,165.3,251.7,60.0,65.0,19.0,33,17.0,32,16.5,31.5,15.5,32.5,8,6,8,6,W,WNW,SE,S,88.5,95,81,84,240,17748,"Moderate: 10,001-20,000"
3,Sankarapuram,CO_43,clay,75,37.5,dry,60,3,120,6,81.39,31.14,45,1800,18.1,21.9,185.6,272.4,166.1,250.9,60.2,64.8,20.5,32,17.5,28,18.0,34.0,16.5,35.0,10,12,10,12,SSE,W,SW,NW,72.7,91,83,81,270,17619,"Moderate: 10,001-20,000"
3,Cuddalore,ponmani,clay,75,37.5,dry,60,3,120,6,81.39,31.14,45,1800,19.6,20.4,187.2,270.8,167.0,250.0,61.0,64.0,18.5,34,16.0,30,15.5,31.0,16.0,33.0,4,10,8,10,SW,W,NNW,WSW,72.0,78,88,85,300,17508,"Moderate: 10,001-20,000"
3,Kallakurichi,delux ponni,alluvial,75,37.5,dry,60,3,120,6,81.39,31.14,45,1800,18.5,21.5,185.2,272.8,165.3,251.7,60.0,65.0,19.0,33,17.0,32,16.5,31.5,15.5,32.5,8,6,8,6,W,WNW,SE,S,88.5,95,81,84,240,17724,"Moderate: 10,001-20,000"
3,Sankarapuram,CO_43,clay,75,37.5,dry,60,3,120,6,81.39,31.14,45,1800,18.1,21.9,185.6,272.4,166.1,250.9,60.2,64.8,20.5,32,17.5,28,18.0,34.0,16.5,35.0,10,12,10,12,SSE,W,SW,NW,72.7,91,83,81,270,16230,"Moderate: 10,001-20,000"
3,Kallakurichi,ponmani,clay,75,37.5,dry,60,3,120,6,81.39,31.14,45,1800,18.5,21.5,185.2,272.8,165.3,251.7,60.0,65.0,19.0,33,17.0,32,16.5,31.5,15.5,32.5,8,6,8,6,W,WNW,SE,S,88.5,95,81,84,300,16389,"Moderate: 10,001-20,000"
3,Kurinjipadi,CO_43,alluvial,75,37.5,dry,60,3,120,6,81.39,31.14,45,1800,19.6,20.4,187.2,270.8,167.0,250.0,61.0,64.0,19.5,34,18.5,35,17.0,32.5,16.0,30.5,10,4,10,6,NW,S,SE,SSE,64.6,85,84,87,270,17169,"Moderate: 10,001-20,000"
3,Panruti,ponmani,clay,75,37.5,wet,60,3,120,6,81.39,31.14,45,1800,18.5,21.5,185.2,272.8,165.3,251.7,60.0,65.0,20.0,35,18.0,30,17.5,33.5,18.0,33.0,4,12,4,12,ENE,NE,NNE,W,85.0,96,84,79,300,17508,"Moderate: 10,001-20,000"
3,Sankarapuram,CO_43,alluvial,75,37.5,wet,60,3,120,6,81.39,31.14,45,1800,18.1,21.9,185.6,272.4,166.1,250.9,60.2,64.8,20.5,32,17.5,28,18.0,34.0,16.5,35.0,10,12,10,12,SSE,W,SW,NW,72.7,91,83,81,270,17619,"Moderate: 10,001-20,000"
3,Chinnasalem,delux ponni,clay,75,37.5,wet,60,3,120,6,81.39,31.14,45,1800,18.1,21.9,185.6,272.4,166.1,250.9,60.2,64.8,18.0,31,15.5,34,15.0,33.0,15.0,31.5,6,6,8,10,E,ENE,NE,NNW,78.6,80,92,88,240,16389,"Moderate: 10,001-20,000"
3,Cuddalore,ponmani,alluvial,75,37.5,wet,60,3,120,6,81.39,31.14,45,1800,19.6,20.4,187.2,270.8,167.0,250.0,61.0,64.0,18.5,34,16.0,30,15.5,31.0,16.0,33.0,4,10,8,10,SW,W,NNW,WSW,72.0,78,88,85,300,16476,"Moderate: 10,001-20,000"
3,Kallakurichi,ponmani,alluvial,75,37.5,wet,60,3,120,6,81.39,31.14,45,1800,18.5,21.5,185.2,272.8,165.3,251.7,60.0,65.0,19.0,33,17.0,32,16.5,31.5,15.5,32.5,8,6,8,6,W,WNW,SE,S,88.5,95,81,84,300,17565,"Moderate: 10,001-20,000"
3,Sankarapuram,CO_43,clay,75,37.5,wet,60,3,120,6,81.39,31.14,45,1800,18.1,21.9,185.6,272.4,166.1,250.9,60.2,64.8,20.5,32,17.5,28,18.0,34.0,16.5,35.0,10,12,10,12,SSE,W,SW,NW,72.7,91,83,81,270,17508,"Moderate: 10,001-20,000"
3,Cuddalore,ponmani,clay,75,37.5,wet,60,3,120,6,81.39,31.14,45,1800,19.6,20.4,187.2,270.8,167.0,250.0,61.0,64.0,18.5,34,16.0,30,15.5,31.0,16.0,33.0,4,10,8,10,SW,W,NNW,WSW,72.0,78,88,85,300,17748,"Moderate: 10,001-20,000"
3,Kurinjipadi,ponmani,alluvial,75,37.5,wet,60,3,120,6,81.39,31.14,45,1800,19.6,20.4,187.2,270.8,167.0,250.0,61.0,64.0,19.5,34,18.5,35,17.0,32.5,16.0,30.5,10,4,10,6,NW,S,SE,SSE,64.6,85,84,87,300,17619,"Moderate: 10,001-20,000"
3,Kallakurichi,delux ponni,alluvial,75,37.5,wet,60,3,120,6,81.39,31.14,45,1800,18.5,21.5,185.2,272.8,165.3,251.7,60.0,65.0,19.0,33,17.0,32,16.5,31.5,15.5,32.5,8,6,8,6,W,WNW,SE,S,88.5,95,81,84,240,17508,"Moderate: 10,001-20,000"
3,Chinnasalem,ponmani,clay,75,37.5,wet,60,3,120,6,81.39,31.14,45,1800,18.1,21.9,185.6,272.4,166.1,250.9,60.2,64.8,18.0,31,15.5,34,15.0,33.0,15.0,31.5,6,6,8,10,E,ENE,NE,NNW,78.6,80,92,88,300,17589,"Moderate: 10,001-20,000"
3,Cuddalore,delux ponni,clay,75,37.5,wet,60,3,120,6,81.39,31.14,45,1800,19.6,20.4,187.2,270.8,167.0,250.0,61.0,64.0,18.5,34,16.0,30,15.5,31.0,16.0,33.0,4,10,8,10,SW,W,NNW,WSW,72.0,78,88,85,240,16836,"Moderate: 10,001-20,000"
2,Panruti,delux ponni,alluvial,50,25.0,wet,40,2,80,4,54.26,20.76,30,1200,18.5,21.5,185.2,272.8,165.3,251.7,60.0,65.0,20.0,35,18.0,30,17.5,33.5,18.0,33.0,4,12,4,12,ENE,NE,NNE,W,85.0,96,84,79,160,11672,"Moderate: 10,001-20,000"
2,Kallakurichi,delux ponni,clay,50,25.0,wet,40,2,80,4,54.26,20.76,30,1200,18.5,21.5,185.2,272.8,165.3,251.7,60.0,65.0,19.0,33,17.0,32,16.5,31.5,15.5,32.5,8,6,8,6,W,WNW,SE,S,88.5,95,81,84,160,11446,"Moderate: 10,001-20,000"
2,Sankarapuram,CO_43,clay,50,25.0,wet,40,2,80,4,54.26,20.76,30,1200,18.1,21.9,185.6,272.4,166.1,250.9,60.2,64.8,20.5,32,17.5,28,18.0,34.0,16.5,35.0,10,12,10,12,SSE,W,SW,NW,72.7,91,83,81,180,11672,"Moderate: 10,001-20,000"
2,Chinnasalem,ponmani,alluvial,50,25.0,wet,40,2,80,4,54.26,20.76,30,1200,18.1,21.9,185.6,272.4,166.1,250.9,60.2,64.8,18.0,31,15.5,34,15.0,33.0,15.0,31.5,6,6,8,10,E,ENE,NE,NNW,78.6,80,92,88,200,11746,"Moderate: 10,001-20,000"
2,Cuddalore,delux ponni,clay,50,25.0,wet,40,2,80,4,54.26,20.76,30,1200,19.6,20.4,187.2,270.8,167.0,250.0,61.0,64.0,18.5,34,16.0,30,15.5,31.0,16.0,33.0,4,10,8,10,SW,W,NNW,WSW,72.0,78,88,85,160,10926,"Moderate: 10,001-20,000"
2,Kurinjipadi,CO_43,clay,50,25.0,wet,40,2,80,4,54.26,20.76,30,1200,19.6,20.4,187.2,270.8,167.0,250.0,61.0,64.0,19.5,34,18.5,35,17.0,32.5,16.0,30.5,10,4,10,6,NW,S,SE,SSE,64.6,85,84,87,180,11832,"Moderate: 10,001-20,000"
2,Panruti,ponmani,alluvial,50,25.0,wet,40,2,80,4,54.26,20.76,30,1200,18.5,21.5,185.2,272.8,165.3,251.7,60.0,65.0,20.0,35,18.0,30,17.5,33.5,18.0,33.0,4,12,4,12,ENE,NE,NNE,W,85.0,96,84,79,200,10906,"Moderate: 10,001-20,000"
2,Sankarapuram,CO_43,clay,50,25.0,wet,40,2,80,4,54.26,20.76,30,1200,18.1,21.9,185.6,272.4,166.1,250.9,60.2,64.8,20.5,32,17.5,28,18.0,34.0,16.5,35.0,10,12,10,12,SSE,W,SW,NW,72.7,91,83,81,180,11746,"Moderate: 10,001-20,000"
2,Chinnasalem,delux ponni,clay,50,25.0,wet,40,2,80,4,54.26,20.76,30,1200,18.1,21.9,185.6,272.4,166.1,250.9,60.2,64.8,18.0,31,15.5,34,15.0,33.0,15.0,31.5,6,6,8,10,E,ENE,NE,NNW,78.6,80,92,88,160,10840,"Moderate: 10,001-20,000"
2,Chinnasalem,ponmani,alluvial,50,25.0,wet,40,2,80,4,54.26,20.76,30,1200,18.1,21.9,185.6,272.4,166.1,250.9,60.2,64.8,18.0,31,15.5,34,15.0,33.0,15.0,31.5,6,6,8,10,E,ENE,NE,NNW,78.6,80,92,88,200,11360,"Moderate: 10,001-20,000"
2,Chinnasalem,CO_43,clay,50,25.0,wet,40,2,80,4,54.26,20.76,30,1200,18.1,21.9,185.6,272.4,166.1,250.9,60.2,64.8,18.0,31,15.5,34,15.0,33.0,15.0,31.5,6,6,8,10,E,ENE,NE,NNW,78.6,80,92,88,180,11054,"Moderate: 10,001-20,000"
2,Chinnasalem,ponmani,clay,50,25.0,wet,40,2,80,4,54.26,20.76,30,1200,18.1,21.9,185.6,272.4,166.1,250.9,60.2,64.8,18.0,31,15.5,34,15.0,33.0,15.0,31.5,6,6,8,10,E,ENE,NE,NNW,78.6,80,92,88,200,11746,"Moderate: 10,001-20,000"
2,Chinnasalem,delux ponni,alluvial,50,25.0,wet,40,2,80,4,54.26,20.76,30,1200,18.1,21.9,185.6,272.4,166.1,250.9,60.2,64.8,18.0,31,15.5,34,15.0,33.0,15.0,31.5,6,6,8,10,E,ENE,NE,NNW,78.6,80,92,88,160,10984,"Moderate: 10,001-20,000"
2,Kallakurichi,CO_43,alluvial,50,25.0,dry,40,2,80,4,54.26,20.76,30,1200,18.5,21.5,185.2,272.8,165.3,251.7,60.0,65.0,19.0,33,17.0,32,16.5,31.5,15.5,32.5,8,6,8,6,W,WNW,SE,S,88.5,95,81,84,180,11672,"Moderate: 10,001-20,000"
2,Kallakurichi,ponmani,alluvial,50,25.0,dry,40,2,80,4,54.26,20.76,30,1200,18.5,21.5,185.2,272.8,165.3,251.7,60.0,65.0,19.0,33,17.0,32,16.5,31.5,15.5,32.5,8,6,8,6,W,WNW,SE,S,88.5,95,81,84,200,11446,"Moderate: 10,001-20,000"
2,Kallakurichi,delux ponni,alluvial,50,25.0,dry,40,2,80,4,54.26,20.76,30,1200,18.5,21.5,185.2,272.8,165.3,251.7,60.0,65.0,19.0,33,17.0,32,16.5,31.5,15.5,32.5,8,6,8,6,W,WNW,SE,S,88.5,95,81,84,160,11446,"Moderate: 10,001-20,000"
2,Kallakurichi,CO_43,alluvial,50,25.0,dry,40,2,80,4,54.26,20.76,30,1200,18.5,21.5,185.2,272.8,165.3,251.7,60.0,65.0,19.0,33,17.0,32,16.5,31.5,15.5,32.5,8,6,8,6,W,WNW,SE,S,88.5,95,81,84,180,11832,"Moderate: 10,001-20,000"
2,Panruti,delux ponni,alluvial,50,25.0,dry,40,2,80,4,54.26,20.76,30,1200,18.5,21.5,185.2,272.8,165.3,251.7,60.0,65.0,20.0,35,18.0,30,17.5,33.5,18.0,33.0,4,12,4,12,ENE,NE,NNE,W,85.0,96,84,79,160,11446,"Moderate: 10,001-20,000"
2,Panruti,ponmani,alluvial,50,25.0,dry,40,2,80,4,54.26,20.76,30,1200,18.5,21.5,185.2,272.8,165.3,251.7,60.0,65.0,20.0,35,18.0,30,17.5,33.5,18.0,33.0,4,12,4,12,ENE,NE,NNE,W,85.0,96,84,79,200,11446,"Moderate: 10,001-20,000"
2,Panruti,CO_43,clay,50,25.0,dry,40,2,80,4,54.26,20.76,30,1200,18.5,21.5,185.2,272.8,165.3,251.7,60.0,65.0,20.0,35,18.0,30,17.5,33.5,18.0,33.0,4,12,4,12,ENE,NE,NNE,W,85.0,96,84,79,180,11816,"Moderate: 10,001-20,000"
2,Panruti,ponmani,clay,50,25.0,dry,40,2,80,4,54.26,20.76,30,1200,18.5,21.5,185.2,272.8,165.3,251.7,60.0,65.0,20.0,35,18.0,30,17.5,33.5,18.0,33.0,4,12,4,12,ENE,NE,NNE,W,85.0,96,84,79,200,10820,"Moderate: 10,001-20,000"
2,Panruti,delux ponni,clay,50,25.0,dry,40,2,80,4,54.26,20.76,30,1200,18.5,21.5,185.2,272.8,165.3,251.7,60.0,65.0,20.0,35,18.0,30,17.5,33.5,18.0,33.0,4,12,4,12,ENE,NE,NNE,W,85.0,96,84,79,160,11726,"Moderate: 10,001-20,000"
2,Cuddalore,CO_43,clay,50,25.0,dry,40,2,80,4,54.26,20.76,30,1200,19.6,20.4,187.2,270.8,167.0,250.0,61.0,64.0,18.5,34,16.0,30,15.5,31.0,16.0,33.0,4,10,8,10,SW,W,NNW,WSW,72.0,78,88,85,180,11224,"Moderate: 10,001-20,000"
2,Cuddalore,ponmani,clay,50,25.0,dry,40,2,80,4,54.26,20.76,30,1200,19.6,20.4,187.2,270.8,167.0,250.0,61.0,64.0,18.5,34,16.0,30,15.5,31.0,16.0,33.0,4,10,8,10,SW,W,NNW,WSW,72.0,78,88,85,200,11672,"Moderate: 10,001-20,000"
2,Cuddalore,delux ponni,clay,50,25.0,dry,40,2,80,4,54.26,20.76,30,1200,19.6,20.4,187.2,270.8,167.0,250.0,61.0,64.0,18.5,34,16.0,30,15.5,31.0,16.0,33.0,4,10,8,10,SW,W,NNW,WSW,72.0,78,88,85,160,11672,"Moderate: 10,001-20,000"
2,Cuddalore,CO_43,clay,50,25.0,dry,40,2,80,4,54.26,20.76,30,1200,19.6,20.4,187.2,270.8,167.0,250.0,61.0,64.0,18.5,34,16.0,30,15.5,31.0,16.0,33.0,4,10,8,10,SW,W,NNW,WSW,72.0,78,88,85,180,11446,"Moderate: 10,001-20,000"
2,Cuddalore,ponmani,alluvial,50,25.0,dry,40,2,80,4,54.26,20.76,30,1200,19.6,20.4,187.2,270.8,167.0,250.0,61.0,64.0,18.5,34,16.0,30,15.5,31.0,16.0,33.0,4,10,8,10,SW,W,NNW,WSW,72.0,78,88,85,200,11746,"Moderate: 10,001-20,000"
2,Cuddalore,ponmani,alluvial,50,25.0,dry,40,2,80,4,54.26,20.76,30,1200,19.6,20.4,187.2,270.8,167.0,250.0,61.0,64.0,18.5,34,16.0,30,15.5,31.0,16.0,33.0,4,10,8,10,SW,W,NNW,WSW,72.0,78,88,85,200,11832,"Moderate: 10,001-20,000"
2,Kurinjipadi,ponmani,alluvial,50,25.0,dry,40,2,80,4,54.26,20.76,30,1200,19.6,20.4,187.2,270.8,167.0,250.0,61.0,64.0,19.5,34,18.5,35,17.0,32.5,16.0,30.5,10,4,10,6,NW,S,SE,SSE,64.6,85,84,87,200,11446,"Moderate: 10,001-20,000"
2,Kurinjipadi,ponmani,alluvial,50,25.0,dry,40,2,80,4,54.26,20.76,30,1200,19.6,20.4,187.2,270.8,167.0,250.0,61.0,64.0,19.5,34,18.5,35,17.0,32.5,16.0,30.5,10,4,10,6,NW,S,SE,SSE,64.6,85,84,87,200,11672,"Moderate: 10,001-20,000"
2,Kurinjipadi,CO_43,alluvial,50,25.0,dry,40,2,80,4,54.26,20.76,30,1200,19.6,20.4,187.2,270.8,167.0,250.0,61.0,64.0,19.5,34,18.5,35,17.0,32.5,16.0,30.5,10,4,10,6,NW,S,SE,SSE,64.6,85,84,87,180,11746,"Moderate: 10,001-20,000"
2,Kurinjipadi,ponmani,alluvial,50,25.0,dry,40,2,80,4,54.26,20.76,30,1200,19.6,20.4,187.2,270.8,167.0,250.0,61.0,64.0,19.5,34,18.5,35,17.0,32.5,16.0,30.5,10,4,10,6,NW,S,SE,SSE,64.6,85,84,87,200,11746,"Moderate: 10,001-20,000"
2,Kurinjipadi,ponmani,alluvial,50,25.0,dry,40,2,80,4,54.26,20.76,30,1200,19.6,20.4,187.2,270.8,167.0,250.0,61.0,64.0,19.5,34,18.5,35,17.0,32.5,16.0,30.5,10,4,10,6,NW,S,SE,SSE,64.6,85,84,87,200,11054,"Moderate: 10,001-20,000"
2,Kurinjipadi,ponmani,alluvial,50,25.0,dry,40,2,80,4,54.26,20.76,30,1200,19.6,20.4,187.2,270.8,167.0,250.0,61.0,64.0,19.5,34,18.5,35,17.0,32.5,16.0,30.5,10,4,10,6,NW,S,SE,SSE,64.6,85,84,87,200,10926,"Moderate: 10,001-20,000"
2,Kurinjipadi,delux ponni,clay,50,25.0,dry,40,2,80,4,54.26,20.76,30,1200,19.6,20.4,187.2,270.8,167.0,250.0,61.0,64.0,19.5,34,18.5,35,17.0,32.5,16.0,30.5,10,4,10,6,NW,S,SE,SSE,64.6,85,84,87,160,11832,"Moderate: 10,001-20,000"
2,Kurinjipadi,delux ponni,clay,50,25.0,wet,40,2,80,4,54.26,20.76,30,1200,19.6,20.4,187.2,270.8,167.0,250.0,61.0,64.0,19.5,34,18.5,35,17.0,32.5,16.0,30.5,10,4,10,6,NW,S,SE,SSE,64.6,85,84,87,160,11766,"Moderate: 10,001-20,000"
2,Kurinjipadi,delux ponni,clay,50,25.0,wet,40,2,80,4,54.26,20.76,30,1200,19.6,20.4,187.2,270.8,167.0,250.0,61.0,64.0,19.5,34,18.5,35,17.0,32.5,16.0,30.5,10,4,10,6,NW,S,SE,SSE,64.6,85,84,87,160,10984,"Moderate: 10,001-20,000"
2,Kurinjipadi,ponmani,clay,50,25.0,wet,40,2,80,4,54.26,20.76,30,1200,19.6,20.4,187.2,270.8,167.0,250.0,61.0,64.0,19.5,34,18.5,35,17.0,32.5,16.0,30.5,10,4,10,6,NW,S,SE,SSE,64.6,85,84,87,200,11446,"Moderate: 10,001-20,000"
2,Sankarapuram,delux ponni,clay,50,25.0,wet,40,2,80,4,54.26,20.76,30,1200,18.1,21.9,185.6,272.4,166.1,250.9,60.2,64.8,20.5,32,17.5,28,18.0,34.0,16.5,35.0,10,12,10,12,SSE,W,SW,NW,72.7,91,83,81,160,11710,"Moderate: 10,001-20,000"
2,Sankarapuram,CO_43,clay,50,25.0,wet,40,2,80,4,54.26,20.76,30,1200,18.1,21.9,185.6,272.4,166.1,250.9,60.2,64.8,20.5,32,17.5,28,18.0,34.0,16.5,35.0,10,12,10,12,SSE,W,SW,NW,72.7,91,83,81,180,11832,"Moderate: 10,001-20,000"
2,Sankarapuram,delux ponni,clay,50,25.0,wet,40,2,80,4,54.26,20.76,30,1200,18.1,21.9,185.6,272.4,166.1,250.9,60.2,64.8,20.5,32,17.5,28,18.0,34.0,16.5,35.0,10,12,10,12,SSE,W,SW,NW,72.7,91,83,81,160,11746,"Moderate: 10,001-20,000"
2,Sankarapuram,delux ponni,alluvial,50,25.0,wet,40,2,80,4,54.26,20.76,30,1200,18.1,21.9,185.6,272.4,166.1,250.9,60.2,64.8,20.5,32,17.5,28,18.0,34.0,16.5,35.0,10,12,10,12,SSE,W,SW,NW,72.7,91,83,81,160,11446,"Moderate: 10,001-20,000"
2,Sankarapuram,ponmani,alluvial,50,25.0,wet,40,2,80,4,54.26,20.76,30,1200,18.1,21.9,185.6,272.4,166.1,250.9,60.2,64.8,20.5,32,17.5,28,18.0,34.0,16.5,35.0,10,12,10,12,SSE,W,SW,NW,72.7,91,83,81,200,11832,"Moderate: 10,001-20,000"
2,Sankarapuram,delux ponni,clay,50,25.0,wet,40,2,80,4,54.26,20.76,30,1200,18.1,21.9,185.6,272.4,166.1,250.9,60.2,64.8,20.5,32,17.5,28,18.0,34.0,16.5,35.0,10,12,10,12,SSE,W,SW,NW,72.7,91,83,81,160,11446,"Moderate: 10,001-20,000"
2,Sankarapuram,CO_43,alluvial,50,25.0,wet,40,2,80,4,54.26,20.76,30,1200,18.1,21.9,185.6,272.4,166.1,250.9,60.2,64.8,20.5,32,17.5,28,18.0,34.0,16.5,35.0,10,12,10,12,SSE,W,SW,NW,72.7,91,83,81,180,11816,"Moderate: 10,001-20,000"
2,Sankarapuram,ponmani,alluvial,50,25.0,dry,40,2,80,4,54.26,20.76,30,1200,18.1,21.9,185.6,272.4,166.1,250.9,60.2,64.8,20.5,32,17.5,28,18.0,34.0,16.5,35.0,10,12,10,12,SSE,W,SW,NW,72.7,91,83,81,200,10820,"Moderate: 10,001-20,000"
2,Sankarapuram,delux ponni,clay,50,25.0,dry,40,2,80,4,54.26,20.76,30,1200,18.1,21.9,185.6,272.4,166.1,250.9,60.2,64.8,20.5,32,17.5,28,18.0,34.0,16.5,35.0,10,12,10,12,SSE,W,SW,NW,72.7,91,83,81,160,11726,"Moderate: 10,001-20,000"
2,Sankarapuram,CO_43,alluvial,50,25.0,dry,40,2,80,4,54.26,20.76,30,1200,18.1,21.9,185.6,272.4,166.1,250.9,60.2,64.8,20.5,32,17.5,28,18.0,34.0,16.5,35.0,10,12,10,12,SSE,W,SW,NW,72.7,91,83,81,180,11224,"Moderate: 10,001-20,000"
2,Sankarapuram,delux ponni,clay,50,25.0,dry,40,2,80,4,54.26,20.76,30,1200,18.1,21.9,185.6,272.4,166.1,250.9,60.2,64.8,20.5,32,17.5,28,18.0,34.0,16.5,35.0,10,12,10,12,SSE,W,SW,NW,72.7,91,83,81,160,11672,"Moderate: 10,001-20,000"
2,Sankarapuram,ponmani,alluvial,50,25.0,dry,40,2,80,4,54.26,20.76,30,1200,18.1,21.9,185.6,272.4,166.1,250.9,60.2,64.8,20.5,32,17.5,28,18.0,34.0,16.5,35.0,10,12,10,12,SSE,W,SW,NW,72.7,91,83,81,200,11746,"Moderate: 10,001-20,000"
2,Sankarapuram,CO_43,clay,50,25.0,dry,40,2,80,4,54.26,20.76,30,1200,18.1,21.9,185.6,272.4,166.1,250.9,60.2,64.8,20.5,32,17.5,28,18.0,34.0,16.5,35.0,10,12,10,12,SSE,W,SW,NW,72.7,91,83,81,180,10926,"Moderate: 10,001-20,000"
2,Sankarapuram,ponmani,alluvial,50,25.0,dry,40,2,80,4,54.26,20.76,30,1200,18.1,21.9,185.6,272.4,166.1,250.9,60.2,64.8,20.5,32,17.5,28,18.0,34.0,16.5,35.0,10,12,10,12,SSE,W,SW,NW,72.7,91,83,81,200,11832,"Moderate: 10,001-20,000"
2,Sankarapuram,delux ponni,clay,50,25.0,dry,40,2,80,4,54.26,20.76,30,1200,18.1,21.9,185.6,272.4,166.1,250.9,60.2,64.8,20.5,32,17.5,28,18.0,34.0,16.5,35.0,10,12,10,12,SSE,W,SW,NW,72.7,91,83,81,160,10906,"Moderate: 10,001-20,000"
2,Sankarapuram,CO_43,clay,50,25.0,dry,40,2,80,4,54.26,20.76,30,1200,18.1,21.9,185.6,272.4,166.1,250.9,60.2,64.8,20.5,32,17.5,28,18.0,34.0,16.5,35.0,10,12,10,12,SSE,W,SW,NW,72.7,91,83,81,180,11766,"Moderate: 10,001-20,000"
2,Sankarapuram,ponmani,alluvial,50,25.0,dry,40,2,80,4,54.26,20.76,30,1200,18.1,21.9,185.6,272.4,166.1,250.9,60.2,64.8,20.5,32,17.5,28,18.0,34.0,16.5,35.0,10,12,10,12,SSE,W,SW,NW,72.7,91,83,81,200,11446,"Moderate: 10,001-20,000"
2,Sankarapuram,delux ponni,clay,50,25.0,wet,40,2,80,4,54.26,20.76,30,1200,18.1,21.9,185.6,272.4,166.1,250.9,60.2,64.8,20.5,32,17.5,28,18.0,34.0,16.5,35.0,10,12,10,12,SSE,W,SW,NW,72.7,91,83,81,160,11672,"Moderate: 10,001-20,000"
2,Sankarapuram,CO_43,clay,50,25.0,wet,40,2,80,4,54.26,20.76,30,1200,18.1,21.9,185.6,272.4,166.1,250.9,60.2,64.8,20.5,32,17.5,28,18.0,34.0,16.5,35.0,10,12,10,12,SSE,W,SW,NW,72.7,91,83,81,180,11676,"Moderate: 10,001-20,000"
2,Cuddalore,delux ponni,alluvial,50,25.0,wet,40,2,80,4,54.26,20.76,30,1200,19.6,20.4,187.2,270.8,167.0,250.0,61.0,64.0,18.5,34,16.0,30,15.5,31.0,16.0,33.0,4,10,8,10,SW,W,NNW,WSW,72.0,78,88,85,160,11804,"Moderate: 10,001-20,000"
2,Kurinjipadi,ponmani,clay,50,25.0,wet,40,2,80,4,54.26,20.76,30,1200,19.6,20.4,187.2,270.8,167.0,250.0,61.0,64.0,19.5,34,18.5,35,17.0,32.5,16.0,30.5,10,4,10,6,NW,S,SE,SSE,64.6,85,84,87,200,11420,"Moderate: 10,001-20,000"
2,Panruti,CO_43,clay,50,25.0,wet,40,2,80,4,54.26,20.76,30,1200,18.5,21.5,185.2,272.8,165.3,251.7,60.0,65.0,20.0,35,18.0,30,17.5,33.5,18.0,33.0,4,12,4,12,ENE,NE,NNE,W,85.0,96,84,79,180,11672,"Moderate: 10,001-20,000"
2,Kallakurichi,ponmani,clay,50,25.0,wet,40,2,80,4,54.26,20.76,30,1200,18.5,21.5,185.2,272.8,165.3,251.7,60.0,65.0,19.0,33,17.0,32,16.5,31.5,15.5,32.5,8,6,8,6,W,WNW,SE,S,88.5,95,81,84,200,11348,"Moderate: 10,001-20,000"
2,Sankarapuram,delux ponni,clay,50,25.0,wet,40,2,80,4,54.26,20.76,30,1200,18.1,21.9,185.6,272.4,166.1,250.9,60.2,64.8,20.5,32,17.5,28,18.0,34.0,16.5,35.0,10,12,10,12,SSE,W,SW,NW,72.7,91,83,81,160,11104,"Moderate: 10,001-20,000"
2,Chinnasalem,CO_43,alluvial,50,25.0,wet,40,2,80,4,54.26,20.76,30,1200,18.1,21.9,185.6,272.4,166.1,250.9,60.2,64.8,18.0,31,15.5,34,15.0,33.0,15.0,31.5,6,6,8,10,E,ENE,NE,NNW,78.6,80,92,88,180,11054,"Moderate: 10,001-20,000"
2,Cuddalore,ponmani,clay,50,25.0,wet,40,2,80,4,54.26,20.76,30,1200,19.6,20.4,187.2,270.8,167.0,250.0,61.0,64.0,18.5,34,16.0,30,15.5,31.0,16.0,33.0,4,10,8,10,SW,W,NNW,WSW,72.0,78,88,85,200,11660,"Moderate: 10,001-20,000"
2,Kurinjipadi,delux ponni,alluvial,50,25.0,wet,40,2,80,4,54.26,20.76,30,1200,19.6,20.4,187.2,270.8,167.0,250.0,61.0,64.0,19.5,34,18.5,35,17.0,32.5,16.0,30.5,10,4,10,6,NW,S,SE,SSE,64.6,85,84,87,160,11770,"Moderate: 10,001-20,000"
2,Panruti,CO_43,clay,50,25.0,wet,40,2,80,4,54.26,20.76,30,1200,18.5,21.5,185.2,272.8,165.3,251.7,60.0,65.0,20.0,35,18.0,30,17.5,33.5,18.0,33.0,4,12,4,12,ENE,NE,NNE,W,85.0,96,84,79,180,10820,"Moderate: 10,001-20,000"
2,Kallakurichi,delux ponni,clay,50,25.0,wet,40,2,80,4,54.26,20.76,30,1200,18.5,21.5,185.2,272.8,165.3,251.7,60.0,65.0,19.0,33,17.0,32,16.5,31.5,15.5,32.5,8,6,8,6,W,WNW,SE,S,88.5,95,81,84,160,11384,"Moderate: 10,001-20,000"
2,Sankarapuram,ponmani,alluvial,50,25.0,wet,40,2,80,4,54.26,20.76,30,1200,18.1,21.9,185.6,272.4,166.1,250.9,60.2,64.8,20.5,32,17.5,28,18.0,34.0,16.5,35.0,10,12,10,12,SSE,W,SW,NW,72.7,91,83,81,200,11336,"Moderate: 10,001-20,000"
2,Chinnasalem,ponmani,clay,50,25.0,wet,40,2,80,4,54.26,20.76,30,1200,18.1,21.9,185.6,272.4,166.1,250.9,60.2,64.8,18.0,31,15.5,34,15.0,33.0,15.0,31.5,6,6,8,10,E,ENE,NE,NNW,78.6,80,92,88,200,11532,"Moderate: 10,001-20,000"
2,Cuddalore,ponmani,alluvial,50,25.0,wet,40,2,80,4,54.26,20.76,30,1200,19.6,20.4,187.2,270.8,167.0,250.0,61.0,64.0,18.5,34,16.0,30,15.5,31.0,16.0,33.0,4,10,8,10,SW,W,NNW,WSW,72.0,78,88,85,200,11486,"Moderate: 10,001-20,000"
2,Kurinjipadi,ponmani,alluvial,50,25.0,wet,40,2,80,4,54.26,20.76,30,1200,19.6,20.4,187.2,270.8,167.0,250.0,61.0,64.0,19.5,34,18.5,35,17.0,32.5,16.0,30.5,10,4,10,6,NW,S,SE,SSE,64.6,85,84,87,200,11432,"Moderate: 10,001-20,000"
2,Panruti,CO_43,clay,50,25.0,wet,40,2,80,4,54.26,20.76,30,1200,18.5,21.5,185.2,272.8,165.3,251.7,60.0,65.0,20.0,35,18.0,30,17.5,33.5,18.0,33.0,4,12,4,12,ENE,NE,NNE,W,85.0,96,84,79,180,10926,"Moderate: 10,001-20,000"
2,Kallakurichi,ponmani,alluvial,50,25.0,wet,40,2,80,4,54.26,20.76,30,1200,18.5,21.5,185.2,272.8,165.3,251.7,60.0,65.0,19.0,33,17.0,32,16.5,31.5,15.5,32.5,8,6,8,6,W,WNW,SE,S,88.5,95,81,84,200,10912,"Moderate: 10,001-20,000"
2,Sankarapuram,ponmani,alluvial,50,25.0,wet,40,2,80,4,54.26,20.76,30,1200,18.1,21.9,185.6,272.4,166.1,250.9,60.2,64.8,20.5,32,17.5,28,18.0,34.0,16.5,35.0,10,12,10,12,SSE,W,SW,NW,72.7,91,83,81,200,11222,"Moderate: 10,001-20,000"
2,Chinnasalem,ponmani,alluvial,50,25.0,wet,40,2,80,4,54.26,20.76,30,1200,18.1,21.9,185.6,272.4,166.1,250.9,60.2,64.8,18.0,31,15.5,34,15.0,33.0,15.0,31.5,6,6,8,10,E,ENE,NE,NNW,78.6,80,92,88,200,11462,"Moderate: 10,001-20,000"
2,Cuddalore,delux ponni,alluvial,50,25.0,wet,40,2,80,4,54.26,20.76,30,1200,19.6,20.4,187.2,270.8,167.0,250.0,61.0,64.0,18.5,34,16.0,30,15.5,31.0,16.0,33.0,4,10,8,10,SW,W,NNW,WSW,72.0,78,88,85,160,11886,"Moderate: 10,001-20,000"
2,Kurinjipadi,delux ponni,clay,50,25.0,wet,40,2,80,4,54.26,20.76,30,1200,19.6,20.4,187.2,270.8,167.0,250.0,61.0,64.0,19.5,34,18.5,35,17.0,32.5,16.0,30.5,10,4,10,6,NW,S,SE,SSE,64.6,85,84,87,160,11780,"Moderate: 10,001-20,000"
2,Panruti,delux ponni,alluvial,50,25.0,dry,40,2,80,4,54.26,20.76,30,1200,18.5,21.5,185.2,272.8,165.3,251.7,60.0,65.0,20.0,35,18.0,30,17.5,33.5,18.0,33.0,4,12,4,12,ENE,NE,NNE,W,85.0,96,84,79,160,11572,"Moderate: 10,001-20,000"
2,Kallakurichi,ponmani,clay,50,25.0,dry,40,2,80,4,54.26,20.76,30,1200,18.5,21.5,185.2,272.8,165.3,251.7,60.0,65.0,19.0,33,17.0,32,16.5,31.5,15.5,32.5,8,6,8,6,W,WNW,SE,S,88.5,95,81,84,200,11882,"Moderate: 10,001-20,000"
2,Sankarapuram,delux ponni,clay,50,25.0,dry,40,2,80,4,54.26,20.76,30,1200,18.1,21.9,185.6,272.4,166.1,250.9,60.2,64.8,20.5,32,17.5,28,18.0,34.0,16.5,35.0,10,12,10,12,SSE,W,SW,NW,72.7,91,83,81,160,11332,"Moderate: 10,001-20,000"
2,Chinnasalem,CO_43,alluvial,50,25.0,dry,40,2,80,4,54.26,20.76,30,1200,18.1,21.9,185.6,272.4,166.1,250.9,60.2,64.8,18.0,31,15.5,34,15.0,33.0,15.0,31.5,6,6,8,10,E,ENE,NE,NNW,78.6,80,92,88,180,11832,"Moderate: 10,001-20,000"
2,Cuddalore,delux ponni,clay,50,25.0,dry,40,2,80,4,54.26,20.76,30,1200,19.6,20.4,187.2,270.8,167.0,250.0,61.0,64.0,18.5,34,16.0,30,15.5,31.0,16.0,33.0,4,10,8,10,SW,W,NNW,WSW,72.0,78,88,85,160,11524,"Moderate: 10,001-20,000"
2,Kurinjipadi,delux ponni,clay,50,25.0,dry,40,2,80,4,54.26,20.76,30,1200,19.6,20.4,187.2,270.8,167.0,250.0,61.0,64.0,19.5,34,18.5,35,17.0,32.5,16.0,30.5,10,4,10,6,NW,S,SE,SSE,64.6,85,84,87,160,11154,"Moderate: 10,001-20,000"
2,Panruti,CO_43,clay,50,25.0,dry,40,2,80,4,54.26,20.76,30,1200,18.5,21.5,185.2,272.8,165.3,251.7,60.0,65.0,20.0,35,18.0,30,17.5,33.5,18.0,33.0,4,12,4,12,ENE,NE,NNE,W,85.0,96,84,79,180,11268,"Moderate: 10,001-20,000"
2,Kallakurichi,ponmani,alluvial,50,25.0,dry,40,2,80,4,54.26,20.76,30,1200,18.5,21.5,185.2,272.8,165.3,251.7,60.0,65.0,19.0,33,17.0,32,16.5,31.5,15.5,32.5,8,6,8,6,W,WNW,SE,S,88.5,95,81,84,200,11846,"Moderate: 10,001-20,000"
2,Sankarapuram,delux ponni,alluvial,50,25.0,dry,40,2,80,4,54.26,20.76,30,1200,18.1,21.9,185.6,272.4,166.1,250.9,60.2,64.8,20.5,32,17.5,28,18.0,34.0,16.5,35.0,10,12,10,12,SSE,W,SW,NW,72.7,91,83,81,160,11508,"Moderate: 10,001-20,000"
2,Chinnasalem,CO_43,alluvial,50,25.0,dry,40,2,80,4,54.26,20.76,30,1200,18.1,21.9,185.6,272.4,166.1,250.9,60.2,64.8,18.0,31,15.5,34,15.0,33.0,15.0,31.5,6,6,8,10,E,ENE,NE,NNW,78.6,80,92,88,180,11710,"Moderate: 10,001-20,000"
2,Cuddalore,ponmani,clay,50,25.0,dry,40,2,80,4,54.26,20.76,30,1200,19.6,20.4,187.2,270.8,167.0,250.0,61.0,64.0,18.5,34,16.0,30,15.5,31.0,16.0,33.0,4,10,8,10,SW,W,NNW,WSW,72.0,78,88,85,200,11506,"Moderate: 10,001-20,000"
2,Kurinjipadi,delux ponni,alluvial,50,25.0,wet,40,2,80,4,54.26,20.76,30,1200,19.6,20.4,187.2,270.8,167.0,250.0,61.0,64.0,19.5,34,18.5,35,17.0,32.5,16.0,30.5,10,4,10,6,NW,S,SE,SSE,64.6,85,84,87,160,11680,"Moderate: 10,001-20,000"
2,Panruti,CO_43,clay,50,25.0,wet,40,2,80,4,54.26,20.76,30,1200,18.5,21.5,185.2,272.8,165.3,251.7,60.0,65.0,20.0,35,18.0,30,17.5,33.5,18.0,33.0,4,12,4,12,ENE,NE,NNE,W,85.0,96,84,79,180,11254,"Moderate: 10,001-20,000"
2,Kallakurichi,delux ponni,alluvial,50,25.0,wet,40,2,80,4,54.26,20.76,30,1200,18.5,21.5,185.2,272.8,165.3,251.7,60.0,65.0,19.0,33,17.0,32,16.5,31.5,15.5,32.5,8,6,8,6,W,WNW,SE,S,88.5,95,81,84,160,11808,"Moderate: 10,001-20,000"
2,Sankarapuram,ponmani,alluvial,50,25.0,wet,40,2,80,4,54.26,20.76,30,1200,18.1,21.9,185.6,272.4,166.1,250.9,60.2,64.8,20.5,32,17.5,28,18.0,34.0,16.5,35.0,10,12,10,12,SSE,W,SW,NW,72.7,91,83,81,200,11712,"Moderate: 10,001-20,000"
2,Chinnasalem,CO_43,clay,50,25.0,wet,40,2,80,4,54.26,20.76,30,1200,18.1,21.9,185.6,272.4,166.1,250.9,60.2,64.8,18.0,31,15.5,34,15.0,33.0,15.0,31.5,6,6,8,10,E,ENE,NE,NNW,78.6,80,92,88,180,11284,"Moderate: 10,001-20,000"
2,Cuddalore,ponmani,clay,50,25.0,wet,40,2,80,4,54.26,20.76,30,1200,19.6,20.4,187.2,270.8,167.0,250.0,61.0,64.0,18.5,34,16.0,30,15.5,31.0,16.0,33.0,4,10,8,10,SW,W,NNW,WSW,72.0,78,88,85,200,12000,"Moderate: 10,001-20,000"
2,Kurinjipadi,delux ponni,alluvial,50,25.0,wet,40,2,80,4,54.26,20.76,30,1200,19.6,20.4,187.2,270.8,167.0,250.0,61.0,64.0,19.5,34,18.5,35,17.0,32.5,16.0,30.5,10,4,10,6,NW,S,SE,SSE,64.6,85,84,87,160,11772,"Moderate: 10,001-20,000"
2,Panruti,CO_43,clay,50,25.0,wet,40,2,80,4,54.26,20.76,30,1200,18.5,21.5,185.2,272.8,165.3,251.7,60.0,65.0,20.0,35,18.0,30,17.5,33.5,18.0,33.0,4,12,4,12,ENE,NE,NNE,W,85.0,96,84,79,180,11852,"Moderate: 10,001-20,000"
2,Kallakurichi,ponmani,alluvial,50,25.0,wet,40,2,80,4,54.26,20.76,30,1200,18.5,21.5,185.2,272.8,165.3,251.7,60.0,65.0,19.0,33,17.0,32,16.5,31.5,15.5,32.5,8,6,8,6,W,WNW,SE,S,88.5,95,81,84,200,11180,"Moderate: 10,001-20,000"
2,Sankarapuram,delux ponni,clay,50,25.0,wet,40,2,80,4,54.26,20.76,30,1200,18.1,21.9,185.6,272.4,166.1,250.9,60.2,64.8,20.5,32,17.5,28,18.0,34.0,16.5,35.0,10,12,10,12,SSE,W,SW,NW,72.7,91,83,81,160,10944,"Moderate: 10,001-20,000"
2,Chinnasalem,CO_43,clay,50,25.0,wet,40,2,80,4,54.26,20.76,30,1200,18.1,21.9,185.6,272.4,166.1,250.9,60.2,64.8,18.0,31,15.5,34,15.0,33.0,15.0,31.5,6,6,8,10,E,ENE,NE,NNW,78.6,80,92,88,180,11766,"Moderate: 10,001-20,000"
2,Cuddalore,delux ponni,alluvial,50,25.0,wet,40,2,80,4,54.26,20.76,30,1200,19.6,20.4,187.2,270.8,167.0,250.0,61.0,64.0,18.5,34,16.0,30,15.5,31.0,16.0,33.0,4,10,8,10,SW,W,NNW,WSW,72.0,78,88,85,160,11406,"Moderate: 10,001-20,000"
2,Kurinjipadi,ponmani,clay,50,25.0,wet,40,2,80,4,54.26,20.76,30,1200,19.6,20.4,187.2,270.8,167.0,250.0,61.0,64.0,19.5,34,18.5,35,17.0,32.5,16.0,30.5,10,4,10,6,NW,S,SE,SSE,64.6,85,84,87,200,11816,"Moderate: 10,001-20,000"
2,Panruti,CO_43,alluvial,50,25.0,dry,40,2,80,4,54.26,20.76,30,1200,18.5,21.5,185.2,272.8,165.3,251.7,60.0,65.0,20.0,35,18.0,30,17.5,33.5,18.0,33.0,4,12,4,12,ENE,NE,NNE,W,85.0,96,84,79,180,11864,"Moderate: 10,001-20,000"
2,Kallakurichi,ponmani,clay,50,25.0,dry,40,2,80,4,54.26,20.76,30,1200,18.5,21.5,185.2,272.8,165.3,251.7,60.0,65.0,19.0,33,17.0,32,16.5,31.5,15.5,32.5,8,6,8,6,W,WNW,SE,S,88.5,95,81,84,200,11054,"Moderate: 10,001-20,000"
2,Sankarapuram,delux ponni,alluvial,50,25.0,dry,40,2,80,4,54.26,20.76,30,1200,18.1,21.9,185.6,272.4,166.1,250.9,60.2,64.8,20.5,32,17.5,28,18.0,34.0,16.5,35.0,10,12,10,12,SSE,W,SW,NW,72.7,91,83,81,160,10820,"Moderate: 10,001-20,000"
2,Chinnasalem,CO_43,alluvial,50,25.0,dry,40,2,80,4,54.26,20.76,30,1200,18.1,21.9,185.6,272.4,166.1,250.9,60.2,64.8,18.0,31,15.5,34,15.0,33.0,15.0,31.5,6,6,8,10,E,ENE,NE,NNW,78.6,80,92,88,180,11446,"Moderate: 10,001-20,000"
2,Cuddalore,ponmani,clay,50,25.0,dry,40,2,80,4,54.26,20.76,30,1200,19.6,20.4,187.2,270.8,167.0,250.0,61.0,64.0,18.5,34,16.0,30,15.5,31.0,16.0,33.0,4,10,8,10,SW,W,NNW,WSW,72.0,78,88,85,200,10926,"Moderate: 10,001-20,000"
2,Kurinjipadi,delux ponni,alluvial,50,25.0,dry,40,2,80,4,54.26,20.76,30,1200,19.6,20.4,187.2,270.8,167.0,250.0,61.0,64.0,19.5,34,18.5,35,17.0,32.5,16.0,30.5,10,4,10,6,NW,S,SE,SSE,64.6,85,84,87,160,11256,"Moderate: 10,001-20,000"
2,Panruti,CO_43,clay,50,25.0,dry,40,2,80,4,54.26,20.76,30,1200,18.5,21.5,185.2,272.8,165.3,251.7,60.0,65.0,20.0,35,18.0,30,17.5,33.5,18.0,33.0,4,12,4,12,ENE,NE,NNE,W,85.0,96,84,79,180,11560,"Moderate: 10,001-20,000"
2,Kallakurichi,delux ponni,alluvial,50,25.0,dry,40,2,80,4,54.26,20.76,30,1200,18.5,21.5,185.2,272.8,165.3,251.7,60.0,65.0,19.0,33,17.0,32,16.5,31.5,15.5,32.5,8,6,8,6,W,WNW,SE,S,88.5,95,81,84,160,11288,"Moderate: 10,001-20,000"
2,Sankarapuram,ponmani,clay,50,25.0,dry,40,2,80,4,54.26,20.76,30,1200,18.1,21.9,185.6,272.4,166.1,250.9,60.2,64.8,20.5,32,17.5,28,18.0,34.0,16.5,35.0,10,12,10,12,SSE,W,SW,NW,72.7,91,83,81,200,11710,"Moderate: 10,001-20,000"
2,Cuddalore,ponmani,clay,50,25.0,wet,40,2,80,4,54.26,20.76,30,1200,19.6,20.4,187.2,270.8,167.0,250.0,61.0,64.0,18.5,34,16.0,30,15.5,31.0,16.0,33.0,4,10,8,10,SW,W,NNW,WSW,72.0,78,88,85,200,11766,"Moderate: 10,001-20,000"
2,Kallakurichi,ponmani,clay,50,25.0,wet,40,2,80,4,54.26,20.76,30,1200,18.5,21.5,185.2,272.8,165.3,251.7,60.0,65.0,19.0,33,17.0,32,16.5,31.5,15.5,32.5,8,6,8,6,W,WNW,SE,S,88.5,95,81,84,200,11722,"Moderate: 10,001-20,000"
2,Sankarapuram,ponmani,alluvial,50,25.0,wet,40,2,80,4,54.26,20.76,30,1200,18.1,21.9,185.6,272.4,166.1,250.9,60.2,64.8,20.5,32,17.5,28,18.0,34.0,16.5,35.0,10,12,10,12,SSE,W,SW,NW,72.7,91,83,81,200,10820,"Moderate: 10,001-20,000"
2,Chinnasalem,ponmani,clay,50,25.0,wet,40,2,80,4,54.26,20.76,30,1200,18.1,21.9,185.6,272.4,166.1,250.9,60.2,64.8,18.0,31,15.5,34,15.0,33.0,15.0,31.5,6,6,8,10,E,ENE,NE,NNW,78.6,80,92,88,200,11446,"Moderate: 10,001-20,000"
2,Cuddalore,delux ponni,clay,50,25.0,wet,40,2,80,4,54.26,20.76,30,1200,19.6,20.4,187.2,270.8,167.0,250.0,61.0,64.0,18.5,34,16.0,30,15.5,31.0,16.0,33.0,4,10,8,10,SW,W,NNW,WSW,72.0,78,88,85,160,11510,"Moderate: 10,001-20,000"
2,Kurinjipadi,delux ponni,alluvial,50,25.0,wet,40,2,80,4,54.26,20.76,30,1200,19.6,20.4,187.2,270.8,167.0,250.0,61.0,64.0,19.5,34,18.5,35,17.0,32.5,16.0,30.5,10,4,10,6,NW,S,SE,SSE,64.6,85,84,87,160,11256,"Moderate: 10,001-20,000"
2,Panruti,delux ponni,clay,50,25.0,wet,40,2,80,4,54.26,20.76,30,1200,18.5,21.5,185.2,272.8,165.3,251.7,60.0,65.0,20.0,35,18.0,30,17.5,33.5,18.0,33.0,4,12,4,12,ENE,NE,NNE,W,85.0,96,84,79,160,10984,"Moderate: 10,001-20,000"
2,Kallakurichi,ponmani,clay,50,25.0,dry,40,2,80,4,54.26,20.76,30,1200,18.5,21.5,185.2,272.8,165.3,251.7,60.0,65.0,19.0,33,17.0,32,16.5,31.5,15.5,32.5,8,6,8,6,W,WNW,SE,S,88.5,95,81,84,200,11726,"Moderate: 10,001-20,000"
2,Sankarapuram,delux ponni,alluvial,50,25.0,dry,40,2,80,4,54.26,20.76,30,1200,18.1,21.9,185.6,272.4,166.1,250.9,60.2,64.8,20.5,32,17.5,28,18.0,34.0,16.5,35.0,10,12,10,12,SSE,W,SW,NW,72.7,91,83,81,160,11516,"Moderate: 10,001-20,000"
2,Chinnasalem,CO_43,clay,50,25.0,dry,40,2,80,4,54.26,20.76,30,1200,18.1,21.9,185.6,272.4,166.1,250.9,60.2,64.8,18.0,31,15.5,34,15.0,33.0,15.0,31.5,6,6,8,10,E,ENE,NE,NNW,78.6,80,92,88,180,11746,"Moderate: 10,001-20,000"
2,Cuddalore,delux ponni,clay,50,25.0,dry,40,2,80,4,54.26,20.76,30,1200,19.6,20.4,187.2,270.8,167.0,250.0,61.0,64.0,18.5,34,16.0,30,15.5,31.0,16.0,33.0,4,10,8,10,SW,W,NNW,WSW,72.0,78,88,85,160,11766,"Moderate: 10,001-20,000"
2,Kurinjipadi,delux ponni,clay,50,25.0,dry,40,2,80,4,54.26,20.76,30,1200,19.6,20.4,187.2,270.8,167.0,250.0,61.0,64.0,19.5,34,18.5,35,17.0,32.5,16.0,30.5,10,4,10,6,NW,S,SE,SSE,64.6,85,84,87,160,11928,"Moderate: 10,001-20,000"
2,Panruti,CO_43,alluvial,50,25.0,dry,40,2,80,4,54.26,20.76,30,1200,18.5,21.5,185.2,272.8,165.3,251.7,60.0,65.0,20.0,35,18.0,30,17.5,33.5,18.0,33.0,4,12,4,12,ENE,NE,NNE,W,85.0,96,84,79,180,11010,"Moderate: 10,001-20,000"
2,Sankarapuram,delux ponni,clay,50,25.0,dry,40,2,80,4,54.26,20.76,30,1200,18.1,21.9,185.6,272.4,166.1,250.9,60.2,64.8,20.5,32,17.5,28,18.0,34.0,16.5,35.0,10,12,10,12,SSE,W,SW,NW,72.7,91,83,81,160,10820,"Moderate: 10,001-20,000"
2,Chinnasalem,CO_43,alluvial,50,25.0,dry,40,2,80,4,54.26,20.76,30,1200,18.1,21.9,185.6,272.4,166.1,250.9,60.2,64.8,18.0,31,15.5,34,15.0,33.0,15.0,31.5,6,6,8,10,E,ENE,NE,NNW,78.6,80,92,88,180,11760,"Moderate: 10,001-20,000"
2,Cuddalore,ponmani,alluvial,50,25.0,dry,40,2,80,4,54.26,20.76,30,1200,19.6,20.4,187.2,270.8,167.0,250.0,61.0,64.0,18.5,34,16.0,30,15.5,31.0,16.0,33.0,4,10,8,10,SW,W,NNW,WSW,72.0,78,88,85,200,10926,"Moderate: 10,001-20,000"
2,Kurinjipadi,delux ponni,alluvial,50,25.0,dry,40,2,80,4,54.26,20.76,30,1200,19.6,20.4,187.2,270.8,167.0,250.0,61.0,64.0,19.5,34,18.5,35,17.0,32.5,16.0,30.5,10,4,10,6,NW,S,SE,SSE,64.6,85,84,87,160,11686,"Moderate: 10,001-20,000"
2,Panruti,CO_43,alluvial,50,25.0,wet,40,2,80,4,54.26,20.76,30,1200,18.5,21.5,185.2,272.8,165.3,251.7,60.0,65.0,20.0,35,18.0,30,17.5,33.5,18.0,33.0,4,12,4,12,ENE,NE,NNE,W,85.0,96,84,79,180,11832,"Moderate: 10,001-20,000"
2,Kallakurichi,delux ponni,alluvial,50,25.0,wet,40,2,80,4,54.26,20.76,30,1200,18.5,21.5,185.2,272.8,165.3,251.7,60.0,65.0,19.0,33,17.0,32,16.5,31.5,15.5,32.5,8,6,8,6,W,WNW,SE,S,88.5,95,81,84,160,10906,"Moderate: 10,001-20,000"
2,Sankarapuram,ponmani,alluvial,50,25.0,wet,40,2,80,4,54.26,20.76,30,1200,18.1,21.9,185.6,272.4,166.1,250.9,60.2,64.8,20.5,32,17.5,28,18.0,34.0,16.5,35.0,10,12,10,12,SSE,W,SW,NW,72.7,91,83,81,200,11928,"Moderate: 10,001-20,000"
2,Chinnasalem,CO_43,alluvial,50,25.0,wet,40,2,80,4,54.26,20.76,30,1200,18.1,21.9,185.6,272.4,166.1,250.9,60.2,64.8,18.0,31,15.5,34,15.0,33.0,15.0,31.5,6,6,8,10,E,ENE,NE,NNW,78.6,80,92,88,180,11746,"Moderate: 10,001-20,000"
2,Kurinjipadi,delux ponni,clay,50,25.0,wet,40,2,80,4,54.26,20.76,30,1200,19.6,20.4,187.2,270.8,167.0,250.0,61.0,64.0,19.5,34,18.5,35,17.0,32.5,16.0,30.5,10,4,10,6,NW,S,SE,SSE,64.6,85,84,87,160,11552,"Moderate: 10,001-20,000"
2,Kallakurichi,ponmani,clay,50,25.0,wet,40,2,80,4,54.26,20.76,30,1200,18.5,21.5,185.2,272.8,165.3,251.7,60.0,65.0,19.0,33,17.0,32,16.5,31.5,15.5,32.5,8,6,8,6,W,WNW,SE,S,88.5,95,81,84,200,11054,"Moderate: 10,001-20,000"
2,Sankarapuram,delux ponni,clay,50,25.0,wet,40,2,80,4,54.26,20.76,30,1200,18.1,21.9,185.6,272.4,166.1,250.9,60.2,64.8,20.5,32,17.5,28,18.0,34.0,16.5,35.0,10,12,10,12,SSE,W,SW,NW,72.7,91,83,81,160,11186,"Moderate: 10,001-20,000"
2,Chinnasalem,CO_43,clay,50,25.0,wet,40,2,80,4,54.26,20.76,30,1200,18.1,21.9,185.6,272.4,166.1,250.9,60.2,64.8,18.0,31,15.5,34,15.0,33.0,15.0,31.5,6,6,8,10,E,ENE,NE,NNW,78.6,80,92,88,180,11446,"Moderate: 10,001-20,000"
2,Kurinjipadi,ponmani,clay,50,25.0,wet,40,2,80,4,54.26,20.76,30,1200,19.6,20.4,187.2,270.8,167.0,250.0,61.0,64.0,19.5,34,18.5,35,17.0,32.5,16.0,30.5,10,4,10,6,NW,S,SE,SSE,64.6,85,84,87,200,10984,"Moderate: 10,001-20,000"
2,Panruti,CO_43,alluvial,50,25.0,dry,40,2,80,4,54.26,20.76,30,1200,18.5,21.5,185.2,272.8,165.3,251.7,60.0,65.0,20.0,35,18.0,30,17.5,33.5,18.0,33.0,4,12,4,12,ENE,NE,NNE,W,85.0,96,84,79,180,11060,"Moderate: 10,001-20,000"
2,Kallakurichi,ponmani,alluvial,50,25.0,dry,40,2,80,4,54.26,20.76,30,1200,18.5,21.5,185.2,272.8,165.3,251.7,60.0,65.0,19.0,33,17.0,32,16.5,31.5,15.5,32.5,8,6,8,6,W,WNW,SE,S,88.5,95,81,84,200,10906,"Moderate: 10,001-20,000"
2,Sankarapuram,delux ponni,alluvial,50,25.0,dry,40,2,80,4,54.26,20.76,30,1200,18.1,21.9,185.6,272.4,166.1,250.9,60.2,64.8,20.5,32,17.5,28,18.0,34.0,16.5,35.0,10,12,10,12,SSE,W,SW,NW,72.7,91,83,81,160,11224,"Moderate: 10,001-20,000"
2,Chinnasalem,CO_43,alluvial,50,25.0,dry,40,2,80,4,54.26,20.76,30,1200,18.1,21.9,185.6,272.4,166.1,250.9,60.2,64.8,18.0,31,15.5,34,15.0,33.0,15.0,31.5,6,6,8,10,E,ENE,NE,NNW,78.6,80,92,88,180,11746,"Moderate: 10,001-20,000"
2,Cuddalore,ponmani,alluvial,50,25.0,dry,40,2,80,4,54.26,20.76,30,1200,19.6,20.4,187.2,270.8,167.0,250.0,61.0,64.0,18.5,34,16.0,30,15.5,31.0,16.0,33.0,4,10,8,10,SW,W,NNW,WSW,72.0,78,88,85,200,11156,"Moderate: 10,001-20,000"
2,Kurinjipadi,delux ponni,alluvial,50,25.0,dry,40,2,80,4,54.26,20.76,30,1200,19.6,20.4,187.2,270.8,167.0,250.0,61.0,64.0,19.5,34,18.5,35,17.0,32.5,16.0,30.5,10,4,10,6,NW,S,SE,SSE,64.6,85,84,87,160,11816,"Moderate: 10,001-20,000"
2,Panruti,CO_43,alluvial,50,25.0,dry,40,2,80,4,54.26,20.76,30,1200,18.5,21.5,185.2,272.8,165.3,251.7,60.0,65.0,20.0,35,18.0,30,17.5,33.5,18.0,33.0,4,12,4,12,ENE,NE,NNE,W,85.0,96,84,79,180,11672,"Moderate: 10,001-20,000"
2,Kallakurichi,delux ponni,alluvial,50,25.0,dry,40,2,80,4,54.26,20.76,30,1200,18.5,21.5,185.2,272.8,165.3,251.7,60.0,65.0,19.0,33,17.0,32,16.5,31.5,15.5,32.5,8,6,8,6,W,WNW,SE,S,88.5,95,81,84,160,11054,"Moderate: 10,001-20,000"
2,Sankarapuram,ponmani,clay,50,25.0,dry,40,2,80,4,54.26,20.76,30,1200,18.1,21.9,185.6,272.4,166.1,250.9,60.2,64.8,20.5,32,17.5,28,18.0,34.0,16.5,35.0,10,12,10,12,SSE,W,SW,NW,72.7,91,83,81,200,11998,"Moderate: 10,001-20,000"
2,Chinnasalem,ponmani,clay,50,25.0,dry,40,2,80,4,54.26,20.76,30,1200,18.1,21.9,185.6,272.4,166.1,250.9,60.2,64.8,18.0,31,15.5,34,15.0,33.0,15.0,31.5,6,6,8,10,E,ENE,NE,NNW,78.6,80,92,88,200,11446,"Moderate: 10,001-20,000"
2,Cuddalore,ponmani,clay,50,25.0,wet,40,2,80,4,54.26,20.76,30,1200,19.6,20.4,187.2,270.8,167.0,250.0,61.0,64.0,18.5,34,16.0,30,15.5,31.0,16.0,33.0,4,10,8,10,SW,W,NNW,WSW,72.0,78,88,85,200,11126,"Moderate: 10,001-20,000"
2,Kurinjipadi,ponmani,clay,50,25.0,wet,40,2,80,4,54.26,20.76,30,1200,19.6,20.4,187.2,270.8,167.0,250.0,61.0,64.0,19.5,34,18.5,35,17.0,32.5,16.0,30.5,10,4,10,6,NW,S,SE,SSE,64.6,85,84,87,200,11726,"Moderate: 10,001-20,000"
2,Panruti,CO_43,clay,50,25.0,wet,40,2,80,4,54.26,20.76,30,1200,18.5,21.5,185.2,272.8,165.3,251.7,60.0,65.0,20.0,35,18.0,30,17.5,33.5,18.0,33.0,4,12,4,12,ENE,NE,NNE,W,85.0,96,84,79,180,11710,"Moderate: 10,001-20,000"
2,Kallakurichi,ponmani,clay,50,25.0,wet,40,2,80,4,54.26,20.76,30,1200,18.5,21.5,185.2,272.8,165.3,251.7,60.0,65.0,19.0,33,17.0,32,16.5,31.5,15.5,32.5,8,6,8,6,W,WNW,SE,S,88.5,95,81,84,200,11652,"Moderate: 10,001-20,000"
2,Sankarapuram,ponmani,clay,50,25.0,wet,40,2,80,4,54.26,20.76,30,1200,18.1,21.9,185.6,272.4,166.1,250.9,60.2,64.8,20.5,32,17.5,28,18.0,34.0,16.5,35.0,10,12,10,12,SSE,W,SW,NW,72.7,91,83,81,200,11224,"Moderate: 10,001-20,000"
2,Cuddalore,delux ponni,clay,50,25.0,wet,40,2,80,4,54.26,20.76,30,1200,19.6,20.4,187.2,270.8,167.0,250.0,61.0,64.0,18.5,34,16.0,30,15.5,31.0,16.0,33.0,4,10,8,10,SW,W,NNW,WSW,72.0,78,88,85,160,11540,"Moderate: 10,001-20,000"
2,Kurinjipadi,delux ponni,alluvial,50,25.0,wet,40,2,80,4,54.26,20.76,30,1200,19.6,20.4,187.2,270.8,167.0,250.0,61.0,64.0,19.5,34,18.5,35,17.0,32.5,16.0,30.5,10,4,10,6,NW,S,SE,SSE,64.6,85,84,87,160,11672,"Moderate: 10,001-20,000"
2,Panruti,delux ponni,clay,50,25.0,wet,40,2,80,4,54.26,20.76,30,1200,18.5,21.5,185.2,272.8,165.3,251.7,60.0,65.0,20.0,35,18.0,30,17.5,33.5,18.0,33.0,4,12,4,12,ENE,NE,NNE,W,85.0,96,84,79,160,11446,"Moderate: 10,001-20,000"
2,Kallakurichi,ponmani,alluvial,50,25.0,wet,40,2,80,4,54.26,20.76,30,1200,18.5,21.5,185.2,272.8,165.3,251.7,60.0,65.0,19.0,33,17.0,32,16.5,31.5,15.5,32.5,8,6,8,6,W,WNW,SE,S,88.5,95,81,84,200,11430,"Moderate: 10,001-20,000"
2,Sankarapuram,delux ponni,alluvial,50,25.0,wet,40,2,80,4,54.26,20.76,30,1200,18.1,21.9,185.6,272.4,166.1,250.9,60.2,64.8,20.5,32,17.5,28,18.0,34.0,16.5,35.0,10,12,10,12,SSE,W,SW,NW,72.7,91,83,81,160,11746,"Moderate: 10,001-20,000"
2,Cuddalore,delux ponni,alluvial,50,25.0,wet,40,2,80,4,54.26,20.76,30,1200,19.6,20.4,187.2,270.8,167.0,250.0,61.0,64.0,18.5,34,16.0,30,15.5,31.0,16.0,33.0,4,10,8,10,SW,W,NNW,WSW,72.0,78,88,85,160,11672,"Moderate: 10,001-20,000"
2,Kurinjipadi,delux ponni,clay,50,25.0,wet,40,2,80,4,54.26,20.76,30,1200,19.6,20.4,187.2,270.8,167.0,250.0,61.0,64.0,19.5,34,18.5,35,17.0,32.5,16.0,30.5,10,4,10,6,NW,S,SE,SSE,64.6,85,84,87,160,11446,"Moderate: 10,001-20,000"
2,Panruti,CO_43,alluvial,50,25.0,wet,40,2,80,4,54.26,20.76,30,1200,18.5,21.5,185.2,272.8,165.3,251.7,60.0,65.0,20.0,35,18.0,30,17.5,33.5,18.0,33.0,4,12,4,12,ENE,NE,NNE,W,85.0,96,84,79,180,11922,"Moderate: 10,001-20,000"
2,Kallakurichi,ponmani,clay,50,25.0,wet,40,2,80,4,54.26,20.76,30,1200,18.5,21.5,185.2,272.8,165.3,251.7,60.0,65.0,19.0,33,17.0,32,16.5,31.5,15.5,32.5,8,6,8,6,W,WNW,SE,S,88.5,95,81,84,200,11746,"Moderate: 10,001-20,000"
2,Sankarapuram,delux ponni,alluvial,50,25.0,wet,40,2,80,4,54.26,20.76,30,1200,18.1,21.9,185.6,272.4,166.1,250.9,60.2,64.8,20.5,32,17.5,28,18.0,34.0,16.5,35.0,10,12,10,12,SSE,W,SW,NW,72.7,91,83,81,160,11608,"Moderate: 10,001-20,000"
2,Cuddalore,ponmani,clay,50,25.0,wet,40,2,80,4,54.26,20.76,30,1200,19.6,20.4,187.2,270.8,167.0,250.0,61.0,64.0,18.5,34,16.0,30,15.5,31.0,16.0,33.0,4,10,8,10,SW,W,NNW,WSW,72.0,78,88,85,200,11710,"Moderate: 10,001-20,000"
2,Kurinjipadi,delux ponni,alluvial,50,25.0,wet,40,2,80,4,54.26,20.76,30,1200,19.6,20.4,187.2,270.8,167.0,250.0,61.0,64.0,19.5,34,18.5,35,17.0,32.5,16.0,30.5,10,4,10,6,NW,S,SE,SSE,64.6,85,84,87,160,11556,"Moderate: 10,001-20,000"
2,Panruti,CO_43,clay,50,25.0,wet,40,2,80,4,54.26,20.76,30,1200,18.5,21.5,185.2,272.8,165.3,251.7,60.0,65.0,20.0,35,18.0,30,17.5,33.5,18.0,33.0,4,12,4,12,ENE,NE,NNE,W,85.0,96,84,79,180,11816,"Moderate: 10,001-20,000"
2,Kallakurichi,delux ponni,clay,50,25.0,wet,40,2,80,4,54.26,20.76,30,1200,18.5,21.5,185.2,272.8,165.3,251.7,60.0,65.0,19.0,33,17.0,32,16.5,31.5,15.5,32.5,8,6,8,6,W,WNW,SE,S,88.5,95,81,84,160,11938,"Moderate: 10,001-20,000"
2,Chinnasalem,CO_43,clay,50,25.0,wet,40,2,80,4,54.26,20.76,30,1200,18.1,21.9,185.6,272.4,166.1,250.9,60.2,64.8,18.0,31,15.5,34,15.0,33.0,15.0,31.5,6,6,8,10,E,ENE,NE,NNW,78.6,80,92,88,180,11256,"Moderate: 10,001-20,000"
2,Cuddalore,ponmani,clay,50,25.0,wet,40,2,80,4,54.26,20.76,30,1200,19.6,20.4,187.2,270.8,167.0,250.0,61.0,64.0,18.5,34,16.0,30,15.5,31.0,16.0,33.0,4,10,8,10,SW,W,NNW,WSW,72.0,78,88,85,200,11888,"Moderate: 10,001-20,000"
2,Kurinjipadi,delux ponni,clay,50,25.0,wet,40,2,80,4,54.26,20.76,30,1200,19.6,20.4,187.2,270.8,167.0,250.0,61.0,64.0,19.5,34,18.5,35,17.0,32.5,16.0,30.5,10,4,10,6,NW,S,SE,SSE,64.6,85,84,87,160,11832,"Moderate: 10,001-20,000"
2,Panruti,CO_43,clay,50,25.0,wet,40,2,80,4,54.26,20.76,30,1200,18.5,21.5,185.2,272.8,165.3,251.7,60.0,65.0,20.0,35,18.0,30,17.5,33.5,18.0,33.0,4,12,4,12,ENE,NE,NNE,W,85.0,96,84,79,180,11988,"Moderate: 10,001-20,000"
2,Kallakurichi,ponmani,alluvial,50,25.0,wet,40,2,80,4,54.26,20.76,30,1200,18.5,21.5,185.2,272.8,165.3,251.7,60.0,65.0,19.0,33,17.0,32,16.5,31.5,15.5,32.5,8,6,8,6,W,WNW,SE,S,88.5,95,81,84,200,11710,"Moderate: 10,001-20,000"
2,Sankarapuram,delux ponni,clay,50,25.0,wet,40,2,80,4,54.26,20.76,30,1200,18.1,21.9,185.6,272.4,166.1,250.9,60.2,64.8,20.5,32,17.5,28,18.0,34.0,16.5,35.0,10,12,10,12,SSE,W,SW,NW,72.7,91,83,81,160,11994,"Moderate: 10,001-20,000"
2,Chinnasalem,CO_43,alluvial,50,25.0,wet,40,2,80,4,54.26,20.76,30,1200,18.1,21.9,185.6,272.4,166.1,250.9,60.2,64.8,18.0,31,15.5,34,15.0,33.0,15.0,31.5,6,6,8,10,E,ENE,NE,NNW,78.6,80,92,88,180,11224,"Moderate: 10,001-20,000"
2,Cuddalore,delux ponni,clay,50,25.0,wet,40,2,80,4,54.26,20.76,30,1200,19.6,20.4,187.2,270.8,167.0,250.0,61.0,64.0,18.5,34,16.0,30,15.5,31.0,16.0,33.0,4,10,8,10,SW,W,NNW,WSW,72.0,78,88,85,160,11334,"Moderate: 10,001-20,000"
2,Kurinjipadi,ponmani,clay,50,25.0,wet,40,2,80,4,54.26,20.76,30,1200,19.6,20.4,187.2,270.8,167.0,250.0,61.0,64.0,19.5,34,18.5,35,17.0,32.5,16.0,30.5,10,4,10,6,NW,S,SE,SSE,64.6,85,84,87,200,11710,"Moderate: 10,001-20,000"
2,Panruti,CO_43,alluvial,50,25.0,wet,40,2,80,4,54.26,20.76,30,1200,18.5,21.5,185.2,272.8,165.3,251.7,60.0,65.0,20.0,35,18.0,30,17.5,33.5,18.0,33.0,4,12,4,12,ENE,NE,NNE,W,85.0,96,84,79,180,11672,"Moderate: 10,001-20,000"
2,Kallakurichi,ponmani,clay,50,25.0,wet,40,2,80,4,54.26,20.76,30,1200,18.5,21.5,185.2,272.8,165.3,251.7,60.0,65.0,19.0,33,17.0,32,16.5,31.5,15.5,32.5,8,6,8,6,W,WNW,SE,S,88.5,95,81,84,200,11040,"Moderate: 10,001-20,000"
2,Chinnasalem,CO_43,alluvial,50,25.0,wet,40,2,80,4,54.26,20.76,30,1200,18.1,21.9,185.6,272.4,166.1,250.9,60.2,64.8,18.0,31,15.5,34,15.0,33.0,15.0,31.5,6,6,8,10,E,ENE,NE,NNW,78.6,80,92,88,180,11238,"Moderate: 10,001-20,000"
2,Cuddalore,ponmani,clay,50,25.0,dry,40,2,80,4,54.26,20.76,30,1200,19.6,20.4,187.2,270.8,167.0,250.0,61.0,64.0,18.5,34,16.0,30,15.5,31.0,16.0,33.0,4,10,8,10,SW,W,NNW,WSW,72.0,78,88,85,200,11746,"Moderate: 10,001-20,000"
2,Kurinjipadi,delux ponni,alluvial,50,25.0,dry,40,2,80,4,54.26,20.76,30,1200,19.6,20.4,187.2,270.8,167.0,250.0,61.0,64.0,19.5,34,18.5,35,17.0,32.5,16.0,30.5,10,4,10,6,NW,S,SE,SSE,64.6,85,84,87,160,11938,"Moderate: 10,001-20,000"
2,Panruti,CO_43,alluvial,50,25.0,dry,40,2,80,4,54.26,20.76,30,1200,18.5,21.5,185.2,272.8,165.3,251.7,60.0,65.0,20.0,35,18.0,30,17.5,33.5,18.0,33.0,4,12,4,12,ENE,NE,NNE,W,85.0,96,84,79,180,11446,"Moderate: 10,001-20,000"
2,Kallakurichi,delux ponni,alluvial,50,25.0,dry,40,2,80,4,54.26,20.76,30,1200,18.5,21.5,185.2,272.8,165.3,251.7,60.0,65.0,19.0,33,17.0,32,16.5,31.5,15.5,32.5,8,6,8,6,W,WNW,SE,S,88.5,95,81,84,160,11832,"Moderate: 10,001-20,000"
2,Sankarapuram,ponmani,alluvial,50,25.0,dry,40,2,80,4,54.26,20.76,30,1200,18.1,21.9,185.6,272.4,166.1,250.9,60.2,64.8,20.5,32,17.5,28,18.0,34.0,16.5,35.0,10,12,10,12,SSE,W,SW,NW,72.7,91,83,81,200,11840,"Moderate: 10,001-20,000"
2,Chinnasalem,ponmani,clay,50,25.0,dry,40,2,80,4,54.26,20.76,30,1200,18.1,21.9,185.6,272.4,166.1,250.9,60.2,64.8,18.0,31,15.5,34,15.0,33.0,15.0,31.5,6,6,8,10,E,ENE,NE,NNW,78.6,80,92,88,200,11090,"Moderate: 10,001-20,000"
2,Cuddalore,ponmani,alluvial,50,25.0,dry,40,2,80,4,54.26,20.76,30,1200,19.6,20.4,187.2,270.8,167.0,250.0,61.0,64.0,18.5,34,16.0,30,15.5,31.0,16.0,33.0,4,10,8,10,SW,W,NNW,WSW,72.0,78,88,85,200,11446,"Moderate: 10,001-20,000"
2,Kurinjipadi,ponmani,clay,50,25.0,dry,40,2,80,4,54.26,20.76,30,1200,19.6,20.4,187.2,270.8,167.0,250.0,61.0,64.0,19.5,34,18.5,35,17.0,32.5,16.0,30.5,10,4,10,6,NW,S,SE,SSE,64.6,85,84,87,200,11938,"Moderate: 10,001-20,000"
2,Panruti,CO_43,clay,50,25.0,dry,40,2,80,4,54.26,20.76,30,1200,18.5,21.5,185.2,272.8,165.3,251.7,60.0,65.0,20.0,35,18.0,30,17.5,33.5,18.0,33.0,4,12,4,12,ENE,NE,NNE,W,85.0,96,84,79,180,11468,"Moderate: 10,001-20,000"
2,Kallakurichi,ponmani,alluvial,50,25.0,dry,40,2,80,4,54.26,20.76,30,1200,18.5,21.5,185.2,272.8,165.3,251.7,60.0,65.0,19.0,33,17.0,32,16.5,31.5,15.5,32.5,8,6,8,6,W,WNW,SE,S,88.5,95,81,84,200,11040,"Moderate: 10,001-20,000"
2,Sankarapuram,ponmani,clay,50,25.0,dry,40,2,80,4,54.26,20.76,30,1200,18.1,21.9,185.6,272.4,166.1,250.9,60.2,64.8,20.5,32,17.5,28,18.0,34.0,16.5,35.0,10,12,10,12,SSE,W,SW,NW,72.7,91,83,81,200,11854,"Moderate: 10,001-20,000"
2,Chinnasalem,ponmani,clay,50,25.0,wet,40,2,80,4,54.26,20.76,30,1200,18.1,21.9,185.6,272.4,166.1,250.9,60.2,64.8,18.0,31,15.5,34,15.0,33.0,15.0,31.5,6,6,8,10,E,ENE,NE,NNW,78.6,80,92,88,200,11038,"Moderate: 10,001-20,000"
2,Cuddalore,delux ponni,clay,50,25.0,wet,40,2,80,4,54.26,20.76,30,1200,19.6,20.4,187.2,270.8,167.0,250.0,61.0,64.0,18.5,34,16.0,30,15.5,31.0,16.0,33.0,4,10,8,10,SW,W,NNW,WSW,72.0,78,88,85,160,11538,"Moderate: 10,001-20,000"
2,Kurinjipadi,delux ponni,alluvial,50,25.0,wet,40,2,80,4,54.26,20.76,30,1200,19.6,20.4,187.2,270.8,167.0,250.0,61.0,64.0,19.5,34,18.5,35,17.0,32.5,16.0,30.5,10,4,10,6,NW,S,SE,SSE,64.6,85,84,87,160,11190,"Moderate: 10,001-20,000"
2,Panruti,delux ponni,alluvial,50,25.0,wet,40,2,80,4,54.26,20.76,30,1200,18.5,21.5,185.2,272.8,165.3,251.7,60.0,65.0,20.0,35,18.0,30,17.5,33.5,18.0,33.0,4,12,4,12,ENE,NE,NNE,W,85.0,96,84,79,160,11160,"Moderate: 10,001-20,000"
2,Kallakurichi,ponmani,alluvial,50,25.0,wet,40,2,80,4,54.26,20.76,30,1200,18.5,21.5,185.2,272.8,165.3,251.7,60.0,65.0,19.0,33,17.0,32,16.5,31.5,15.5,32.5,8,6,8,6,W,WNW,SE,S,88.5,95,81,84,200,11348,"Moderate: 10,001-20,000"
2,Sankarapuram,delux ponni,clay,50,25.0,wet,40,2,80,4,54.26,20.76,30,1200,18.1,21.9,185.6,272.4,166.1,250.9,60.2,64.8,20.5,32,17.5,28,18.0,34.0,16.5,35.0,10,12,10,12,SSE,W,SW,NW,72.7,91,83,81,160,11798,"Moderate: 10,001-20,000"
2,Chinnasalem,CO_43,alluvial,50,25.0,wet,40,2,80,4,54.26,20.76,30,1200,18.1,21.9,185.6,272.4,166.1,250.9,60.2,64.8,18.0,31,15.5,34,15.0,33.0,15.0,31.5,6,6,8,10,E,ENE,NE,NNW,78.6,80,92,88,180,11246,"Moderate: 10,001-20,000"
2,Chinnasalem,delux ponni,clay,50,25.0,wet,40,2,80,4,54.26,20.76,30,1200,18.1,21.9,185.6,272.4,166.1,250.9,60.2,64.8,18.0,31,15.5,34,15.0,33.0,15.0,31.5,6,6,8,10,E,ENE,NE,NNW,78.6,80,92,88,160,11508,"Moderate: 10,001-20,000"
2,Chinnasalem,delux ponni,alluvial,50,25.0,wet,40,2,80,4,54.26,20.76,30,1200,18.1,21.9,185.6,272.4,166.1,250.9,60.2,64.8,18.0,31,15.5,34,15.0,33.0,15.0,31.5,6,6,8,10,E,ENE,NE,NNW,78.6,80,92,88,160,11040,"Moderate: 10,001-20,000"
2,Chinnasalem,CO_43,alluvial,50,25.0,wet,40,2,80,4,54.26,20.76,30,1200,18.1,21.9,185.6,272.4,166.1,250.9,60.2,64.8,18.0,31,15.5,34,15.0,33.0,15.0,31.5,6,6,8,10,E,ENE,NE,NNW,78.6,80,92,88,180,11446,"Moderate: 10,001-20,000"
2,Chinnasalem,ponmani,clay,50,25.0,wet,40,2,80,4,54.26,20.76,30,1200,18.1,21.9,185.6,272.4,166.1,250.9,60.2,64.8,18.0,31,15.5,34,15.0,33.0,15.0,31.5,6,6,8,10,E,ENE,NE,NNW,78.6,80,92,88,200,11040,"Moderate: 10,001-20,000"
2,Kallakurichi,delux ponni,clay,50,25.0,wet,40,2,80,4,54.26,20.76,30,1200,18.5,21.5,185.2,272.8,165.3,251.7,60.0,65.0,19.0,33,17.0,32,16.5,31.5,15.5,32.5,8,6,8,6,W,WNW,SE,S,88.5,95,81,84,160,11538,"Moderate: 10,001-20,000"
2,Kallakurichi,CO_43,alluvial,50,25.0,wet,40,2,80,4,54.26,20.76,30,1200,18.5,21.5,185.2,272.8,165.3,251.7,60.0,65.0,19.0,33,17.0,32,16.5,31.5,15.5,32.5,8,6,8,6,W,WNW,SE,S,88.5,95,81,84,180,11348,"Moderate: 10,001-20,000"
2,Kallakurichi,ponmani,clay,50,25.0,wet,40,2,80,4,54.26,20.76,30,1200,18.5,21.5,185.2,272.8,165.3,251.7,60.0,65.0,19.0,33,17.0,32,16.5,31.5,15.5,32.5,8,6,8,6,W,WNW,SE,S,88.5,95,81,84,200,11508,"Moderate: 10,001-20,000"
2,Kallakurichi,delux ponni,alluvial,50,25.0,wet,40,2,80,4,54.26,20.76,30,1200,18.5,21.5,185.2,272.8,165.3,251.7,60.0,65.0,19.0,33,17.0,32,16.5,31.5,15.5,32.5,8,6,8,6,W,WNW,SE,S,88.5,95,81,84,160,11746,"Moderate: 10,001-20,000"
2,Panruti,ponmani,alluvial,50,25.0,wet,40,2,80,4,54.26,20.76,30,1200,18.5,21.5,185.2,272.8,165.3,251.7,60.0,65.0,20.0,35,18.0,30,17.5,33.5,18.0,33.0,4,12,4,12,ENE,NE,NNE,W,85.0,96,84,79,200,11832,"Moderate: 10,001-20,000"
2,Panruti,CO_43,clay,50,25.0,wet,40,2,80,4,54.26,20.76,30,1200,18.5,21.5,185.2,272.8,165.3,251.7,60.0,65.0,20.0,35,18.0,30,17.5,33.5,18.0,33.0,4,12,4,12,ENE,NE,NNE,W,85.0,96,84,79,180,11746,"Moderate: 10,001-20,000"
2,Panruti,ponmani,alluvial,50,25.0,wet,40,2,80,4,54.26,20.76,30,1200,18.5,21.5,185.2,272.8,165.3,251.7,60.0,65.0,20.0,35,18.0,30,17.5,33.5,18.0,33.0,4,12,4,12,ENE,NE,NNE,W,85.0,96,84,79,200,11446,"Moderate: 10,001-20,000"
2,Cuddalore,delux ponni,clay,50,25.0,wet,40,2,80,4,54.26,20.76,30,1200,19.6,20.4,187.2,270.8,167.0,250.0,61.0,64.0,18.5,34,16.0,30,15.5,31.0,16.0,33.0,4,10,8,10,SW,W,NNW,WSW,72.0,78,88,85,160,11816,"Moderate: 10,001-20,000"
2,Cuddalore,CO_43,alluvial,50,25.0,wet,40,2,80,4,54.26,20.76,30,1200,19.6,20.4,187.2,270.8,167.0,250.0,61.0,64.0,18.5,34,16.0,30,15.5,31.0,16.0,33.0,4,10,8,10,SW,W,NNW,WSW,72.0,78,88,85,180,11672,"Moderate: 10,001-20,000"
2,Cuddalore,ponmani,alluvial,50,25.0,wet,40,2,80,4,54.26,20.76,30,1200,19.6,20.4,187.2,270.8,167.0,250.0,61.0,64.0,18.5,34,16.0,30,15.5,31.0,16.0,33.0,4,10,8,10,SW,W,NNW,WSW,72.0,78,88,85,200,11054,"Moderate: 10,001-20,000"
2,Cuddalore,delux ponni,clay,50,25.0,wet,40,2,80,4,54.26,20.76,30,1200,19.6,20.4,187.2,270.8,167.0,250.0,61.0,64.0,18.5,34,16.0,30,15.5,31.0,16.0,33.0,4,10,8,10,SW,W,NNW,WSW,72.0,78,88,85,160,10820,"Moderate: 10,001-20,000"
2,Cuddalore,CO_43,alluvial,50,25.0,wet,40,2,80,4,54.26,20.76,30,1200,19.6,20.4,187.2,270.8,167.0,250.0,61.0,64.0,18.5,34,16.0,30,15.5,31.0,16.0,33.0,4,10,8,10,SW,W,NNW,WSW,72.0,78,88,85,180,11446,"Moderate: 10,001-20,000"
2,Cuddalore,ponmani,alluvial,50,25.0,wet,40,2,80,4,54.26,20.76,30,1200,19.6,20.4,187.2,270.8,167.0,250.0,61.0,64.0,18.5,34,16.0,30,15.5,31.0,16.0,33.0,4,10,8,10,SW,W,NNW,WSW,72.0,78,88,85,200,11256,"Moderate: 10,001-20,000"
2,Kurinjipadi,CO_43,clay,50,25.0,wet,40,2,80,4,54.26,20.76,30,1200,19.6,20.4,187.2,270.8,167.0,250.0,61.0,64.0,19.5,34,18.5,35,17.0,32.5,16.0,30.5,10,4,10,6,NW,S,SE,SSE,64.6,85,84,87,180,10984,"Moderate: 10,001-20,000"
2,Kurinjipadi,ponmani,alluvial,50,25.0,wet,40,2,80,4,54.26,20.76,30,1200,19.6,20.4,187.2,270.8,167.0,250.0,61.0,64.0,19.5,34,18.5,35,17.0,32.5,16.0,30.5,10,4,10,6,NW,S,SE,SSE,64.6,85,84,87,200,11832,"Moderate: 10,001-20,000"
2,Kurinjipadi,delux ponni,clay,50,25.0,wet,40,2,80,4,54.26,20.76,30,1200,19.6,20.4,187.2,270.8,167.0,250.0,61.0,64.0,19.5,34,18.5,35,17.0,32.5,16.0,30.5,10,4,10,6,NW,S,SE,SSE,64.6,85,84,87,160,11726,"Moderate: 10,001-20,000"
2,Kurinjipadi,CO_43,clay,50,25.0,wet,40,2,80,4,54.26,20.76,30,1200,19.6,20.4,187.2,270.8,167.0,250.0,61.0,64.0,19.5,34,18.5,35,17.0,32.5,16.0,30.5,10,4,10,6,NW,S,SE,SSE,64.6,85,84,87,180,10906,"Moderate: 10,001-20,000"
2,Kurinjipadi,ponmani,clay,50,25.0,dry,40,2,80,4,54.26,20.76,30,1200,19.6,20.4,187.2,270.8,167.0,250.0,61.0,64.0,19.5,34,18.5,35,17.0,32.5,16.0,30.5,10,4,10,6,NW,S,SE,SSE,64.6,85,84,87,200,11766,"Moderate: 10,001-20,000"
2,Kurinjipadi,delux ponni,clay,50,25.0,dry,40,2,80,4,54.26,20.76,30,1200,19.6,20.4,187.2,270.8,167.0,250.0,61.0,64.0,19.5,34,18.5,35,17.0,32.5,16.0,30.5,10,4,10,6,NW,S,SE,SSE,64.6,85,84,87,160,11672,"Moderate: 10,001-20,000"
2,Kurinjipadi,CO_43,alluvial,50,25.0,dry,40,2,80,4,54.26,20.76,30,1200,19.6,20.4,187.2,270.8,167.0,250.0,61.0,64.0,19.5,34,18.5,35,17.0,32.5,16.0,30.5,10,4,10,6,NW,S,SE,SSE,64.6,85,84,87,180,11446,"Moderate: 10,001-20,000"
2,Kurinjipadi,delux ponni,clay,50,25.0,dry,40,2,80,4,54.26,20.76,30,1200,19.6,20.4,187.2,270.8,167.0,250.0,61.0,64.0,19.5,34,18.5,35,17.0,32.5,16.0,30.5,10,4,10,6,NW,S,SE,SSE,64.6,85,84,87,160,11784,"Moderate: 10,001-20,000"
2,Kurinjipadi,ponmani,clay,50,25.0,dry,40,2,80,4,54.26,20.76,30,1200,19.6,20.4,187.2,270.8,167.0,250.0,61.0,64.0,19.5,34,18.5,35,17.0,32.5,16.0,30.5,10,4,10,6,NW,S,SE,SSE,64.6,85,84,87,200,11282,"Moderate: 10,001-20,000"
2,Kurinjipadi,ponmani,alluvial,50,25.0,dry,40,2,80,4,54.26,20.76,30,1200,19.6,20.4,187.2,270.8,167.0,250.0,61.0,64.0,19.5,34,18.5,35,17.0,32.5,16.0,30.5,10,4,10,6,NW,S,SE,SSE,64.6,85,84,87,200,11512,"Moderate: 10,001-20,000"
2,Sankarapuram,ponmani,clay,50,25.0,dry,40,2,80,4,54.26,20.76,30,1200,18.1,21.9,185.6,272.4,166.1,250.9,60.2,64.8,20.5,32,17.5,28,18.0,34.0,16.5,35.0,10,12,10,12,SSE,W,SW,NW,72.7,91,83,81,200,11160,"Moderate: 10,001-20,000"
2,Sankarapuram,ponmani,clay,50,25.0,dry,40,2,80,4,54.26,20.76,30,1200,18.1,21.9,185.6,272.4,166.1,250.9,60.2,64.8,20.5,32,17.5,28,18.0,34.0,16.5,35.0,10,12,10,12,SSE,W,SW,NW,72.7,91,83,81,200,11050,"Moderate: 10,001-20,000"
2,Sankarapuram,CO_43,alluvial,50,25.0,dry,40,2,80,4,54.26,20.76,30,1200,18.1,21.9,185.6,272.4,166.1,250.9,60.2,64.8,20.5,32,17.5,28,18.0,34.0,16.5,35.0,10,12,10,12,SSE,W,SW,NW,72.7,91,83,81,180,11218,"Moderate: 10,001-20,000"
2,Sankarapuram,ponmani,clay,50,25.0,dry,40,2,80,4,54.26,20.76,30,1200,18.1,21.9,185.6,272.4,166.1,250.9,60.2,64.8,20.5,32,17.5,28,18.0,34.0,16.5,35.0,10,12,10,12,SSE,W,SW,NW,72.7,91,83,81,200,11714,"Moderate: 10,001-20,000"
2,Sankarapuram,ponmani,clay,50,25.0,dry,40,2,80,4,54.26,20.76,30,1200,18.1,21.9,185.6,272.4,166.1,250.9,60.2,64.8,20.5,32,17.5,28,18.0,34.0,16.5,35.0,10,12,10,12,SSE,W,SW,NW,72.7,91,83,81,200,11472,"Moderate: 10,001-20,000"
2,Sankarapuram,ponmani,clay,50,25.0,dry,40,2,80,4,54.26,20.76,30,1200,18.1,21.9,185.6,272.4,166.1,250.9,60.2,64.8,20.5,32,17.5,28,18.0,34.0,16.5,35.0,10,12,10,12,SSE,W,SW,NW,72.7,91,83,81,200,11290,"Moderate: 10,001-20,000"
2,Sankarapuram,delux ponni,alluvial,50,25.0,dry,40,2,80,4,54.26,20.76,30,1200,18.1,21.9,185.6,272.4,166.1,250.9,60.2,64.8,20.5,32,17.5,28,18.0,34.0,16.5,35.0,10,12,10,12,SSE,W,SW,NW,72.7,91,83,81,160,11834,"Moderate: 10,001-20,000"
2,Sankarapuram,delux ponni,clay,50,25.0,dry,40,2,80,4,54.26,20.76,30,1200,18.1,21.9,185.6,272.4,166.1,250.9,60.2,64.8,20.5,32,17.5,28,18.0,34.0,16.5,35.0,10,12,10,12,SSE,W,SW,NW,72.7,91,83,81,160,11334,"Moderate: 10,001-20,000"
2,Sankarapuram,delux ponni,clay,50,25.0,dry,40,2,80,4,54.26,20.76,30,1200,18.1,21.9,185.6,272.4,166.1,250.9,60.2,64.8,20.5,32,17.5,28,18.0,34.0,16.5,35.0,10,12,10,12,SSE,W,SW,NW,72.7,91,83,81,160,11074,"Moderate: 10,001-20,000"
2,Sankarapuram,ponmani,alluvial,50,25.0,dry,40,2,80,4,54.26,20.76,30,1200,18.1,21.9,185.6,272.4,166.1,250.9,60.2,64.8,20.5,32,17.5,28,18.0,34.0,16.5,35.0,10,12,10,12,SSE,W,SW,NW,72.7,91,83,81,200,11966,"Moderate: 10,001-20,000"
2,Sankarapuram,delux ponni,alluvial,50,25.0,wet,40,2,80,4,54.26,20.76,30,1200,18.1,21.9,185.6,272.4,166.1,250.9,60.2,64.8,20.5,32,17.5,28,18.0,34.0,16.5,35.0,10,12,10,12,SSE,W,SW,NW,72.7,91,83,81,160,11054,"Moderate: 10,001-20,000"
2,Sankarapuram,CO_43,alluvial,50,25.0,wet,40,2,80,4,54.26,20.76,30,1200,18.1,21.9,185.6,272.4,166.1,250.9,60.2,64.8,20.5,32,17.5,28,18.0,34.0,16.5,35.0,10,12,10,12,SSE,W,SW,NW,72.7,91,83,81,180,10820,"Moderate: 10,001-20,000"
2,Sankarapuram,delux ponni,alluvial,50,25.0,wet,40,2,80,4,54.26,20.76,30,1200,18.1,21.9,185.6,272.4,166.1,250.9,60.2,64.8,20.5,32,17.5,28,18.0,34.0,16.5,35.0,10,12,10,12,SSE,W,SW,NW,72.7,91,83,81,160,10926,"Moderate: 10,001-20,000"
2,Sankarapuram,CO_43,alluvial,50,25.0,wet,40,2,80,4,54.26,20.76,30,1200,18.1,21.9,185.6,272.4,166.1,250.9,60.2,64.8,20.5,32,17.5,28,18.0,34.0,16.5,35.0,10,12,10,12,SSE,W,SW,NW,72.7,91,83,81,180,11256,"Moderate: 10,001-20,000"
2,Sankarapuram,delux ponni,clay,50,25.0,wet,40,2,80,4,54.26,20.76,30,1200,18.1,21.9,185.6,272.4,166.1,250.9,60.2,64.8,20.5,32,17.5,28,18.0,34.0,16.5,35.0,10,12,10,12,SSE,W,SW,NW,72.7,91,83,81,160,10906,"Moderate: 10,001-20,000"
2,Sankarapuram,CO_43,clay,50,25.0,wet,40,2,80,4,54.26,20.76,30,1200,18.1,21.9,185.6,272.4,166.1,250.9,60.2,64.8,20.5,32,17.5,28,18.0,34.0,16.5,35.0,10,12,10,12,SSE,W,SW,NW,72.7,91,83,81,180,11224,"Moderate: 10,001-20,000"
2,Sankarapuram,ponmani,clay,50,25.0,dry,40,2,80,4,54.26,20.76,30,1200,18.1,21.9,185.6,272.4,166.1,250.9,60.2,64.8,20.5,32,17.5,28,18.0,34.0,16.5,35.0,10,12,10,12,SSE,W,SW,NW,72.7,91,83,81,200,11746,"Moderate: 10,001-20,000"
2,Sankarapuram,delux ponni,clay,50,25.0,dry,40,2,80,4,54.26,20.76,30,1200,18.1,21.9,185.6,272.4,166.1,250.9,60.2,64.8,20.5,32,17.5,28,18.0,34.0,16.5,35.0,10,12,10,12,SSE,W,SW,NW,72.7,91,83,81,160,11766,"Moderate: 10,001-20,000"
2,Cuddalore,CO_43,clay,50,25.0,dry,40,2,80,4,54.26,20.76,30,1200,19.6,20.4,187.2,270.8,167.0,250.0,61.0,64.0,18.5,34,16.0,30,15.5,31.0,16.0,33.0,4,10,8,10,SW,W,NNW,WSW,72.0,78,88,85,180,11672,"Moderate: 10,001-20,000"
2,Kurinjipadi,delux ponni,clay,50,25.0,dry,40,2,80,4,54.26,20.76,30,1200,19.6,20.4,187.2,270.8,167.0,250.0,61.0,64.0,19.5,34,18.5,35,17.0,32.5,16.0,30.5,10,4,10,6,NW,S,SE,SSE,64.6,85,84,87,160,11282,"Moderate: 10,001-20,000"
2,Panruti,ponmani,clay,50,25.0,dry,40,2,80,4,54.26,20.76,30,1200,18.5,21.5,185.2,272.8,165.3,251.7,60.0,65.0,20.0,35,18.0,30,17.5,33.5,18.0,33.0,4,12,4,12,ENE,NE,NNE,W,85.0,96,84,79,200,11050,"Moderate: 10,001-20,000"
2,Kallakurichi,CO_43,clay,50,25.0,dry,40,2,80,4,54.26,20.76,30,1200,18.5,21.5,185.2,272.8,165.3,251.7,60.0,65.0,19.0,33,17.0,32,16.5,31.5,15.5,32.5,8,6,8,6,W,WNW,SE,S,88.5,95,81,84,180,11472,"Moderate: 10,001-20,000"
2,Sankarapuram,ponmani,alluvial,50,25.0,dry,40,2,80,4,54.26,20.76,30,1200,18.1,21.9,185.6,272.4,166.1,250.9,60.2,64.8,20.5,32,17.5,28,18.0,34.0,16.5,35.0,10,12,10,12,SSE,W,SW,NW,72.7,91,83,81,200,11334,"Moderate: 10,001-20,000"
2,Chinnasalem,delux ponni,alluvial,50,25.0,dry,40,2,80,4,54.26,20.76,30,1200,18.1,21.9,185.6,272.4,166.1,250.9,60.2,64.8,18.0,31,15.5,34,15.0,33.0,15.0,31.5,6,6,8,10,E,ENE,NE,NNW,78.6,80,92,88,160,11446,"Moderate: 10,001-20,000"
2,Cuddalore,CO_43,alluvial,50,25.0,dry,40,2,80,4,54.26,20.76,30,1200,19.6,20.4,187.2,270.8,167.0,250.0,61.0,64.0,18.5,34,16.0,30,15.5,31.0,16.0,33.0,4,10,8,10,SW,W,NNW,WSW,72.0,78,88,85,180,11746,"Moderate: 10,001-20,000"
2,Panruti,delux ponni,clay,50,25.0,wet,40,2,80,4,54.26,20.76,30,1200,18.5,21.5,185.2,272.8,165.3,251.7,60.0,65.0,20.0,35,18.0,30,17.5,33.5,18.0,33.0,4,12,4,12,ENE,NE,NNE,W,85.0,96,84,79,160,11746,"Moderate: 10,001-20,000"
2,Kallakurichi,CO_43,alluvial,50,25.0,wet,40,2,80,4,54.26,20.76,30,1200,18.5,21.5,185.2,272.8,165.3,251.7,60.0,65.0,19.0,33,17.0,32,16.5,31.5,15.5,32.5,8,6,8,6,W,WNW,SE,S,88.5,95,81,84,180,11672,"Moderate: 10,001-20,000"
2,Chinnasalem,ponmani,alluvial,50,25.0,wet,40,2,80,4,54.26,20.76,30,1200,18.1,21.9,185.6,272.4,166.1,250.9,60.2,64.8,18.0,31,15.5,34,15.0,33.0,15.0,31.5,6,6,8,10,E,ENE,NE,NNW,78.6,80,92,88,200,11710,"Moderate: 10,001-20,000"
2,Cuddalore,CO_43,clay,50,25.0,wet,40,2,80,4,54.26,20.76,30,1200,19.6,20.4,187.2,270.8,167.0,250.0,61.0,64.0,18.5,34,16.0,30,15.5,31.0,16.0,33.0,4,10,8,10,SW,W,NNW,WSW,72.0,78,88,85,180,11746,"Moderate: 10,001-20,000"
2,Panruti,delux ponni,clay,50,25.0,wet,40,2,80,4,54.26,20.76,30,1200,18.5,21.5,185.2,272.8,165.3,251.7,60.0,65.0,20.0,35,18.0,30,17.5,33.5,18.0,33.0,4,12,4,12,ENE,NE,NNE,W,85.0,96,84,79,160,11672,"Moderate: 10,001-20,000"
2,Kallakurichi,CO_43,clay,50,25.0,wet,40,2,80,4,54.26,20.76,30,1200,18.5,21.5,185.2,272.8,165.3,251.7,60.0,65.0,19.0,33,17.0,32,16.5,31.5,15.5,32.5,8,6,8,6,W,WNW,SE,S,88.5,95,81,84,180,11054,"Moderate: 10,001-20,000"
2,Sankarapuram,ponmani,clay,50,25.0,wet,40,2,80,4,54.26,20.76,30,1200,18.1,21.9,185.6,272.4,166.1,250.9,60.2,64.8,20.5,32,17.5,28,18.0,34.0,16.5,35.0,10,12,10,12,SSE,W,SW,NW,72.7,91,83,81,200,10820,"Moderate: 10,001-20,000"
2,Chinnasalem,delux ponni,clay,50,25.0,wet,40,2,80,4,54.26,20.76,30,1200,18.1,21.9,185.6,272.4,166.1,250.9,60.2,64.8,18.0,31,15.5,34,15.0,33.0,15.0,31.5,6,6,8,10,E,ENE,NE,NNW,78.6,80,92,88,160,11310,"Moderate: 10,001-20,000"
2,Cuddalore,CO_43,clay,50,25.0,wet,40,2,80,4,54.26,20.76,30,1200,19.6,20.4,187.2,270.8,167.0,250.0,61.0,64.0,18.5,34,16.0,30,15.5,31.0,16.0,33.0,4,10,8,10,SW,W,NNW,WSW,72.0,78,88,85,180,11544,"Moderate: 10,001-20,000"
2,Kurinjipadi,delux ponni,alluvial,50,25.0,wet,40,2,80,4,54.26,20.76,30,1200,19.6,20.4,187.2,270.8,167.0,250.0,61.0,64.0,19.5,34,18.5,35,17.0,32.5,16.0,30.5,10,4,10,6,NW,S,SE,SSE,64.6,85,84,87,160,11268,"Moderate: 10,001-20,000"
2,Panruti,ponmani,clay,50,25.0,wet,40,2,80,4,54.26,20.76,30,1200,18.5,21.5,185.2,272.8,165.3,251.7,60.0,65.0,20.0,35,18.0,30,17.5,33.5,18.0,33.0,4,12,4,12,ENE,NE,NNE,W,85.0,96,84,79,200,11424,"Moderate: 10,001-20,000"
2,Kallakurichi,ponmani,alluvial,50,25.0,wet,40,2,80,4,54.26,20.76,30,1200,18.5,21.5,185.2,272.8,165.3,251.7,60.0,65.0,19.0,33,17.0,32,16.5,31.5,15.5,32.5,8,6,8,6,W,WNW,SE,S,88.5,95,81,84,200,11520,"Moderate: 10,001-20,000"
2,Sankarapuram,ponmani,clay,50,25.0,wet,40,2,80,4,54.26,20.76,30,1200,18.1,21.9,185.6,272.4,166.1,250.9,60.2,64.8,20.5,32,17.5,28,18.0,34.0,16.5,35.0,10,12,10,12,SSE,W,SW,NW,72.7,91,83,81,200,11702,"Moderate: 10,001-20,000"
2,Chinnasalem,ponmani,alluvial,50,25.0,wet,40,2,80,4,54.26,20.76,30,1200,18.1,21.9,185.6,272.4,166.1,250.9,60.2,64.8,18.0,31,15.5,34,15.0,33.0,15.0,31.5,6,6,8,10,E,ENE,NE,NNW,78.6,80,92,88,200,11862,"Moderate: 10,001-20,000"
2,Cuddalore,CO_43,alluvial,50,25.0,wet,40,2,80,4,54.26,20.76,30,1200,19.6,20.4,187.2,270.8,167.0,250.0,61.0,64.0,18.5,34,16.0,30,15.5,31.0,16.0,33.0,4,10,8,10,SW,W,NNW,WSW,72.0,78,88,85,180,11932,"Moderate: 10,001-20,000"
2,Kurinjipadi,ponmani,clay,50,25.0,dry,40,2,80,4,54.26,20.76,30,1200,19.6,20.4,187.2,270.8,167.0,250.0,61.0,64.0,19.5,34,18.5,35,17.0,32.5,16.0,30.5,10,4,10,6,NW,S,SE,SSE,64.6,85,84,87,200,11452,"Moderate: 10,001-20,000"
2,Panruti,ponmani,alluvial,50,25.0,dry,40,2,80,4,54.26,20.76,30,1200,18.5,21.5,185.2,272.8,165.3,251.7,60.0,65.0,20.0,35,18.0,30,17.5,33.5,18.0,33.0,4,12,4,12,ENE,NE,NNE,W,85.0,96,84,79,200,11280,"Moderate: 10,001-20,000"
2,Kallakurichi,ponmani,clay,50,25.0,dry,40,2,80,4,54.26,20.76,30,1200,18.5,21.5,185.2,272.8,165.3,251.7,60.0,65.0,19.0,33,17.0,32,16.5,31.5,15.5,32.5,8,6,8,6,W,WNW,SE,S,88.5,95,81,84,200,11612,"Moderate: 10,001-20,000"
2,Sankarapuram,delux ponni,alluvial,50,25.0,dry,40,2,80,4,54.26,20.76,30,1200,18.1,21.9,185.6,272.4,166.1,250.9,60.2,64.8,20.5,32,17.5,28,18.0,34.0,16.5,35.0,10,12,10,12,SSE,W,SW,NW,72.7,91,83,81,160,11534,"Moderate: 10,001-20,000"
2,Chinnasalem,delux ponni,clay,50,25.0,dry,40,2,80,4,54.26,20.76,30,1200,18.1,21.9,185.6,272.4,166.1,250.9,60.2,64.8,18.0,31,15.5,34,15.0,33.0,15.0,31.5,6,6,8,10,E,ENE,NE,NNW,78.6,80,92,88,160,11364,"Moderate: 10,001-20,000"
2,Cuddalore,delux ponni,alluvial,50,25.0,dry,40,2,80,4,54.26,20.76,30,1200,19.6,20.4,187.2,270.8,167.0,250.0,61.0,64.0,18.5,34,16.0,30,15.5,31.0,16.0,33.0,4,10,8,10,SW,W,NNW,WSW,72.0,78,88,85,160,11602,"Moderate: 10,001-20,000"
2,Kurinjipadi,ponmani,clay,50,25.0,dry,40,2,80,4,54.26,20.76,30,1200,19.6,20.4,187.2,270.8,167.0,250.0,61.0,64.0,19.5,34,18.5,35,17.0,32.5,16.0,30.5,10,4,10,6,NW,S,SE,SSE,64.6,85,84,87,200,11346,"Moderate: 10,001-20,000"
2,Panruti,delux ponni,clay,50,25.0,dry,40,2,80,4,54.26,20.76,30,1200,18.5,21.5,185.2,272.8,165.3,251.7,60.0,65.0,20.0,35,18.0,30,17.5,33.5,18.0,33.0,4,12,4,12,ENE,NE,NNE,W,85.0,96,84,79,160,11454,"Moderate: 10,001-20,000"
2,Kallakurichi,CO_43,alluvial,50,25.0,dry,40,2,80,4,54.26,20.76,30,1200,18.5,21.5,185.2,272.8,165.3,251.7,60.0,65.0,19.0,33,17.0,32,16.5,31.5,15.5,32.5,8,6,8,6,W,WNW,SE,S,88.5,95,81,84,180,11646,"Moderate: 10,001-20,000"
2,Sankarapuram,delux ponni,clay,50,25.0,dry,40,2,80,4,54.26,20.76,30,1200,18.1,21.9,185.6,272.4,166.1,250.9,60.2,64.8,20.5,32,17.5,28,18.0,34.0,16.5,35.0,10,12,10,12,SSE,W,SW,NW,72.7,91,83,81,160,11884,"Moderate: 10,001-20,000"
2,Chinnasalem,delux ponni,clay,50,25.0,wet,40,2,80,4,54.26,20.76,30,1200,18.1,21.9,185.6,272.4,166.1,250.9,60.2,64.8,18.0,31,15.5,34,15.0,33.0,15.0,31.5,6,6,8,10,E,ENE,NE,NNW,78.6,80,92,88,160,11574,"Moderate: 10,001-20,000"
2,Cuddalore,CO_43,alluvial,50,25.0,wet,40,2,80,4,54.26,20.76,30,1200,19.6,20.4,187.2,270.8,167.0,250.0,61.0,64.0,18.5,34,16.0,30,15.5,31.0,16.0,33.0,4,10,8,10,SW,W,NNW,WSW,72.0,78,88,85,180,11814,"Moderate: 10,001-20,000"
2,Kurinjipadi,ponmani,clay,50,25.0,wet,40,2,80,4,54.26,20.76,30,1200,19.6,20.4,187.2,270.8,167.0,250.0,61.0,64.0,19.5,34,18.5,35,17.0,32.5,16.0,30.5,10,4,10,6,NW,S,SE,SSE,64.6,85,84,87,200,11514,"Moderate: 10,001-20,000"
2,Panruti,delux ponni,clay,50,25.0,wet,40,2,80,4,54.26,20.76,30,1200,18.5,21.5,185.2,272.8,165.3,251.7,60.0,65.0,20.0,35,18.0,30,17.5,33.5,18.0,33.0,4,12,4,12,ENE,NE,NNE,W,85.0,96,84,79,160,11734,"Moderate: 10,001-20,000"
2,Kallakurichi,CO_43,clay,50,25.0,wet,40,2,80,4,54.26,20.76,30,1200,18.5,21.5,185.2,272.8,165.3,251.7,60.0,65.0,19.0,33,17.0,32,16.5,31.5,15.5,32.5,8,6,8,6,W,WNW,SE,S,88.5,95,81,84,180,11940,"Moderate: 10,001-20,000"
2,Sankarapuram,ponmani,clay,50,25.0,wet,40,2,80,4,54.26,20.76,30,1200,18.1,21.9,185.6,272.4,166.1,250.9,60.2,64.8,20.5,32,17.5,28,18.0,34.0,16.5,35.0,10,12,10,12,SSE,W,SW,NW,72.7,91,83,81,200,11994,"Moderate: 10,001-20,000"
2,Chinnasalem,delux ponni,alluvial,50,25.0,wet,40,2,80,4,54.26,20.76,30,1200,18.1,21.9,185.6,272.4,166.1,250.9,60.2,64.8,18.0,31,15.5,34,15.0,33.0,15.0,31.5,6,6,8,10,E,ENE,NE,NNW,78.6,80,92,88,160,11444,"Moderate: 10,001-20,000"
2,Cuddalore,CO_43,clay,50,25.0,wet,40,2,80,4,54.26,20.76,30,1200,19.6,20.4,187.2,270.8,167.0,250.0,61.0,64.0,18.5,34,16.0,30,15.5,31.0,16.0,33.0,4,10,8,10,SW,W,NNW,WSW,72.0,78,88,85,180,10984,"Moderate: 10,001-20,000"
2,Kurinjipadi,delux ponni,alluvial,50,25.0,wet,40,2,80,4,54.26,20.76,30,1200,19.6,20.4,187.2,270.8,167.0,250.0,61.0,64.0,19.5,34,18.5,35,17.0,32.5,16.0,30.5,10,4,10,6,NW,S,SE,SSE,64.6,85,84,87,160,11832,"Moderate: 10,001-20,000"
2,Panruti,ponmani,clay,50,25.0,wet,40,2,80,4,54.26,20.76,30,1200,18.5,21.5,185.2,272.8,165.3,251.7,60.0,65.0,20.0,35,18.0,30,17.5,33.5,18.0,33.0,4,12,4,12,ENE,NE,NNE,W,85.0,96,84,79,200,11726,"Moderate: 10,001-20,000"
2,Kallakurichi,CO_43,clay,50,25.0,wet,40,2,80,4,54.26,20.76,30,1200,18.5,21.5,185.2,272.8,165.3,251.7,60.0,65.0,19.0,33,17.0,32,16.5,31.5,15.5,32.5,8,6,8,6,W,WNW,SE,S,88.5,95,81,84,180,11710,"Moderate: 10,001-20,000"
2,Sankarapuram,ponmani,alluvial,50,25.0,dry,40,2,80,4,54.26,20.76,30,1200,18.1,21.9,185.6,272.4,166.1,250.9,60.2,64.8,20.5,32,17.5,28,18.0,34.0,16.5,35.0,10,12,10,12,SSE,W,SW,NW,72.7,91,83,81,200,10906,"Moderate: 10,001-20,000"
2,Chinnasalem,delux ponni,clay,50,25.0,dry,40,2,80,4,54.26,20.76,30,1200,18.1,21.9,185.6,272.4,166.1,250.9,60.2,64.8,18.0,31,15.5,34,15.0,33.0,15.0,31.5,6,6,8,10,E,ENE,NE,NNW,78.6,80,92,88,160,11224,"Moderate: 10,001-20,000"
2,Kurinjipadi,ponmani,alluvial,50,25.0,dry,40,2,80,4,54.26,20.76,30,1200,19.6,20.4,187.2,270.8,167.0,250.0,61.0,64.0,19.5,34,18.5,35,17.0,32.5,16.0,30.5,10,4,10,6,NW,S,SE,SSE,64.6,85,84,87,200,11766,"Moderate: 10,001-20,000"
2,Panruti,delux ponni,clay,50,25.0,dry,40,2,80,4,54.26,20.76,30,1200,18.5,21.5,185.2,272.8,165.3,251.7,60.0,65.0,20.0,35,18.0,30,17.5,33.5,18.0,33.0,4,12,4,12,ENE,NE,NNE,W,85.0,96,84,79,160,11446,"Moderate: 10,001-20,000"
2,Sankarapuram,delux ponni,alluvial,50,25.0,dry,40,2,80,4,54.26,20.76,30,1200,18.1,21.9,185.6,272.4,166.1,250.9,60.2,64.8,20.5,32,17.5,28,18.0,34.0,16.5,35.0,10,12,10,12,SSE,W,SW,NW,72.7,91,83,81,160,11446,"Moderate: 10,001-20,000"
2,Chinnasalem,ponmani,alluvial,50,25.0,dry,40,2,80,4,54.26,20.76,30,1200,18.1,21.9,185.6,272.4,166.1,250.9,60.2,64.8,18.0,31,15.5,34,15.0,33.0,15.0,31.5,6,6,8,10,E,ENE,NE,NNW,78.6,80,92,88,200,10984,"Moderate: 10,001-20,000"
2,Kurinjipadi,ponmani,clay,50,25.0,dry,40,2,80,4,54.26,20.76,30,1200,19.6,20.4,187.2,270.8,167.0,250.0,61.0,64.0,19.5,34,18.5,35,17.0,32.5,16.0,30.5,10,4,10,6,NW,S,SE,SSE,64.6,85,84,87,200,11672,"Moderate: 10,001-20,000"
2,Panruti,delux ponni,alluvial,50,25.0,wet,40,2,80,4,54.26,20.76,30,1200,18.5,21.5,185.2,272.8,165.3,251.7,60.0,65.0,20.0,35,18.0,30,17.5,33.5,18.0,33.0,4,12,4,12,ENE,NE,NNE,W,85.0,96,84,79,160,11446,"Moderate: 10,001-20,000"
2,Kallakurichi,CO_43,clay,50,25.0,wet,40,2,80,4,54.26,20.76,30,1200,18.5,21.5,185.2,272.8,165.3,251.7,60.0,65.0,19.0,33,17.0,32,16.5,31.5,15.5,32.5,8,6,8,6,W,WNW,SE,S,88.5,95,81,84,180,11832,"Moderate: 10,001-20,000"
2,Sankarapuram,ponmani,clay,50,25.0,wet,40,2,80,4,54.26,20.76,30,1200,18.1,21.9,185.6,272.4,166.1,250.9,60.2,64.8,20.5,32,17.5,28,18.0,34.0,16.5,35.0,10,12,10,12,SSE,W,SW,NW,72.7,91,83,81,200,11746,"Moderate: 10,001-20,000"
2,Chinnasalem,delux ponni,alluvial,50,25.0,wet,40,2,80,4,54.26,20.76,30,1200,18.1,21.9,185.6,272.4,166.1,250.9,60.2,64.8,18.0,31,15.5,34,15.0,33.0,15.0,31.5,6,6,8,10,E,ENE,NE,NNW,78.6,80,92,88,160,11672,"Moderate: 10,001-20,000"
2,Cuddalore,CO_43,clay,50,25.0,wet,40,2,80,4,54.26,20.76,30,1200,19.6,20.4,187.2,270.8,167.0,250.0,61.0,64.0,18.5,34,16.0,30,15.5,31.0,16.0,33.0,4,10,8,10,SW,W,NNW,WSW,72.0,78,88,85,180,11446,"Moderate: 10,001-20,000"
2,Kurinjipadi,delux ponni,clay,50,25.0,wet,40,2,80,4,54.26,20.76,30,1200,19.6,20.4,187.2,270.8,167.0,250.0,61.0,64.0,19.5,34,18.5,35,17.0,32.5,16.0,30.5,10,4,10,6,NW,S,SE,SSE,64.6,85,84,87,160,11746,"Moderate: 10,001-20,000"
2,Panruti,ponmani,clay,50,25.0,wet,40,2,80,4,54.26,20.76,30,1200,18.5,21.5,185.2,272.8,165.3,251.7,60.0,65.0,20.0,35,18.0,30,17.5,33.5,18.0,33.0,4,12,4,12,ENE,NE,NNE,W,85.0,96,84,79,200,11816,"Moderate: 10,001-20,000"
2,Kallakurichi,ponmani,alluvial,50,25.0,wet,40,2,80,4,54.26,20.76,30,1200,18.5,21.5,185.2,272.8,165.3,251.7,60.0,65.0,19.0,33,17.0,32,16.5,31.5,15.5,32.5,8,6,8,6,W,WNW,SE,S,88.5,95,81,84,200,11672,"Moderate: 10,001-20,000"
2,Sankarapuram,ponmani,alluvial,50,25.0,wet,40,2,80,4,54.26,20.76,30,1200,18.1,21.9,185.6,272.4,166.1,250.9,60.2,64.8,20.5,32,17.5,28,18.0,34.0,16.5,35.0,10,12,10,12,SSE,W,SW,NW,72.7,91,83,81,200,11054,"Moderate: 10,001-20,000"
2,Chinnasalem,ponmani,alluvial,50,25.0,wet,40,2,80,4,54.26,20.76,30,1200,18.1,21.9,185.6,272.4,166.1,250.9,60.2,64.8,18.0,31,15.5,34,15.0,33.0,15.0,31.5,6,6,8,10,E,ENE,NE,NNW,78.6,80,92,88,200,10820,"Moderate: 10,001-20,000"
2,Kurinjipadi,ponmani,alluvial,50,25.0,wet,40,2,80,4,54.26,20.76,30,1200,19.6,20.4,187.2,270.8,167.0,250.0,61.0,64.0,19.5,34,18.5,35,17.0,32.5,16.0,30.5,10,4,10,6,NW,S,SE,SSE,64.6,85,84,87,200,10926,"Moderate: 10,001-20,000"
2,Panruti,ponmani,clay,50,25.0,wet,40,2,80,4,54.26,20.76,30,1200,18.5,21.5,185.2,272.8,165.3,251.7,60.0,65.0,20.0,35,18.0,30,17.5,33.5,18.0,33.0,4,12,4,12,ENE,NE,NNE,W,85.0,96,84,79,200,11256,"Moderate: 10,001-20,000"
2,Kallakurichi,ponmani,alluvial,50,25.0,dry,40,2,80,4,54.26,20.76,30,1200,18.5,21.5,185.2,272.8,165.3,251.7,60.0,65.0,19.0,33,17.0,32,16.5,31.5,15.5,32.5,8,6,8,6,W,WNW,SE,S,88.5,95,81,84,200,10984,"Moderate: 10,001-20,000"
2,Sankarapuram,delux ponni,alluvial,50,25.0,dry,40,2,80,4,54.26,20.76,30,1200,18.1,21.9,185.6,272.4,166.1,250.9,60.2,64.8,20.5,32,17.5,28,18.0,34.0,16.5,35.0,10,12,10,12,SSE,W,SW,NW,72.7,91,83,81,160,11832,"Moderate: 10,001-20,000"
2,Chinnasalem,delux ponni,clay,50,25.0,dry,40,2,80,4,54.26,20.76,30,1200,18.1,21.9,185.6,272.4,166.1,250.9,60.2,64.8,18.0,31,15.5,34,15.0,33.0,15.0,31.5,6,6,8,10,E,ENE,NE,NNW,78.6,80,92,88,160,11726,"Moderate: 10,001-20,000"
2,Cuddalore,delux ponni,clay,50,25.0,dry,40,2,80,4,54.26,20.76,30,1200,19.6,20.4,187.2,270.8,167.0,250.0,61.0,64.0,18.5,34,16.0,30,15.5,31.0,16.0,33.0,4,10,8,10,SW,W,NNW,WSW,72.0,78,88,85,160,10906,"Moderate: 10,001-20,000"
2,Panruti,delux ponni,clay,50,25.0,dry,40,2,80,4,54.26,20.76,30,1200,18.5,21.5,185.2,272.8,165.3,251.7,60.0,65.0,20.0,35,18.0,30,17.5,33.5,18.0,33.0,4,12,4,12,ENE,NE,NNE,W,85.0,96,84,79,160,11672,"Moderate: 10,001-20,000"
2,Kallakurichi,CO_43,alluvial,50,25.0,dry,40,2,80,4,54.26,20.76,30,1200,18.5,21.5,185.2,272.8,165.3,251.7,60.0,65.0,19.0,33,17.0,32,16.5,31.5,15.5,32.5,8,6,8,6,W,WNW,SE,S,88.5,95,81,84,180,11446,"Moderate: 10,001-20,000"
2,Sankarapuram,delux ponni,clay,50,25.0,dry,40,2,80,4,54.26,20.76,30,1200,18.1,21.9,185.6,272.4,166.1,250.9,60.2,64.8,20.5,32,17.5,28,18.0,34.0,16.5,35.0,10,12,10,12,SSE,W,SW,NW,72.7,91,83,81,160,10984,"Moderate: 10,001-20,000"
2,Chinnasalem,delux ponni,clay,50,25.0,dry,40,2,80,4,54.26,20.76,30,1200,18.1,21.9,185.6,272.4,166.1,250.9,60.2,64.8,18.0,31,15.5,34,15.0,33.0,15.0,31.5,6,6,8,10,E,ENE,NE,NNW,78.6,80,92,88,160,11746,"Moderate: 10,001-20,000"
2,Cuddalore,CO_43,alluvial,50,25.0,dry,40,2,80,4,54.26,20.76,30,1200,19.6,20.4,187.2,270.8,167.0,250.0,61.0,64.0,18.5,34,16.0,30,15.5,31.0,16.0,33.0,4,10,8,10,SW,W,NNW,WSW,72.0,78,88,85,180,11672,"Moderate: 10,001-20,000"
2,Kurinjipadi,ponmani,clay,50,25.0,dry,40,2,80,4,54.26,20.76,30,1200,19.6,20.4,187.2,270.8,167.0,250.0,61.0,64.0,19.5,34,18.5,35,17.0,32.5,16.0,30.5,10,4,10,6,NW,S,SE,SSE,64.6,85,84,87,200,11446,"Moderate: 10,001-20,000"
2,Panruti,delux ponni,alluvial,50,25.0,wet,40,2,80,4,54.26,20.76,30,1200,18.5,21.5,185.2,272.8,165.3,251.7,60.0,65.0,20.0,35,18.0,30,17.5,33.5,18.0,33.0,4,12,4,12,ENE,NE,NNE,W,85.0,96,84,79,160,10984,"Moderate: 10,001-20,000"
2,Kallakurichi,CO_43,clay,50,25.0,wet,40,2,80,4,54.26,20.76,30,1200,18.5,21.5,185.2,272.8,165.3,251.7,60.0,65.0,19.0,33,17.0,32,16.5,31.5,15.5,32.5,8,6,8,6,W,WNW,SE,S,88.5,95,81,84,180,11746,"Moderate: 10,001-20,000"
2,Sankarapuram,ponmani,alluvial,50,25.0,wet,40,2,80,4,54.26,20.76,30,1200,18.1,21.9,185.6,272.4,166.1,250.9,60.2,64.8,20.5,32,17.5,28,18.0,34.0,16.5,35.0,10,12,10,12,SSE,W,SW,NW,72.7,91,83,81,200,11672,"Moderate: 10,001-20,000"
2,Chinnasalem,delux ponni,alluvial,50,25.0,wet,40,2,80,4,54.26,20.76,30,1200,18.1,21.9,185.6,272.4,166.1,250.9,60.2,64.8,18.0,31,15.5,34,15.0,33.0,15.0,31.5,6,6,8,10,E,ENE,NE,NNW,78.6,80,92,88,160,11832,"Moderate: 10,001-20,000"
2,Kurinjipadi,delux ponni,alluvial,50,25.0,wet,40,2,80,4,54.26,20.76,30,1200,19.6,20.4,187.2,270.8,167.0,250.0,61.0,64.0,19.5,34,18.5,35,17.0,32.5,16.0,30.5,10,4,10,6,NW,S,SE,SSE,64.6,85,84,87,160,11710,"Moderate: 10,001-20,000"
2,Panruti,ponmani,clay,50,25.0,wet,40,2,80,4,54.26,20.76,30,1200,18.5,21.5,185.2,272.8,165.3,251.7,60.0,65.0,20.0,35,18.0,30,17.5,33.5,18.0,33.0,4,12,4,12,ENE,NE,NNE,W,85.0,96,84,79,200,11746,"Moderate: 10,001-20,000"
2,Kallakurichi,CO_43,alluvial,50,25.0,wet,40,2,80,4,54.26,20.76,30,1200,18.5,21.5,185.2,272.8,165.3,251.7,60.0,65.0,19.0,33,17.0,32,16.5,31.5,15.5,32.5,8,6,8,6,W,WNW,SE,S,88.5,95,81,84,180,11816,"Moderate: 10,001-20,000"
2,Sankarapuram,ponmani,clay,50,25.0,wet,40,2,80,4,54.26,20.76,30,1200,18.1,21.9,185.6,272.4,166.1,250.9,60.2,64.8,20.5,32,17.5,28,18.0,34.0,16.5,35.0,10,12,10,12,SSE,W,SW,NW,72.7,91,83,81,200,11672,"Moderate: 10,001-20,000"
2,Chinnasalem,delux ponni,alluvial,50,25.0,wet,40,2,80,4,54.26,20.76,30,1200,18.1,21.9,185.6,272.4,166.1,250.9,60.2,64.8,18.0,31,15.5,34,15.0,33.0,15.0,31.5,6,6,8,10,E,ENE,NE,NNW,78.6,80,92,88,160,11054,"Moderate: 10,001-20,000"
2,Cuddalore,CO_43,clay,50,25.0,wet,40,2,80,4,54.26,20.76,30,1200,19.6,20.4,187.2,270.8,167.0,250.0,61.0,64.0,18.5,34,16.0,30,15.5,31.0,16.0,33.0,4,10,8,10,SW,W,NNW,WSW,72.0,78,88,85,180,10820,"Moderate: 10,001-20,000"
2,Panruti,delux ponni,clay,50,25.0,wet,40,2,80,4,54.26,20.76,30,1200,18.5,21.5,185.2,272.8,165.3,251.7,60.0,65.0,20.0,35,18.0,30,17.5,33.5,18.0,33.0,4,12,4,12,ENE,NE,NNE,W,85.0,96,84,79,160,10926,"Moderate: 10,001-20,000"
2,Kallakurichi,CO_43,clay,50,25.0,wet,40,2,80,4,54.26,20.76,30,1200,18.5,21.5,185.2,272.8,165.3,251.7,60.0,65.0,19.0,33,17.0,32,16.5,31.5,15.5,32.5,8,6,8,6,W,WNW,SE,S,88.5,95,81,84,180,11256,"Moderate: 10,001-20,000"
2,Chinnasalem,ponmani,clay,50,25.0,dry,40,2,80,4,54.26,20.76,30,1200,18.1,21.9,185.6,272.4,166.1,250.9,60.2,64.8,18.0,31,15.5,34,15.0,33.0,15.0,31.5,6,6,8,10,E,ENE,NE,NNW,78.6,80,92,88,200,10906,"Moderate: 10,001-20,000"
2,Panruti,delux ponni,clay,50,25.0,dry,40,2,80,4,54.26,20.76,30,1200,18.5,21.5,185.2,272.8,165.3,251.7,60.0,65.0,20.0,35,18.0,30,17.5,33.5,18.0,33.0,4,12,4,12,ENE,NE,NNE,W,85.0,96,84,79,160,11766,"Moderate: 10,001-20,000"
2,Kallakurichi,CO_43,clay,50,25.0,dry,40,2,80,4,54.26,20.76,30,1200,18.5,21.5,185.2,272.8,165.3,251.7,60.0,65.0,19.0,33,17.0,32,16.5,31.5,15.5,32.5,8,6,8,6,W,WNW,SE,S,88.5,95,81,84,180,11672,"Moderate: 10,001-20,000"
2,Chinnasalem,delux ponni,clay,50,25.0,dry,40,2,80,4,54.26,20.76,30,1200,18.1,21.9,185.6,272.4,166.1,250.9,60.2,64.8,18.0,31,15.5,34,15.0,33.0,15.0,31.5,6,6,8,10,E,ENE,NE,NNW,78.6,80,92,88,160,10984,"Moderate: 10,001-20,000"
2,Cuddalore,CO_43,clay,50,25.0,dry,40,2,80,4,54.26,20.76,30,1200,19.6,20.4,187.2,270.8,167.0,250.0,61.0,64.0,18.5,34,16.0,30,15.5,31.0,16.0,33.0,4,10,8,10,SW,W,NNW,WSW,72.0,78,88,85,180,11746,"Moderate: 10,001-20,000"
2,Kallakurichi,ponmani,clay,50,25.0,dry,40,2,80,4,54.26,20.76,30,1200,18.5,21.5,185.2,272.8,165.3,251.7,60.0,65.0,19.0,33,17.0,32,16.5,31.5,15.5,32.5,8,6,8,6,W,WNW,SE,S,88.5,95,81,84,200,11746,"Moderate: 10,001-20,000"
2,Sankarapuram,ponmani,clay,50,25.0,dry,40,2,80,4,54.26,20.76,30,1200,18.1,21.9,185.6,272.4,166.1,250.9,60.2,64.8,20.5,32,17.5,28,18.0,34.0,16.5,35.0,10,12,10,12,SSE,W,SW,NW,72.7,91,83,81,200,11832,"Moderate: 10,001-20,000"
2,Chinnasalem,ponmani,alluvial,50,25.0,dry,40,2,80,4,54.26,20.76,30,1200,18.1,21.9,185.6,272.4,166.1,250.9,60.2,64.8,18.0,31,15.5,34,15.0,33.0,15.0,31.5,6,6,8,10,E,ENE,NE,NNW,78.6,80,92,88,200,11746,"Moderate: 10,001-20,000"
2,Panruti,ponmani,alluvial,50,25.0,dry,40,2,80,4,54.26,20.76,30,1200,18.5,21.5,185.2,272.8,165.3,251.7,60.0,65.0,20.0,35,18.0,30,17.5,33.5,18.0,33.0,4,12,4,12,ENE,NE,NNE,W,85.0,96,84,79,200,11710,"Moderate: 10,001-20,000"
2,Kallakurichi,ponmani,alluvial,50,25.0,dry,40,2,80,4,54.26,20.76,30,1200,18.5,21.5,185.2,272.8,165.3,251.7,60.0,65.0,19.0,33,17.0,32,16.5,31.5,15.5,32.5,8,6,8,6,W,WNW,SE,S,88.5,95,81,84,200,11746,"Moderate: 10,001-20,000"
2,Sankarapuram,delux ponni,alluvial,50,25.0,dry,40,2,80,4,54.26,20.76,30,1200,18.1,21.9,185.6,272.4,166.1,250.9,60.2,64.8,20.5,32,17.5,28,18.0,34.0,16.5,35.0,10,12,10,12,SSE,W,SW,NW,72.7,91,83,81,160,11816,"Moderate: 10,001-20,000"
2,Chinnasalem,delux ponni,alluvial,50,25.0,dry,40,2,80,4,54.26,20.76,30,1200,18.1,21.9,185.6,272.4,166.1,250.9,60.2,64.8,18.0,31,15.5,34,15.0,33.0,15.0,31.5,6,6,8,10,E,ENE,NE,NNW,78.6,80,92,88,160,11672,"Moderate: 10,001-20,000"
2,Cuddalore,delux ponni,clay,50,25.0,dry,40,2,80,4,54.26,20.76,30,1200,19.6,20.4,187.2,270.8,167.0,250.0,61.0,64.0,18.5,34,16.0,30,15.5,31.0,16.0,33.0,4,10,8,10,SW,W,NNW,WSW,72.0,78,88,85,160,11054,"Moderate: 10,001-20,000"
2,Kurinjipadi,ponmani,clay,50,25.0,dry,40,2,80,4,54.26,20.76,30,1200,19.6,20.4,187.2,270.8,167.0,250.0,61.0,64.0,19.5,34,18.5,35,17.0,32.5,16.0,30.5,10,4,10,6,NW,S,SE,SSE,64.6,85,84,87,200,10820,"Moderate: 10,001-20,000"
2,Panruti,delux ponni,clay,50,25.0,dry,40,2,80,4,54.26,20.76,30,1200,18.5,21.5,185.2,272.8,165.3,251.7,60.0,65.0,20.0,35,18.0,30,17.5,33.5,18.0,33.0,4,12,4,12,ENE,NE,NNE,W,85.0,96,84,79,160,10926,"Moderate: 10,001-20,000"
2,Kallakurichi,CO_43,clay,50,25.0,dry,40,2,80,4,54.26,20.76,30,1200,18.5,21.5,185.2,272.8,165.3,251.7,60.0,65.0,19.0,33,17.0,32,16.5,31.5,15.5,32.5,8,6,8,6,W,WNW,SE,S,88.5,95,81,84,180,11832,"Moderate: 10,001-20,000"
2,Cuddalore,delux ponni,clay,50,25.0,dry,40,2,80,4,54.26,20.76,30,1200,19.6,20.4,187.2,270.8,167.0,250.0,61.0,64.0,18.5,34,16.0,30,15.5,31.0,16.0,33.0,4,10,8,10,SW,W,NNW,WSW,72.0,78,88,85,160,11710,"Moderate: 10,001-20,000"
2,Kurinjipadi,CO_43,clay,50,25.0,dry,40,2,80,4,54.26,20.76,30,1200,19.6,20.4,187.2,270.8,167.0,250.0,61.0,64.0,19.5,34,18.5,35,17.0,32.5,16.0,30.5,10,4,10,6,NW,S,SE,SSE,64.6,85,84,87,180,10906,"Moderate: 10,001-20,000"
2,Panruti,ponmani,clay,50,25.0,dry,40,2,80,4,54.26,20.76,30,1200,18.5,21.5,185.2,272.8,165.3,251.7,60.0,65.0,20.0,35,18.0,30,17.5,33.5,18.0,33.0,4,12,4,12,ENE,NE,NNE,W,85.0,96,84,79,200,11224,"Moderate: 10,001-20,000"
2,Kallakurichi,delux ponni,alluvial,50,25.0,dry,40,2,80,4,54.26,20.76,30,1200,18.5,21.5,185.2,272.8,165.3,251.7,60.0,65.0,19.0,33,17.0,32,16.5,31.5,15.5,32.5,8,6,8,6,W,WNW,SE,S,88.5,95,81,84,160,11746,"Moderate: 10,001-20,000"
2,Sankarapuram,CO_43,alluvial,50,25.0,dry,40,2,80,4,54.26,20.76,30,1200,18.1,21.9,185.6,272.4,166.1,250.9,60.2,64.8,20.5,32,17.5,28,18.0,34.0,16.5,35.0,10,12,10,12,SSE,W,SW,NW,72.7,91,83,81,180,11766,"Moderate: 10,001-20,000"
2,Chinnasalem,ponmani,alluvial,50,25.0,dry,40,2,80,4,54.26,20.76,30,1200,18.1,21.9,185.6,272.4,166.1,250.9,60.2,64.8,18.0,31,15.5,34,15.0,33.0,15.0,31.5,6,6,8,10,E,ENE,NE,NNW,78.6,80,92,88,200,11672,"Moderate: 10,001-20,000"
2,Cuddalore,delux ponni,alluvial,50,25.0,dry,40,2,80,4,54.26,20.76,30,1200,19.6,20.4,187.2,270.8,167.0,250.0,61.0,64.0,18.5,34,16.0,30,15.5,31.0,16.0,33.0,4,10,8,10,SW,W,NNW,WSW,72.0,78,88,85,160,11446,"Moderate: 10,001-20,000"
2,Kurinjipadi,CO_43,alluvial,50,25.0,dry,40,2,80,4,54.26,20.76,30,1200,19.6,20.4,187.2,270.8,167.0,250.0,61.0,64.0,19.5,34,18.5,35,17.0,32.5,16.0,30.5,10,4,10,6,NW,S,SE,SSE,64.6,85,84,87,180,10984,"Moderate: 10,001-20,000"
2,Panruti,delux ponni,alluvial,50,25.0,dry,40,2,80,4,54.26,20.76,30,1200,18.5,21.5,185.2,272.8,165.3,251.7,60.0,65.0,20.0,35,18.0,30,17.5,33.5,18.0,33.0,4,12,4,12,ENE,NE,NNE,W,85.0,96,84,79,160,11672,"Moderate: 10,001-20,000"
2,Sankarapuram,CO_43,alluvial,50,25.0,dry,40,2,80,4,54.26,20.76,30,1200,18.1,21.9,185.6,272.4,166.1,250.9,60.2,64.8,20.5,32,17.5,28,18.0,34.0,16.5,35.0,10,12,10,12,SSE,W,SW,NW,72.7,91,83,81,180,11672,"Moderate: 10,001-20,000"
2,Cuddalore,delux ponni,clay,50,25.0,dry,40,2,80,4,54.26,20.76,30,1200,19.6,20.4,187.2,270.8,167.0,250.0,61.0,64.0,18.5,34,16.0,30,15.5,31.0,16.0,33.0,4,10,8,10,SW,W,NNW,WSW,72.0,78,88,85,160,11832,"Moderate: 10,001-20,000"
2,Kurinjipadi,CO_43,clay,50,25.0,dry,40,2,80,4,54.26,20.76,30,1200,19.6,20.4,187.2,270.8,167.0,250.0,61.0,64.0,19.5,34,18.5,35,17.0,32.5,16.0,30.5,10,4,10,6,NW,S,SE,SSE,64.6,85,84,87,180,11746,"Moderate: 10,001-20,000"
2,Panruti,ponmani,clay,50,25.0,dry,40,2,80,4,54.26,20.76,30,1200,18.5,21.5,185.2,272.8,165.3,251.7,60.0,65.0,20.0,35,18.0,30,17.5,33.5,18.0,33.0,4,12,4,12,ENE,NE,NNE,W,85.0,96,84,79,200,11672,"Moderate: 10,001-20,000"
2,Kallakurichi,delux ponni,clay,50,25.0,dry,40,2,80,4,54.26,20.76,30,1200,18.5,21.5,185.2,272.8,165.3,251.7,60.0,65.0,19.0,33,17.0,32,16.5,31.5,15.5,32.5,8,6,8,6,W,WNW,SE,S,88.5,95,81,84,160,11446,"Moderate: 10,001-20,000"
2,Sankarapuram,CO_43,clay,50,25.0,dry,40,2,80,4,54.26,20.76,30,1200,18.1,21.9,185.6,272.4,166.1,250.9,60.2,64.8,20.5,32,17.5,28,18.0,34.0,16.5,35.0,10,12,10,12,SSE,W,SW,NW,72.7,91,83,81,180,11710,"Moderate: 10,001-20,000"
2,Cuddalore,ponmani,alluvial,50,25.0,dry,40,2,80,4,54.26,20.76,30,1200,19.6,20.4,187.2,270.8,167.0,250.0,61.0,64.0,18.5,34,16.0,30,15.5,31.0,16.0,33.0,4,10,8,10,SW,W,NNW,WSW,72.0,78,88,85,200,11816,"Moderate: 10,001-20,000"
2,Kurinjipadi,CO_43,clay,50,25.0,dry,40,2,80,4,54.26,20.76,30,1200,19.6,20.4,187.2,270.8,167.0,250.0,61.0,64.0,19.5,34,18.5,35,17.0,32.5,16.0,30.5,10,4,10,6,NW,S,SE,SSE,64.6,85,84,87,180,11054,"Moderate: 10,001-20,000"
1,Panruti,ponmani,alluvial,25,12.5,dry,20,1,40,2,27.13,10.38,15,600,18.5,21.5,185.2,272.8,165.3,251.7,60.0,65.0,20.0,35,18.0,30,17.5,33.5,18.0,33.0,4,12,4,12,ENE,NE,NNE,W,85.0,96,84,79,100,5463,"Low: 0-10,000"
1,Kallakurichi,delux ponni,clay,25,12.5,wet,20,1,40,2,27.13,10.38,15,600,18.5,21.5,185.2,272.8,165.3,251.7,60.0,65.0,19.0,33,17.0,32,16.5,31.5,15.5,32.5,8,6,8,6,W,WNW,SE,S,88.5,95,81,84,80,5628,"Low: 0-10,000"
1,Sankarapuram,CO_43,alluvial,25,12.5,wet,20,1,40,2,27.13,10.38,15,600,18.1,21.9,185.6,272.4,166.1,250.9,60.2,64.8,20.5,32,17.5,28,18.0,34.0,16.5,35.0,10,12,10,12,SSE,W,SW,NW,72.7,91,83,81,90,5492,"Low: 0-10,000"
1,Chinnasalem,ponmani,alluvial,25,12.5,wet,20,1,40,2,27.13,10.38,15,600,18.1,21.9,185.6,272.4,166.1,250.9,60.2,64.8,18.0,31,15.5,34,15.0,33.0,15.0,31.5,6,6,8,10,E,ENE,NE,NNW,78.6,80,92,88,100,5916,"Low: 0-10,000"
1,Cuddalore,delux ponni,clay,25,12.5,wet,20,1,40,2,27.13,10.38,15,600,19.6,20.4,187.2,270.8,167.0,250.0,61.0,64.0,18.5,34,16.0,30,15.5,31.0,16.0,33.0,4,10,8,10,SW,W,NNW,WSW,72.0,78,88,85,80,5863,"Low: 0-10,000"
1,Kurinjipadi,CO_43,alluvial,25,12.5,wet,20,1,40,2,27.13,10.38,15,600,19.6,20.4,187.2,270.8,167.0,250.0,61.0,64.0,19.5,34,18.5,35,17.0,32.5,16.0,30.5,10,4,10,6,NW,S,SE,SSE,64.6,85,84,87,90,5855,"Low: 0-10,000"
1,Panruti,delux ponni,clay,25,12.5,wet,20,1,40,2,27.13,10.38,15,600,18.5,21.5,185.2,272.8,165.3,251.7,60.0,65.0,20.0,35,18.0,30,17.5,33.5,18.0,33.0,4,12,4,12,ENE,NE,NNE,W,85.0,96,84,79,80,5453,"Low: 0-10,000"
1,Kallakurichi,ponmani,alluvial,25,12.5,wet,20,1,40,2,27.13,10.38,15,600,18.5,21.5,185.2,272.8,165.3,251.7,60.0,65.0,19.0,33,17.0,32,16.5,31.5,15.5,32.5,8,6,8,6,W,WNW,SE,S,88.5,95,81,84,100,5612,"Low: 0-10,000"
1,Sankarapuram,ponmani,clay,25,12.5,wet,20,1,40,2,27.13,10.38,15,600,18.1,21.9,185.6,272.4,166.1,250.9,60.2,64.8,20.5,32,17.5,28,18.0,34.0,16.5,35.0,10,12,10,12,SSE,W,SW,NW,72.7,91,83,81,100,5873,"Low: 0-10,000"
1,Chinnasalem,ponmani,alluvial,25,12.5,wet,20,1,40,2,27.13,10.38,15,600,18.1,21.9,185.6,272.4,166.1,250.9,60.2,64.8,18.0,31,15.5,34,15.0,33.0,15.0,31.5,6,6,8,10,E,ENE,NE,NNW,78.6,80,92,88,100,5883,"Low: 0-10,000"
1,Cuddalore,ponmani,clay,25,12.5,wet,20,1,40,2,27.13,10.38,15,600,19.6,20.4,187.2,270.8,167.0,250.0,61.0,64.0,18.5,34,16.0,30,15.5,31.0,16.0,33.0,4,10,8,10,SW,W,NNW,WSW,72.0,78,88,85,100,5723,"Low: 0-10,000"
1,Kurinjipadi,CO_43,clay,25,12.5,wet,20,1,40,2,27.13,10.38,15,600,19.6,20.4,187.2,270.8,167.0,250.0,61.0,64.0,19.5,34,18.5,35,17.0,32.5,16.0,30.5,10,4,10,6,NW,S,SE,SSE,64.6,85,84,87,90,5836,"Low: 0-10,000"
1,Panruti,ponmani,alluvial,25,12.5,wet,20,1,40,2,27.13,10.38,15,600,18.5,21.5,185.2,272.8,165.3,251.7,60.0,65.0,20.0,35,18.0,30,17.5,33.5,18.0,33.0,4,12,4,12,ENE,NE,NNE,W,85.0,96,84,79,100,5723,"Low: 0-10,000"
1,Kallakurichi,ponmani,clay,25,12.5,dry,20,1,40,2,27.13,10.38,15,600,18.5,21.5,185.2,272.8,165.3,251.7,60.0,65.0,19.0,33,17.0,32,16.5,31.5,15.5,32.5,8,6,8,6,W,WNW,SE,S,88.5,95,81,84,100,5492,"Low: 0-10,000"
1,Sankarapuram,ponmani,clay,25,12.5,dry,20,1,40,2,27.13,10.38,15,600,18.1,21.9,185.6,272.4,166.1,250.9,60.2,64.8,20.5,32,17.5,28,18.0,34.0,16.5,35.0,10,12,10,12,SSE,W,SW,NW,72.7,91,83,81,100,5873,"Low: 0-10,000"
1,Chinnasalem,delux ponni,alluvial,25,12.5,dry,20,1,40,2,27.13,10.38,15,600,18.1,21.9,185.6,272.4,166.1,250.9,60.2,64.8,18.0,31,15.5,34,15.0,33.0,15.0,31.5,6,6,8,10,E,ENE,NE,NNW,78.6,80,92,88,80,5836,"Low: 0-10,000"
1,Cuddalore,delux ponni,clay,25,12.5,dry,20,1,40,2,27.13,10.38,15,600,19.6,20.4,187.2,270.8,167.0,250.0,61.0,64.0,18.5,34,16.0,30,15.5,31.0,16.0,33.0,4,10,8,10,SW,W,NNW,WSW,72.0,78,88,85,80,5723,"Low: 0-10,000"
1,Kurinjipadi,delux ponni,clay,25,12.5,dry,20,1,40,2,27.13,10.38,15,600,19.6,20.4,187.2,270.8,167.0,250.0,61.0,64.0,19.5,34,18.5,35,17.0,32.5,16.0,30.5,10,4,10,6,NW,S,SE,SSE,64.6,85,84,87,80,5916,"Low: 0-10,000"
1,Panruti,ponmani,clay,25,12.5,dry,20,1,40,2,27.13,10.38,15,600,18.5,21.5,185.2,272.8,165.3,251.7,60.0,65.0,20.0,35,18.0,30,17.5,33.5,18.0,33.0,4,12,4,12,ENE,NE,NNE,W,85.0,96,84,79,100,5873,"Low: 0-10,000"
1,Kallakurichi,delux ponni,clay,25,12.5,dry,20,1,40,2,27.13,10.38,15,600,18.5,21.5,185.2,272.8,165.3,251.7,60.0,65.0,19.0,33,17.0,32,16.5,31.5,15.5,32.5,8,6,8,6,W,WNW,SE,S,88.5,95,81,84,80,5836,"Low: 0-10,000"
1,Sankarapuram,CO_43,alluvial,25,12.5,dry,20,1,40,2,27.13,10.38,15,600,18.1,21.9,185.6,272.4,166.1,250.9,60.2,64.8,20.5,32,17.5,28,18.0,34.0,16.5,35.0,10,12,10,12,SSE,W,SW,NW,72.7,91,83,81,90,5723,"Low: 0-10,000"
1,Chinnasalem,delux ponni,clay,25,12.5,dry,20,1,40,2,27.13,10.38,15,600,18.1,21.9,185.6,272.4,166.1,250.9,60.2,64.8,18.0,31,15.5,34,15.0,33.0,15.0,31.5,6,6,8,10,E,ENE,NE,NNW,78.6,80,92,88,80,5873,"Low: 0-10,000"
1,Cuddalore,delux ponni,alluvial,25,12.5,dry,20,1,40,2,27.13,10.38,15,600,19.6,20.4,187.2,270.8,167.0,250.0,61.0,64.0,18.5,34,16.0,30,15.5,31.0,16.0,33.0,4,10,8,10,SW,W,NNW,WSW,72.0,78,88,85,80,5891,"Low: 0-10,000"
1,Kurinjipadi,CO_43,clay,25,12.5,dry,20,1,40,2,27.13,10.38,15,600,19.6,20.4,187.2,270.8,167.0,250.0,61.0,64.0,19.5,34,18.5,35,17.0,32.5,16.0,30.5,10,4,10,6,NW,S,SE,SSE,64.6,85,84,87,90,5986,"Low: 0-10,000"
1,Panruti,ponmani,clay,25,12.5,wet,20,1,40,2,27.13,10.38,15,600,18.5,21.5,185.2,272.8,165.3,251.7,60.0,65.0,20.0,35,18.0,30,17.5,33.5,18.0,33.0,4,12,4,12,ENE,NE,NNE,W,85.0,96,84,79,100,5420,"Low: 0-10,000"
1,Kallakurichi,delux ponni,alluvial,25,12.5,wet,20,1,40,2,27.13,10.38,15,600,18.5,21.5,185.2,272.8,165.3,251.7,60.0,65.0,19.0,33,17.0,32,16.5,31.5,15.5,32.5,8,6,8,6,W,WNW,SE,S,88.5,95,81,84,80,5454,"Low: 0-10,000"
1,Sankarapuram,CO_43,clay,25,12.5,wet,20,1,40,2,27.13,10.38,15,600,18.1,21.9,185.6,272.4,166.1,250.9,60.2,64.8,20.5,32,17.5,28,18.0,34.0,16.5,35.0,10,12,10,12,SSE,W,SW,NW,72.7,91,83,81,90,5532,"Low: 0-10,000"
1,Chinnasalem,ponmani,alluvial,25,12.5,wet,20,1,40,2,27.13,10.38,15,600,18.1,21.9,185.6,272.4,166.1,250.9,60.2,64.8,18.0,31,15.5,34,15.0,33.0,15.0,31.5,6,6,8,10,E,ENE,NE,NNW,78.6,80,92,88,100,5680,"Low: 0-10,000"
1,Cuddalore,delux ponni,alluvial,25,12.5,wet,20,1,40,2,27.13,10.38,15,600,19.6,20.4,187.2,270.8,167.0,250.0,61.0,64.0,18.5,34,16.0,30,15.5,31.0,16.0,33.0,4,10,8,10,SW,W,NNW,WSW,72.0,78,88,85,80,5836,"Low: 0-10,000"
1,Kurinjipadi,CO_43,clay,25,12.5,wet,20,1,40,2,27.13,10.38,15,600,19.6,20.4,187.2,270.8,167.0,250.0,61.0,64.0,19.5,34,18.5,35,17.0,32.5,16.0,30.5,10,4,10,6,NW,S,SE,SSE,64.6,85,84,87,90,5873,"Low: 0-10,000"
1,Panruti,delux ponni,alluvial,25,12.5,wet,20,1,40,2,27.13,10.38,15,600,18.5,21.5,185.2,272.8,165.3,251.7,60.0,65.0,20.0,35,18.0,30,17.5,33.5,18.0,33.0,4,12,4,12,ENE,NE,NNE,W,85.0,96,84,79,80,5527,"Low: 0-10,000"
1,Kallakurichi,ponmani,alluvial,25,12.5,wet,20,1,40,2,27.13,10.38,15,600,18.5,21.5,185.2,272.8,165.3,251.7,60.0,65.0,19.0,33,17.0,32,16.5,31.5,15.5,32.5,8,6,8,6,W,WNW,SE,S,88.5,95,81,84,100,5916,"Low: 0-10,000"
1,Sankarapuram,CO_43,alluvial,25,12.5,wet,20,1,40,2,27.13,10.38,15,600,18.1,21.9,185.6,272.4,166.1,250.9,60.2,64.8,20.5,32,17.5,28,18.0,34.0,16.5,35.0,10,12,10,12,SSE,W,SW,NW,72.7,91,83,81,90,5883,"Low: 0-10,000"
1,Chinnasalem,ponmani,alluvial,25,12.5,wet,20,1,40,2,27.13,10.38,15,600,18.1,21.9,185.6,272.4,166.1,250.9,60.2,64.8,18.0,31,15.5,34,15.0,33.0,15.0,31.5,6,6,8,10,E,ENE,NE,NNW,78.6,80,92,88,100,5873,"Low: 0-10,000"
1,Cuddalore,delux ponni,clay,25,12.5,wet,20,1,40,2,27.13,10.38,15,600,19.6,20.4,187.2,270.8,167.0,250.0,61.0,64.0,18.5,34,16.0,30,15.5,31.0,16.0,33.0,4,10,8,10,SW,W,NNW,WSW,72.0,78,88,85,80,5855,"Low: 0-10,000"
1,Kurinjipadi,CO_43,alluvial,25,12.5,wet,20,1,40,2,27.13,10.38,15,600,19.6,20.4,187.2,270.8,167.0,250.0,61.0,64.0,19.5,34,18.5,35,17.0,32.5,16.0,30.5,10,4,10,6,NW,S,SE,SSE,64.6,85,84,87,90,5527,"Low: 0-10,000"
1,Panruti,ponmani,clay,25,12.5,dry,20,1,40,2,27.13,10.38,15,600,18.5,21.5,185.2,272.8,165.3,251.7,60.0,65.0,20.0,35,18.0,30,17.5,33.5,18.0,33.0,4,12,4,12,ENE,NE,NNE,W,85.0,96,84,79,100,5492,"Low: 0-10,000"
1,Kallakurichi,delux ponni,clay,25,12.5,dry,20,1,40,2,27.13,10.38,15,600,18.5,21.5,185.2,272.8,165.3,251.7,60.0,65.0,19.0,33,17.0,32,16.5,31.5,15.5,32.5,8,6,8,6,W,WNW,SE,S,88.5,95,81,84,80,5855,"Low: 0-10,000"
1,Sankarapuram,CO_43,alluvial,25,12.5,dry,20,1,40,2,27.13,10.38,15,600,18.1,21.9,185.6,272.4,166.1,250.9,60.2,64.8,20.5,32,17.5,28,18.0,34.0,16.5,35.0,10,12,10,12,SSE,W,SW,NW,72.7,91,83,81,90,5873,"Low: 0-10,000"
1,Chinnasalem,delux ponni,clay,25,12.5,dry,20,1,40,2,27.13,10.38,15,600,18.1,21.9,185.6,272.4,166.1,250.9,60.2,64.8,18.0,31,15.5,34,15.0,33.0,15.0,31.5,6,6,8,10,E,ENE,NE,NNW,78.6,80,92,88,80,5836,"Low: 0-10,000"
1,Cuddalore,ponmani,clay,25,12.5,dry,20,1,40,2,27.13,10.38,15,600,19.6,20.4,187.2,270.8,167.0,250.0,61.0,64.0,18.5,34,16.0,30,15.5,31.0,16.0,33.0,4,10,8,10,SW,W,NNW,WSW,72.0,78,88,85,100,5873,"Low: 0-10,000"
1,Kurinjipadi,CO_43,clay,25,12.5,dry,20,1,40,2,27.13,10.38,15,600,19.6,20.4,187.2,270.8,167.0,250.0,61.0,64.0,19.5,34,18.5,35,17.0,32.5,16.0,30.5,10,4,10,6,NW,S,SE,SSE,64.6,85,84,87,90,5916,"Low: 0-10,000"
1,Panruti,ponmani,alluvial,25,12.5,dry,20,1,40,2,27.13,10.38,15,600,18.5,21.5,185.2,272.8,165.3,251.7,60.0,65.0,20.0,35,18.0,30,17.5,33.5,18.0,33.0,4,12,4,12,ENE,NE,NNE,W,85.0,96,84,79,100,5723,"Low: 0-10,000"
1,Kallakurichi,delux ponni,alluvial,25,12.5,dry,20,1,40,2,27.13,10.38,15,600,18.5,21.5,185.2,272.8,165.3,251.7,60.0,65.0,19.0,33,17.0,32,16.5,31.5,15.5,32.5,8,6,8,6,W,WNW,SE,S,88.5,95,81,84,80,5532,"Low: 0-10,000"
1,Chinnasalem,ponmani,clay,25,12.5,dry,20,1,40,2,27.13,10.38,15,600,18.1,21.9,185.6,272.4,166.1,250.9,60.2,64.8,18.0,31,15.5,34,15.0,33.0,15.0,31.5,6,6,8,10,E,ENE,NE,NNW,78.6,80,92,88,100,5916,"Low: 0-10,000"
1,Cuddalore,delux ponni,alluvial,25,12.5,dry,20,1,40,2,27.13,10.38,15,600,19.6,20.4,187.2,270.8,167.0,250.0,61.0,64.0,18.5,34,16.0,30,15.5,31.0,16.0,33.0,4,10,8,10,SW,W,NNW,WSW,72.0,78,88,85,80,5873,"Low: 0-10,000"
1,Kurinjipadi,CO_43,clay,25,12.5,dry,20,1,40,2,27.13,10.38,15,600,19.6,20.4,187.2,270.8,167.0,250.0,61.0,64.0,19.5,34,18.5,35,17.0,32.5,16.0,30.5,10,4,10,6,NW,S,SE,SSE,64.6,85,84,87,90,5723,"Low: 0-10,000"
1,Panruti,delux ponni,alluvial,25,12.5,dry,20,1,40,2,27.13,10.38,15,600,18.5,21.5,185.2,272.8,165.3,251.7,60.0,65.0,20.0,35,18.0,30,17.5,33.5,18.0,33.0,4,12,4,12,ENE,NE,NNE,W,85.0,96,84,79,80,5836,"Low: 0-10,000"
1,Kallakurichi,ponmani,alluvial,25,12.5,dry,20,1,40,2,27.13,10.38,15,600,18.5,21.5,185.2,272.8,165.3,251.7,60.0,65.0,19.0,33,17.0,32,16.5,31.5,15.5,32.5,8,6,8,6,W,WNW,SE,S,88.5,95,81,84,100,5916,"Low: 0-10,000"
1,Sankarapuram,ponmani,clay,25,12.5,dry,20,1,40,2,27.13,10.38,15,600,18.1,21.9,185.6,272.4,166.1,250.9,60.2,64.8,20.5,32,17.5,28,18.0,34.0,16.5,35.0,10,12,10,12,SSE,W,SW,NW,72.7,91,83,81,100,5723,"Low: 0-10,000"
1,Chinnasalem,ponmani,clay,25,12.5,dry,20,1,40,2,27.13,10.38,15,600,18.1,21.9,185.6,272.4,166.1,250.9,60.2,64.8,18.0,31,15.5,34,15.0,33.0,15.0,31.5,6,6,8,10,E,ENE,NE,NNW,78.6,80,92,88,100,5908,"Low: 0-10,000"
1,Cuddalore,ponmani,alluvial,25,12.5,dry,20,1,40,2,27.13,10.38,15,600,19.6,20.4,187.2,270.8,167.0,250.0,61.0,64.0,18.5,34,16.0,30,15.5,31.0,16.0,33.0,4,10,8,10,SW,W,NNW,WSW,72.0,78,88,85,100,5410,"Low: 0-10,000"
1,Kurinjipadi,CO_43,clay,25,12.5,dry,20,1,40,2,27.13,10.38,15,600,19.6,20.4,187.2,270.8,167.0,250.0,61.0,64.0,19.5,34,18.5,35,17.0,32.5,16.0,30.5,10,4,10,6,NW,S,SE,SSE,64.6,85,84,87,90,5863,"Low: 0-10,000"
1,Panruti,ponmani,alluvial,25,12.5,dry,20,1,40,2,27.13,10.38,15,600,18.5,21.5,185.2,272.8,165.3,251.7,60.0,65.0,20.0,35,18.0,30,17.5,33.5,18.0,33.0,4,12,4,12,ENE,NE,NNE,W,85.0,96,84,79,100,5836,"Low: 0-10,000"
1,Kallakurichi,ponmani,clay,25,12.5,dry,20,1,40,2,27.13,10.38,15,600,18.5,21.5,185.2,272.8,165.3,251.7,60.0,65.0,19.0,33,17.0,32,16.5,31.5,15.5,32.5,8,6,8,6,W,WNW,SE,S,88.5,95,81,84,100,5836,"Low: 0-10,000"
1,Chinnasalem,delux ponni,alluvial,25,12.5,dry,20,1,40,2,27.13,10.38,15,600,18.1,21.9,185.6,272.4,166.1,250.9,60.2,64.8,18.0,31,15.5,34,15.0,33.0,15.0,31.5,6,6,8,10,E,ENE,NE,NNW,78.6,80,92,88,80,5463,"Low: 0-10,000"
1,Cuddalore,delux ponni,clay,25,12.5,dry,20,1,40,2,27.13,10.38,15,600,19.6,20.4,187.2,270.8,167.0,250.0,61.0,64.0,18.5,34,16.0,30,15.5,31.0,16.0,33.0,4,10,8,10,SW,W,NNW,WSW,72.0,78,88,85,80,5916,"Low: 0-10,000"
1,Kurinjipadi,delux ponni,alluvial,25,12.5,dry,20,1,40,2,27.13,10.38,15,600,19.6,20.4,187.2,270.8,167.0,250.0,61.0,64.0,19.5,34,18.5,35,17.0,32.5,16.0,30.5,10,4,10,6,NW,S,SE,SSE,64.6,85,84,87,80,5453,"Low: 0-10,000"
1,Panruti,ponmani,clay,25,12.5,dry,20,1,40,2,27.13,10.38,15,600,18.5,21.5,185.2,272.8,165.3,251.7,60.0,65.0,20.0,35,18.0,30,17.5,33.5,18.0,33.0,4,12,4,12,ENE,NE,NNE,W,85.0,96,84,79,100,5883,"Low: 0-10,000"
1,Kallakurichi,delux ponni,alluvial,25,12.5,dry,20,1,40,2,27.13,10.38,15,600,18.5,21.5,185.2,272.8,165.3,251.7,60.0,65.0,19.0,33,17.0,32,16.5,31.5,15.5,32.5,8,6,8,6,W,WNW,SE,S,88.5,95,81,84,80,5723,"Low: 0-10,000"
1,Sankarapuram,CO_43,alluvial,25,12.5,dry,20,1,40,2,27.13,10.38,15,600,18.1,21.9,185.6,272.4,166.1,250.9,60.2,64.8,20.5,32,17.5,28,18.0,34.0,16.5,35.0,10,12,10,12,SSE,W,SW,NW,72.7,91,83,81,90,5836,"Low: 0-10,000"
1,Kurinjipadi,CO_43,clay,25,12.5,wet,20,1,40,2,27.13,10.38,15,600,19.6,20.4,187.2,270.8,167.0,250.0,61.0,64.0,19.5,34,18.5,35,17.0,32.5,16.0,30.5,10,4,10,6,NW,S,SE,SSE,64.6,85,84,87,90,5463,"Low: 0-10,000"
1,Panruti,ponmani,alluvial,25,12.5,wet,20,1,40,2,27.13,10.38,15,600,18.5,21.5,185.2,272.8,165.3,251.7,60.0,65.0,20.0,35,18.0,30,17.5,33.5,18.0,33.0,4,12,4,12,ENE,NE,NNE,W,85.0,96,84,79,100,5492,"Low: 0-10,000"
1,Kallakurichi,delux ponni,clay,25,12.5,wet,20,1,40,2,27.13,10.38,15,600,18.5,21.5,185.2,272.8,165.3,251.7,60.0,65.0,19.0,33,17.0,32,16.5,31.5,15.5,32.5,8,6,8,6,W,WNW,SE,S,88.5,95,81,84,80,5723,"Low: 0-10,000"
1,Sankarapuram,CO_43,alluvial,25,12.5,wet,20,1,40,2,27.13,10.38,15,600,18.1,21.9,185.6,272.4,166.1,250.9,60.2,64.8,20.5,32,17.5,28,18.0,34.0,16.5,35.0,10,12,10,12,SSE,W,SW,NW,72.7,91,83,81,90,5836,"Low: 0-10,000"
1,Chinnasalem,ponmani,clay,25,12.5,wet,20,1,40,2,27.13,10.38,15,600,18.1,21.9,185.6,272.4,166.1,250.9,60.2,64.8,18.0,31,15.5,34,15.0,33.0,15.0,31.5,6,6,8,10,E,ENE,NE,NNW,78.6,80,92,88,100,5855,"Low: 0-10,000"
1,Cuddalore,delux ponni,clay,25,12.5,wet,20,1,40,2,27.13,10.38,15,600,19.6,20.4,187.2,270.8,167.0,250.0,61.0,64.0,18.5,34,16.0,30,15.5,31.0,16.0,33.0,4,10,8,10,SW,W,NNW,WSW,72.0,78,88,85,80,5836,"Low: 0-10,000"
1,Kurinjipadi,CO_43,clay,25,12.5,wet,20,1,40,2,27.13,10.38,15,600,19.6,20.4,187.2,270.8,167.0,250.0,61.0,64.0,19.5,34,18.5,35,17.0,32.5,16.0,30.5,10,4,10,6,NW,S,SE,SSE,64.6,85,84,87,90,5723,"Low: 0-10,000"
1,Panruti,delux ponni,clay,25,12.5,wet,20,1,40,2,27.13,10.38,15,600,18.5,21.5,185.2,272.8,165.3,251.7,60.0,65.0,20.0,35,18.0,30,17.5,33.5,18.0,33.0,4,12,4,12,ENE,NE,NNE,W,85.0,96,84,79,80,5916,"Low: 0-10,000"
1,Kallakurichi,ponmani,alluvial,25,12.5,wet,20,1,40,2,27.13,10.38,15,600,18.5,21.5,185.2,272.8,165.3,251.7,60.0,65.0,19.0,33,17.0,32,16.5,31.5,15.5,32.5,8,6,8,6,W,WNW,SE,S,88.5,95,81,84,100,5873,"Low: 0-10,000"
1,Sankarapuram,CO_43,clay,25,12.5,wet,20,1,40,2,27.13,10.38,15,600,18.1,21.9,185.6,272.4,166.1,250.9,60.2,64.8,20.5,32,17.5,28,18.0,34.0,16.5,35.0,10,12,10,12,SSE,W,SW,NW,72.7,91,83,81,90,5723,"Low: 0-10,000"
1,Chinnasalem,ponmani,clay,25,12.5,wet,20,1,40,2,27.13,10.38,15,600,18.1,21.9,185.6,272.4,166.1,250.9,60.2,64.8,18.0,31,15.5,34,15.0,33.0,15.0,31.5,6,6,8,10,E,ENE,NE,NNW,78.6,80,92,88,100,5836,"Low: 0-10,000"
1,Cuddalore,delux ponni,alluvial,25,12.5,wet,20,1,40,2,27.13,10.38,15,600,19.6,20.4,187.2,270.8,167.0,250.0,61.0,64.0,18.5,34,16.0,30,15.5,31.0,16.0,33.0,4,10,8,10,SW,W,NNW,WSW,72.0,78,88,85,80,5723,"Low: 0-10,000"
1,Kurinjipadi,CO_43,clay,25,12.5,wet,20,1,40,2,27.13,10.38,15,600,19.6,20.4,187.2,270.8,167.0,250.0,61.0,64.0,19.5,34,18.5,35,17.0,32.5,16.0,30.5,10,4,10,6,NW,S,SE,SSE,64.6,85,84,87,90,5863,"Low: 0-10,000"
1,Panruti,ponmani,clay,25,12.5,dry,20,1,40,2,27.13,10.38,15,600,18.5,21.5,185.2,272.8,165.3,251.7,60.0,65.0,20.0,35,18.0,30,17.5,33.5,18.0,33.0,4,12,4,12,ENE,NE,NNE,W,85.0,96,84,79,100,5612,"Low: 0-10,000"
1,Kallakurichi,delux ponni,alluvial,25,12.5,dry,20,1,40,2,27.13,10.38,15,600,18.5,21.5,185.2,272.8,165.3,251.7,60.0,65.0,19.0,33,17.0,32,16.5,31.5,15.5,32.5,8,6,8,6,W,WNW,SE,S,88.5,95,81,84,80,5836,"Low: 0-10,000"
1,Sankarapuram,CO_43,clay,25,12.5,dry,20,1,40,2,27.13,10.38,15,600,18.1,21.9,185.6,272.4,166.1,250.9,60.2,64.8,20.5,32,17.5,28,18.0,34.0,16.5,35.0,10,12,10,12,SSE,W,SW,NW,72.7,91,83,81,90,5836,"Low: 0-10,000"
1,Chinnasalem,delux ponni,clay,25,12.5,dry,20,1,40,2,27.13,10.38,15,600,18.1,21.9,185.6,272.4,166.1,250.9,60.2,64.8,18.0,31,15.5,34,15.0,33.0,15.0,31.5,6,6,8,10,E,ENE,NE,NNW,78.6,80,92,88,80,5723,"Low: 0-10,000"
1,Cuddalore,ponmani,clay,25,12.5,dry,20,1,40,2,27.13,10.38,15,600,19.6,20.4,187.2,270.8,167.0,250.0,61.0,64.0,18.5,34,16.0,30,15.5,31.0,16.0,33.0,4,10,8,10,SW,W,NNW,WSW,72.0,78,88,85,100,5836,"Low: 0-10,000"
1,Kurinjipadi,CO_43,alluvial,25,12.5,dry,20,1,40,2,27.13,10.38,15,600,19.6,20.4,187.2,270.8,167.0,250.0,61.0,64.0,19.5,34,18.5,35,17.0,32.5,16.0,30.5,10,4,10,6,NW,S,SE,SSE,64.6,85,84,87,90,5873,"Low: 0-10,000"
1,Panruti,ponmani,clay,25,12.5,dry,20,1,40,2,27.13,10.38,15,600,18.5,21.5,185.2,272.8,165.3,251.7,60.0,65.0,20.0,35,18.0,30,17.5,33.5,18.0,33.0,4,12,4,12,ENE,NE,NNE,W,85.0,96,84,79,100,5463,"Low: 0-10,000"
1,Kallakurichi,delux ponni,clay,25,12.5,dry,20,1,40,2,27.13,10.38,15,600,18.5,21.5,185.2,272.8,165.3,251.7,60.0,65.0,19.0,33,17.0,32,16.5,31.5,15.5,32.5,8,6,8,6,W,WNW,SE,S,88.5,95,81,84,80,5916,"Low: 0-10,000"
1,Sankarapuram,CO_43,alluvial,25,12.5,dry,20,1,40,2,27.13,10.38,15,600,18.1,21.9,185.6,272.4,166.1,250.9,60.2,64.8,20.5,32,17.5,28,18.0,34.0,16.5,35.0,10,12,10,12,SSE,W,SW,NW,72.7,91,83,81,90,5453,"Low: 0-10,000"
1,Chinnasalem,ponmani,alluvial,25,12.5,dry,20,1,40,2,27.13,10.38,15,600,18.1,21.9,185.6,272.4,166.1,250.9,60.2,64.8,18.0,31,15.5,34,15.0,33.0,15.0,31.5,6,6,8,10,E,ENE,NE,NNW,78.6,80,92,88,100,5723,"Low: 0-10,000"
1,Kurinjipadi,CO_43,alluvial,25,12.5,dry,20,1,40,2,27.13,10.38,15,600,19.6,20.4,187.2,270.8,167.0,250.0,61.0,64.0,19.5,34,18.5,35,17.0,32.5,16.0,30.5,10,4,10,6,NW,S,SE,SSE,64.6,85,84,87,90,5420,"Low: 0-10,000"
1,Panruti,delux ponni,alluvial,25,12.5,dry,20,1,40,2,27.13,10.38,15,600,18.5,21.5,185.2,272.8,165.3,251.7,60.0,65.0,20.0,35,18.0,30,17.5,33.5,18.0,33.0,4,12,4,12,ENE,NE,NNE,W,85.0,96,84,79,80,5680,"Low: 0-10,000"
1,Kallakurichi,ponmani,alluvial,25,12.5,dry,20,1,40,2,27.13,10.38,15,600,18.5,21.5,185.2,272.8,165.3,251.7,60.0,65.0,19.0,33,17.0,32,16.5,31.5,15.5,32.5,8,6,8,6,W,WNW,SE,S,88.5,95,81,84,100,5527,"Low: 0-10,000"
1,Sankarapuram,ponmani,alluvial,25,12.5,dry,20,1,40,2,27.13,10.38,15,600,18.1,21.9,185.6,272.4,166.1,250.9,60.2,64.8,20.5,32,17.5,28,18.0,34.0,16.5,35.0,10,12,10,12,SSE,W,SW,NW,72.7,91,83,81,100,5873,"Low: 0-10,000"
1,Chinnasalem,ponmani,clay,25,12.5,dry,20,1,40,2,27.13,10.38,15,600,18.1,21.9,185.6,272.4,166.1,250.9,60.2,64.8,18.0,31,15.5,34,15.0,33.0,15.0,31.5,6,6,8,10,E,ENE,NE,NNW,78.6,80,92,88,100,5492,"Low: 0-10,000"
1,Panruti,ponmani,clay,25,12.5,dry,20,1,40,2,27.13,10.38,15,600,18.5,21.5,185.2,272.8,165.3,251.7,60.0,65.0,20.0,35,18.0,30,17.5,33.5,18.0,33.0,4,12,4,12,ENE,NE,NNE,W,85.0,96,84,79,100,5723,"Low: 0-10,000"
1,Kallakurichi,ponmani,clay,25,12.5,dry,20,1,40,2,27.13,10.38,15,600,18.5,21.5,185.2,272.8,165.3,251.7,60.0,65.0,19.0,33,17.0,32,16.5,31.5,15.5,32.5,8,6,8,6,W,WNW,SE,S,88.5,95,81,84,100,5916,"Low: 0-10,000"
1,Kurinjipadi,delux ponni,clay,25,12.5,dry,20,1,40,2,27.13,10.38,15,600,19.6,20.4,187.2,270.8,167.0,250.0,61.0,64.0,19.5,34,18.5,35,17.0,32.5,16.0,30.5,10,4,10,6,NW,S,SE,SSE,64.6,85,84,87,80,5908,"Low: 0-10,000"
1,Panruti,delux ponni,alluvial,25,12.5,wet,20,1,40,2,27.13,10.38,15,600,18.5,21.5,185.2,272.8,165.3,251.7,60.0,65.0,20.0,35,18.0,30,17.5,33.5,18.0,33.0,4,12,4,12,ENE,NE,NNE,W,85.0,96,84,79,80,5410,"Low: 0-10,000"
1,Kallakurichi,ponmani,alluvial,25,12.5,wet,20,1,40,2,27.13,10.38,15,600,18.5,21.5,185.2,272.8,165.3,251.7,60.0,65.0,19.0,33,17.0,32,16.5,31.5,15.5,32.5,8,6,8,6,W,WNW,SE,S,88.5,95,81,84,100,5863,"Low: 0-10,000"
1,Sankarapuram,delux ponni,alluvial,25,12.5,wet,20,1,40,2,27.13,10.38,15,600,18.1,21.9,185.6,272.4,166.1,250.9,60.2,64.8,20.5,32,17.5,28,18.0,34.0,16.5,35.0,10,12,10,12,SSE,W,SW,NW,72.7,91,83,81,80,5612,"Low: 0-10,000"
1,Chinnasalem,CO_43,alluvial,25,12.5,wet,20,1,40,2,27.13,10.38,15,600,18.1,21.9,185.6,272.4,166.1,250.9,60.2,64.8,18.0,31,15.5,34,15.0,33.0,15.0,31.5,6,6,8,10,E,ENE,NE,NNW,78.6,80,92,88,90,5836,"Low: 0-10,000"
1,Kurinjipadi,delux ponni,alluvial,25,12.5,wet,20,1,40,2,27.13,10.38,15,600,19.6,20.4,187.2,270.8,167.0,250.0,61.0,64.0,19.5,34,18.5,35,17.0,32.5,16.0,30.5,10,4,10,6,NW,S,SE,SSE,64.6,85,84,87,80,5723,"Low: 0-10,000"
1,Panruti,CO_43,alluvial,25,12.5,wet,20,1,40,2,27.13,10.38,15,600,18.5,21.5,185.2,272.8,165.3,251.7,60.0,65.0,20.0,35,18.0,30,17.5,33.5,18.0,33.0,4,12,4,12,ENE,NE,NNE,W,85.0,96,84,79,90,5836,"Low: 0-10,000"
1,Sankarapuram,delux ponni,clay,25,12.5,wet,20,1,40,2,27.13,10.38,15,600,18.1,21.9,185.6,272.4,166.1,250.9,60.2,64.8,20.5,32,17.5,28,18.0,34.0,16.5,35.0,10,12,10,12,SSE,W,SW,NW,72.7,91,83,81,80,5916,"Low: 0-10,000"
1,Chinnasalem,CO_43,clay,25,12.5,wet,20,1,40,2,27.13,10.38,15,600,18.1,21.9,185.6,272.4,166.1,250.9,60.2,64.8,18.0,31,15.5,34,15.0,33.0,15.0,31.5,6,6,8,10,E,ENE,NE,NNW,78.6,80,92,88,90,5723,"Low: 0-10,000"
1,Cuddalore,ponmani,clay,25,12.5,wet,20,1,40,2,27.13,10.38,15,600,19.6,20.4,187.2,270.8,167.0,250.0,61.0,64.0,18.5,34,16.0,30,15.5,31.0,16.0,33.0,4,10,8,10,SW,W,NNW,WSW,72.0,78,88,85,100,5836,"Low: 0-10,000"
1,Kurinjipadi,delux ponni,clay,25,12.5,wet,20,1,40,2,27.13,10.38,15,600,19.6,20.4,187.2,270.8,167.0,250.0,61.0,64.0,19.5,34,18.5,35,17.0,32.5,16.0,30.5,10,4,10,6,NW,S,SE,SSE,64.6,85,84,87,80,5873,"Low: 0-10,000"
1,Panruti,CO_43,clay,25,12.5,wet,20,1,40,2,27.13,10.38,15,600,18.5,21.5,185.2,272.8,165.3,251.7,60.0,65.0,20.0,35,18.0,30,17.5,33.5,18.0,33.0,4,12,4,12,ENE,NE,NNE,W,85.0,96,84,79,90,5873,"Low: 0-10,000"
1,Kallakurichi,delux ponni,clay,25,12.5,dry,20,1,40,2,27.13,10.38,15,600,18.5,21.5,185.2,272.8,165.3,251.7,60.0,65.0,19.0,33,17.0,32,16.5,31.5,15.5,32.5,8,6,8,6,W,WNW,SE,S,88.5,95,81,84,80,5527,"Low: 0-10,000"
1,Sankarapuram,ponmani,clay,25,12.5,dry,20,1,40,2,27.13,10.38,15,600,18.1,21.9,185.6,272.4,166.1,250.9,60.2,64.8,20.5,32,17.5,28,18.0,34.0,16.5,35.0,10,12,10,12,SSE,W,SW,NW,72.7,91,83,81,100,5463,"Low: 0-10,000"
1,Chinnasalem,CO_43,alluvial,25,12.5,dry,20,1,40,2,27.13,10.38,15,600,18.1,21.9,185.6,272.4,166.1,250.9,60.2,64.8,18.0,31,15.5,34,15.0,33.0,15.0,31.5,6,6,8,10,E,ENE,NE,NNW,78.6,80,92,88,90,5916,"Low: 0-10,000"
1,Cuddalore,ponmani,clay,25,12.5,dry,20,1,40,2,27.13,10.38,15,600,19.6,20.4,187.2,270.8,167.0,250.0,61.0,64.0,18.5,34,16.0,30,15.5,31.0,16.0,33.0,4,10,8,10,SW,W,NNW,WSW,72.0,78,88,85,100,5883,"Low: 0-10,000"
1,Kurinjipadi,delux ponni,alluvial,25,12.5,dry,20,1,40,2,27.13,10.38,15,600,19.6,20.4,187.2,270.8,167.0,250.0,61.0,64.0,19.5,34,18.5,35,17.0,32.5,16.0,30.5,10,4,10,6,NW,S,SE,SSE,64.6,85,84,87,80,5492,"Low: 0-10,000"
1,Panruti,CO_43,clay,25,12.5,dry,20,1,40,2,27.13,10.38,15,600,18.5,21.5,185.2,272.8,165.3,251.7,60.0,65.0,20.0,35,18.0,30,17.5,33.5,18.0,33.0,4,12,4,12,ENE,NE,NNE,W,85.0,96,84,79,90,5723,"Low: 0-10,000"
1,Kallakurichi,ponmani,alluvial,25,12.5,dry,20,1,40,2,27.13,10.38,15,600,18.5,21.5,185.2,272.8,165.3,251.7,60.0,65.0,19.0,33,17.0,32,16.5,31.5,15.5,32.5,8,6,8,6,W,WNW,SE,S,88.5,95,81,84,100,5855,"Low: 0-10,000"
1,Sankarapuram,delux ponni,alluvial,25,12.5,dry,20,1,40,2,27.13,10.38,15,600,18.1,21.9,185.6,272.4,166.1,250.9,60.2,64.8,20.5,32,17.5,28,18.0,34.0,16.5,35.0,10,12,10,12,SSE,W,SW,NW,72.7,91,83,81,80,5916,"Low: 0-10,000"
1,Chinnasalem,CO_43,clay,25,12.5,dry,20,1,40,2,27.13,10.38,15,600,18.1,21.9,185.6,272.4,166.1,250.9,60.2,64.8,18.0,31,15.5,34,15.0,33.0,15.0,31.5,6,6,8,10,E,ENE,NE,NNW,78.6,80,92,88,90,5873,"Low: 0-10,000"
1,Cuddalore,delux ponni,alluvial,25,12.5,dry,20,1,40,2,27.13,10.38,15,600,19.6,20.4,187.2,270.8,167.0,250.0,61.0,64.0,18.5,34,16.0,30,15.5,31.0,16.0,33.0,4,10,8,10,SW,W,NNW,WSW,72.0,78,88,85,80,5723,"Low: 0-10,000"
1,Kurinjipadi,ponmani,clay,25,12.5,dry,20,1,40,2,27.13,10.38,15,600,19.6,20.4,187.2,270.8,167.0,250.0,61.0,64.0,19.5,34,18.5,35,17.0,32.5,16.0,30.5,10,4,10,6,NW,S,SE,SSE,64.6,85,84,87,100,5836,"Low: 0-10,000"
1,Panruti,CO_43,alluvial,25,12.5,dry,20,1,40,2,27.13,10.38,15,600,18.5,21.5,185.2,272.8,165.3,251.7,60.0,65.0,20.0,35,18.0,30,17.5,33.5,18.0,33.0,4,12,4,12,ENE,NE,NNE,W,85.0,96,84,79,90,5916,"Low: 0-10,000"
1,Kallakurichi,ponmani,clay,25,12.5,dry,20,1,40,2,27.13,10.38,15,600,18.5,21.5,185.2,272.8,165.3,251.7,60.0,65.0,19.0,33,17.0,32,16.5,31.5,15.5,32.5,8,6,8,6,W,WNW,SE,S,88.5,95,81,84,100,5723,"Low: 0-10,000"
1,Sankarapuram,delux ponni,alluvial,25,12.5,dry,20,1,40,2,27.13,10.38,15,600,18.1,21.9,185.6,272.4,166.1,250.9,60.2,64.8,20.5,32,17.5,28,18.0,34.0,16.5,35.0,10,12,10,12,SSE,W,SW,NW,72.7,91,83,81,80,5908,"Low: 0-10,000"
1,Chinnasalem,CO_43,clay,25,12.5,wet,20,1,40,2,27.13,10.38,15,600,18.1,21.9,185.6,272.4,166.1,250.9,60.2,64.8,18.0,31,15.5,34,15.0,33.0,15.0,31.5,6,6,8,10,E,ENE,NE,NNW,78.6,80,92,88,90,5410,"Low: 0-10,000"
1,Cuddalore,ponmani,clay,25,12.5,wet,20,1,40,2,27.13,10.38,15,600,19.6,20.4,187.2,270.8,167.0,250.0,61.0,64.0,18.5,34,16.0,30,15.5,31.0,16.0,33.0,4,10,8,10,SW,W,NNW,WSW,72.0,78,88,85,100,5863,"Low: 0-10,000"
1,Kurinjipadi,delux ponni,alluvial,25,12.5,wet,20,1,40,2,27.13,10.38,15,600,19.6,20.4,187.2,270.8,167.0,250.0,61.0,64.0,19.5,34,18.5,35,17.0,32.5,16.0,30.5,10,4,10,6,NW,S,SE,SSE,64.6,85,84,87,80,5612,"Low: 0-10,000"
1,Panruti,CO_43,clay,25,12.5,wet,20,1,40,2,27.13,10.38,15,600,18.5,21.5,185.2,272.8,165.3,251.7,60.0,65.0,20.0,35,18.0,30,17.5,33.5,18.0,33.0,4,12,4,12,ENE,NE,NNE,W,85.0,96,84,79,90,5836,"Low: 0-10,000"
1,Kallakurichi,delux ponni,clay,25,12.5,wet,20,1,40,2,27.13,10.38,15,600,18.5,21.5,185.2,272.8,165.3,251.7,60.0,65.0,19.0,33,17.0,32,16.5,31.5,15.5,32.5,8,6,8,6,W,WNW,SE,S,88.5,95,81,84,80,5873,"Low: 0-10,000"
1,Sankarapuram,ponmani,alluvial,25,12.5,wet,20,1,40,2,27.13,10.38,15,600,18.1,21.9,185.6,272.4,166.1,250.9,60.2,64.8,20.5,32,17.5,28,18.0,34.0,16.5,35.0,10,12,10,12,SSE,W,SW,NW,72.7,91,83,81,100,5463,"Low: 0-10,000"
1,Chinnasalem,ponmani,clay,25,12.5,wet,20,1,40,2,27.13,10.38,15,600,18.1,21.9,185.6,272.4,166.1,250.9,60.2,64.8,18.0,31,15.5,34,15.0,33.0,15.0,31.5,6,6,8,10,E,ENE,NE,NNW,78.6,80,92,88,100,5916,"Low: 0-10,000"
1,Cuddalore,ponmani,clay,25,12.5,wet,20,1,40,2,27.13,10.38,15,600,19.6,20.4,187.2,270.8,167.0,250.0,61.0,64.0,18.5,34,16.0,30,15.5,31.0,16.0,33.0,4,10,8,10,SW,W,NNW,WSW,72.0,78,88,85,100,5453,"Low: 0-10,000"
1,Kurinjipadi,ponmani,clay,25,12.5,wet,20,1,40,2,27.13,10.38,15,600,19.6,20.4,187.2,270.8,167.0,250.0,61.0,64.0,19.5,34,18.5,35,17.0,32.5,16.0,30.5,10,4,10,6,NW,S,SE,SSE,64.6,85,84,87,100,5883,"Low: 0-10,000"
1,Panruti,CO_43,clay,25,12.5,wet,20,1,40,2,27.13,10.38,15,600,18.5,21.5,185.2,272.8,165.3,251.7,60.0,65.0,20.0,35,18.0,30,17.5,33.5,18.0,33.0,4,12,4,12,ENE,NE,NNE,W,85.0,96,84,79,90,5723,"Low: 0-10,000"
1,Kallakurichi,ponmani,alluvial,25,12.5,dry,20,1,40,2,27.13,10.38,15,600,18.5,21.5,185.2,272.8,165.3,251.7,60.0,65.0,19.0,33,17.0,32,16.5,31.5,15.5,32.5,8,6,8,6,W,WNW,SE,S,88.5,95,81,84,100,5836,"Low: 0-10,000"
1,Chinnasalem,ponmani,alluvial,25,12.5,dry,20,1,40,2,27.13,10.38,15,600,18.1,21.9,185.6,272.4,166.1,250.9,60.2,64.8,18.0,31,15.5,34,15.0,33.0,15.0,31.5,6,6,8,10,E,ENE,NE,NNW,78.6,80,92,88,100,5873,"Low: 0-10,000"
1,Cuddalore,delux ponni,clay,25,12.5,dry,20,1,40,2,27.13,10.38,15,600,19.6,20.4,187.2,270.8,167.0,250.0,61.0,64.0,18.5,34,16.0,30,15.5,31.0,16.0,33.0,4,10,8,10,SW,W,NNW,WSW,72.0,78,88,85,80,5420,"Low: 0-10,000"
1,Kurinjipadi,delux ponni,clay,25,12.5,dry,20,1,40,2,27.13,10.38,15,600,19.6,20.4,187.2,270.8,167.0,250.0,61.0,64.0,19.5,34,18.5,35,17.0,32.5,16.0,30.5,10,4,10,6,NW,S,SE,SSE,64.6,85,84,87,80,5527,"Low: 0-10,000"
1,Sankarapuram,delux ponni,alluvial,25,12.5,dry,20,1,40,2,27.13,10.38,15,600,18.1,21.9,185.6,272.4,166.1,250.9,60.2,64.8,20.5,32,17.5,28,18.0,34.0,16.5,35.0,10,12,10,12,SSE,W,SW,NW,72.7,91,83,81,80,5723,"Low: 0-10,000"
1,Cuddalore,delux ponni,clay,25,12.5,dry,20,1,40,2,27.13,10.38,15,600,19.6,20.4,187.2,270.8,167.0,250.0,61.0,64.0,18.5,34,16.0,30,15.5,31.0,16.0,33.0,4,10,8,10,SW,W,NNW,WSW,72.0,78,88,85,80,5873,"Low: 0-10,000"
1,Kurinjipadi,delux ponni,alluvial,25,12.5,dry,20,1,40,2,27.13,10.38,15,600,19.6,20.4,187.2,270.8,167.0,250.0,61.0,64.0,19.5,34,18.5,35,17.0,32.5,16.0,30.5,10,4,10,6,NW,S,SE,SSE,64.6,85,84,87,80,5723,"Low: 0-10,000"
1,Panruti,CO_43,alluvial,25,12.5,dry,20,1,40,2,27.13,10.38,15,600,18.5,21.5,185.2,272.8,165.3,251.7,60.0,65.0,20.0,35,18.0,30,17.5,33.5,18.0,33.0,4,12,4,12,ENE,NE,NNE,W,85.0,96,84,79,90,5836,"Low: 0-10,000"
1,Chinnasalem,CO_43,clay,25,12.5,dry,20,1,40,2,27.13,10.38,15,600,18.1,21.9,185.6,272.4,166.1,250.9,60.2,64.8,18.0,31,15.5,34,15.0,33.0,15.0,31.5,6,6,8,10,E,ENE,NE,NNW,78.6,80,92,88,90,5908,"Low: 0-10,000"
1,Cuddalore,ponmani,alluvial,25,12.5,dry,20,1,40,2,27.13,10.38,15,600,19.6,20.4,187.2,270.8,167.0,250.0,61.0,64.0,18.5,34,16.0,30,15.5,31.0,16.0,33.0,4,10,8,10,SW,W,NNW,WSW,72.0,78,88,85,100,5863,"Low: 0-10,000"
1,Kurinjipadi,delux ponni,clay,25,12.5,dry,20,1,40,2,27.13,10.38,15,600,19.6,20.4,187.2,270.8,167.0,250.0,61.0,64.0,19.5,34,18.5,35,17.0,32.5,16.0,30.5,10,4,10,6,NW,S,SE,SSE,64.6,85,84,87,80,5836,"Low: 0-10,000"
1,Chinnasalem,CO_43,clay,25,12.5,dry,20,1,40,2,27.13,10.38,15,600,18.1,21.9,185.6,272.4,166.1,250.9,60.2,64.8,18.0,31,15.5,34,15.0,33.0,15.0,31.5,6,6,8,10,E,ENE,NE,NNW,78.6,80,92,88,90,5463,"Low: 0-10,000"
1,Cuddalore,ponmani,clay,25,12.5,dry,20,1,40,2,27.13,10.38,15,600,19.6,20.4,187.2,270.8,167.0,250.0,61.0,64.0,18.5,34,16.0,30,15.5,31.0,16.0,33.0,4,10,8,10,SW,W,NNW,WSW,72.0,78,88,85,100,5916,"Low: 0-10,000"
1,Panruti,CO_43,alluvial,25,12.5,dry,20,1,40,2,27.13,10.38,15,600,18.5,21.5,185.2,272.8,165.3,251.7,60.0,65.0,20.0,35,18.0,30,17.5,33.5,18.0,33.0,4,12,4,12,ENE,NE,NNE,W,85.0,96,84,79,90,5883,"Low: 0-10,000"
1,Kallakurichi,ponmani,alluvial,25,12.5,dry,20,1,40,2,27.13,10.38,15,600,18.5,21.5,185.2,272.8,165.3,251.7,60.0,65.0,19.0,33,17.0,32,16.5,31.5,15.5,32.5,8,6,8,6,W,WNW,SE,S,88.5,95,81,84,100,5723,"Low: 0-10,000"
1,Sankarapuram,delux ponni,clay,25,12.5,dry,20,1,40,2,27.13,10.38,15,600,18.1,21.9,185.6,272.4,166.1,250.9,60.2,64.8,20.5,32,17.5,28,18.0,34.0,16.5,35.0,10,12,10,12,SSE,W,SW,NW,72.7,91,83,81,80,5836,"Low: 0-10,000"
1,Chinnasalem,CO_43,alluvial,25,12.5,dry,20,1,40,2,27.13,10.38,15,600,18.1,21.9,185.6,272.4,166.1,250.9,60.2,64.8,18.0,31,15.5,34,15.0,33.0,15.0,31.5,6,6,8,10,E,ENE,NE,NNW,78.6,80,92,88,90,5873,"Low: 0-10,000"
1,Kurinjipadi,ponmani,alluvial,25,12.5,dry,20,1,40,2,27.13,10.38,15,600,19.6,20.4,187.2,270.8,167.0,250.0,61.0,64.0,19.5,34,18.5,35,17.0,32.5,16.0,30.5,10,4,10,6,NW,S,SE,SSE,64.6,85,84,87,100,5883,"Low: 0-10,000"
1,Panruti,CO_43,alluvial,25,12.5,dry,20,1,40,2,27.13,10.38,15,600,18.5,21.5,185.2,272.8,165.3,251.7,60.0,65.0,20.0,35,18.0,30,17.5,33.5,18.0,33.0,4,12,4,12,ENE,NE,NNE,W,85.0,96,84,79,90,5492,"Low: 0-10,000"
1,Chinnasalem,CO_43,alluvial,25,12.5,dry,20,1,40,2,27.13,10.38,15,600,18.1,21.9,185.6,272.4,166.1,250.9,60.2,64.8,18.0,31,15.5,34,15.0,33.0,15.0,31.5,6,6,8,10,E,ENE,NE,NNW,78.6,80,92,88,90,5855,"Low: 0-10,000"
1,Panruti,CO_43,clay,25,12.5,wet,20,1,40,2,27.13,10.38,15,600,18.5,21.5,185.2,272.8,165.3,251.7,60.0,65.0,20.0,35,18.0,30,17.5,33.5,18.0,33.0,4,12,4,12,ENE,NE,NNE,W,85.0,96,84,79,90,5916,"Low: 0-10,000"
1,Sankarapuram,ponmani,alluvial,25,12.5,wet,20,1,40,2,27.13,10.38,15,600,18.1,21.9,185.6,272.4,166.1,250.9,60.2,64.8,20.5,32,17.5,28,18.0,34.0,16.5,35.0,10,12,10,12,SSE,W,SW,NW,72.7,91,83,81,100,5836,"Low: 0-10,000"
1,Chinnasalem,ponmani,clay,25,12.5,wet,20,1,40,2,27.13,10.38,15,600,18.1,21.9,185.6,272.4,166.1,250.9,60.2,64.8,18.0,31,15.5,34,15.0,33.0,15.0,31.5,6,6,8,10,E,ENE,NE,NNW,78.6,80,92,88,100,5908,"Low: 0-10,000"
1,Cuddalore,ponmani,alluvial,25,12.5,wet,20,1,40,2,27.13,10.38,15,600,19.6,20.4,187.2,270.8,167.0,250.0,61.0,64.0,18.5,34,16.0,30,15.5,31.0,16.0,33.0,4,10,8,10,SW,W,NNW,WSW,72.0,78,88,85,100,5410,"Low: 0-10,000"
1,Kurinjipadi,ponmani,clay,25,12.5,wet,20,1,40,2,27.13,10.38,15,600,19.6,20.4,187.2,270.8,167.0,250.0,61.0,64.0,19.5,34,18.5,35,17.0,32.5,16.0,30.5,10,4,10,6,NW,S,SE,SSE,64.6,85,84,87,100,5863,"Low: 0-10,000"
1,Panruti,CO_43,alluvial,25,12.5,wet,20,1,40,2,27.13,10.38,15,600,18.5,21.5,185.2,272.8,165.3,251.7,60.0,65.0,20.0,35,18.0,30,17.5,33.5,18.0,33.0,4,12,4,12,ENE,NE,NNE,W,85.0,96,84,79,90,5612,"Low: 0-10,000"
1,Kallakurichi,ponmani,alluvial,25,12.5,wet,20,1,40,2,27.13,10.38,15,600,18.5,21.5,185.2,272.8,165.3,251.7,60.0,65.0,19.0,33,17.0,32,16.5,31.5,15.5,32.5,8,6,8,6,W,WNW,SE,S,88.5,95,81,84,100,5836,"Low: 0-10,000"
1,Sankarapuram,ponmani,clay,25,12.5,wet,20,1,40,2,27.13,10.38,15,600,18.1,21.9,185.6,272.4,166.1,250.9,60.2,64.8,20.5,32,17.5,28,18.0,34.0,16.5,35.0,10,12,10,12,SSE,W,SW,NW,72.7,91,83,81,100,5836,"Low: 0-10,000"
1,Chinnasalem,ponmani,alluvial,25,12.5,wet,20,1,40,2,27.13,10.38,15,600,18.1,21.9,185.6,272.4,166.1,250.9,60.2,64.8,18.0,31,15.5,34,15.0,33.0,15.0,31.5,6,6,8,10,E,ENE,NE,NNW,78.6,80,92,88,100,5723,"Low: 0-10,000"
1,Kurinjipadi,delux ponni,alluvial,25,12.5,wet,20,1,40,2,27.13,10.38,15,600,19.6,20.4,187.2,270.8,167.0,250.0,61.0,64.0,19.5,34,18.5,35,17.0,32.5,16.0,30.5,10,4,10,6,NW,S,SE,SSE,64.6,85,84,87,80,5873,"Low: 0-10,000"
1,Panruti,delux ponni,clay,25,12.5,wet,20,1,40,2,27.13,10.38,15,600,18.5,21.5,185.2,272.8,165.3,251.7,60.0,65.0,20.0,35,18.0,30,17.5,33.5,18.0,33.0,4,12,4,12,ENE,NE,NNE,W,85.0,96,84,79,80,5463,"Low: 0-10,000"
1,Kallakurichi,ponmani,alluvial,25,12.5,wet,20,1,40,2,27.13,10.38,15,600,18.5,21.5,185.2,272.8,165.3,251.7,60.0,65.0,19.0,33,17.0,32,16.5,31.5,15.5,32.5,8,6,8,6,W,WNW,SE,S,88.5,95,81,84,100,5453,"Low: 0-10,000"
1,Sankarapuram,delux ponni,clay,25,12.5,wet,20,1,40,2,27.13,10.38,15,600,18.1,21.9,185.6,272.4,166.1,250.9,60.2,64.8,20.5,32,17.5,28,18.0,34.0,16.5,35.0,10,12,10,12,SSE,W,SW,NW,72.7,91,83,81,80,5836,"Low: 0-10,000"
1,Chinnasalem,CO_43,clay,25,12.5,wet,20,1,40,2,27.13,10.38,15,600,18.1,21.9,185.6,272.4,166.1,250.9,60.2,64.8,18.0,31,15.5,34,15.0,33.0,15.0,31.5,6,6,8,10,E,ENE,NE,NNW,78.6,80,92,88,90,5873,"Low: 0-10,000"
1,Cuddalore,delux ponni,clay,25,12.5,wet,20,1,40,2,27.13,10.38,15,600,19.6,20.4,187.2,270.8,167.0,250.0,61.0,64.0,18.5,34,16.0,30,15.5,31.0,16.0,33.0,4,10,8,10,SW,W,NNW,WSW,72.0,78,88,85,80,5873,"Low: 0-10,000"
1,Kurinjipadi,delux ponni,clay,25,12.5,wet,20,1,40,2,27.13,10.38,15,600,19.6,20.4,187.2,270.8,167.0,250.0,61.0,64.0,19.5,34,18.5,35,17.0,32.5,16.0,30.5,10,4,10,6,NW,S,SE,SSE,64.6,85,84,87,80,5420,"Low: 0-10,000"
1,Panruti,CO_43,alluvial,25,12.5,wet,20,1,40,2,27.13,10.38,15,600,18.5,21.5,185.2,272.8,165.3,251.7,60.0,65.0,20.0,35,18.0,30,17.5,33.5,18.0,33.0,4,12,4,12,ENE,NE,NNE,W,85.0,96,84,79,90,5680,"Low: 0-10,000"
1,Kallakurichi,ponmani,clay,25,12.5,wet,20,1,40,2,27.13,10.38,15,600,18.5,21.5,185.2,272.8,165.3,251.7,60.0,65.0,19.0,33,17.0,32,16.5,31.5,15.5,32.5,8,6,8,6,W,WNW,SE,S,88.5,95,81,84,100,5527,"Low: 0-10,000"
1,Sankarapuram,delux ponni,clay,25,12.5,wet,20,1,40,2,27.13,10.38,15,600,18.1,21.9,185.6,272.4,166.1,250.9,60.2,64.8,20.5,32,17.5,28,18.0,34.0,16.5,35.0,10,12,10,12,SSE,W,SW,NW,72.7,91,83,81,80,5873,"Low: 0-10,000"
1,Chinnasalem,CO_43,alluvial,25,12.5,wet,20,1,40,2,27.13,10.38,15,600,18.1,21.9,185.6,272.4,166.1,250.9,60.2,64.8,18.0,31,15.5,34,15.0,33.0,15.0,31.5,6,6,8,10,E,ENE,NE,NNW,78.6,80,92,88,90,5492,"Low: 0-10,000"
1,Kurinjipadi,delux ponni,clay,25,12.5,wet,20,1,40,2,27.13,10.38,15,600,19.6,20.4,187.2,270.8,167.0,250.0,61.0,64.0,19.5,34,18.5,35,17.0,32.5,16.0,30.5,10,4,10,6,NW,S,SE,SSE,64.6,85,84,87,80,5723,"Low: 0-10,000"
1,Panruti,CO_43,alluvial,25,12.5,wet,20,1,40,2,27.13,10.38,15,600,18.5,21.5,185.2,272.8,165.3,251.7,60.0,65.0,20.0,35,18.0,30,17.5,33.5,18.0,33.0,4,12,4,12,ENE,NE,NNE,W,85.0,96,84,79,90,5723,"Low: 0-10,000"
1,Sankarapuram,ponmani,clay,25,12.5,dry,20,1,40,2,27.13,10.38,15,600,18.1,21.9,185.6,272.4,166.1,250.9,60.2,64.8,20.5,32,17.5,28,18.0,34.0,16.5,35.0,10,12,10,12,SSE,W,SW,NW,72.7,91,83,81,100,5836,"Low: 0-10,000"
1,Chinnasalem,CO_43,clay,25,12.5,dry,20,1,40,2,27.13,10.38,15,600,18.1,21.9,185.6,272.4,166.1,250.9,60.2,64.8,18.0,31,15.5,34,15.0,33.0,15.0,31.5,6,6,8,10,E,ENE,NE,NNW,78.6,80,92,88,90,5916,"Low: 0-10,000"
1,Cuddalore,ponmani,alluvial,25,12.5,dry,20,1,40,2,27.13,10.38,15,600,19.6,20.4,187.2,270.8,167.0,250.0,61.0,64.0,18.5,34,16.0,30,15.5,31.0,16.0,33.0,4,10,8,10,SW,W,NNW,WSW,72.0,78,88,85,100,5723,"Low: 0-10,000"
1,Panruti,CO_43,clay,25,12.5,dry,20,1,40,2,27.13,10.38,15,600,18.5,21.5,185.2,272.8,165.3,251.7,60.0,65.0,20.0,35,18.0,30,17.5,33.5,18.0,33.0,4,12,4,12,ENE,NE,NNE,W,85.0,96,84,79,90,5410,"Low: 0-10,000"
1,Kallakurichi,ponmani,alluvial,25,12.5,dry,20,1,40,2,27.13,10.38,15,600,18.5,21.5,185.2,272.8,165.3,251.7,60.0,65.0,19.0,33,17.0,32,16.5,31.5,15.5,32.5,8,6,8,6,W,WNW,SE,S,88.5,95,81,84,100,5863,"Low: 0-10,000"
1,Sankarapuram,delux ponni,alluvial,25,12.5,dry,20,1,40,2,27.13,10.38,15,600,18.1,21.9,185.6,272.4,166.1,250.9,60.2,64.8,20.5,32,17.5,28,18.0,34.0,16.5,35.0,10,12,10,12,SSE,W,SW,NW,72.7,91,83,81,80,5612,"Low: 0-10,000"
1,Chinnasalem,CO_43,alluvial,25,12.5,dry,20,1,40,2,27.13,10.38,15,600,18.1,21.9,185.6,272.4,166.1,250.9,60.2,64.8,18.0,31,15.5,34,15.0,33.0,15.0,31.5,6,6,8,10,E,ENE,NE,NNW,78.6,80,92,88,90,5836,"Low: 0-10,000"
1,Cuddalore,delux ponni,alluvial,25,12.5,dry,20,1,40,2,27.13,10.38,15,600,19.6,20.4,187.2,270.8,167.0,250.0,61.0,64.0,18.5,34,16.0,30,15.5,31.0,16.0,33.0,4,10,8,10,SW,W,NNW,WSW,72.0,78,88,85,80,5836,"Low: 0-10,000"
1,Kurinjipadi,ponmani,alluvial,25,12.5,dry,20,1,40,2,27.13,10.38,15,600,19.6,20.4,187.2,270.8,167.0,250.0,61.0,64.0,19.5,34,18.5,35,17.0,32.5,16.0,30.5,10,4,10,6,NW,S,SE,SSE,64.6,85,84,87,100,5836,"Low: 0-10,000"
1,Kallakurichi,ponmani,alluvial,25,12.5,dry,20,1,40,2,27.13,10.38,15,600,18.5,21.5,185.2,272.8,165.3,251.7,60.0,65.0,19.0,33,17.0,32,16.5,31.5,15.5,32.5,8,6,8,6,W,WNW,SE,S,88.5,95,81,84,100,5453,"Low: 0-10,000"
1,Sankarapuram,delux ponni,clay,25,12.5,dry,20,1,40,2,27.13,10.38,15,600,18.1,21.9,185.6,272.4,166.1,250.9,60.2,64.8,20.5,32,17.5,28,18.0,34.0,16.5,35.0,10,12,10,12,SSE,W,SW,NW,72.7,91,83,81,80,5883,"Low: 0-10,000"
1,Chinnasalem,CO_43,clay,25,12.5,dry,20,1,40,2,27.13,10.38,15,600,18.1,21.9,185.6,272.4,166.1,250.9,60.2,64.8,18.0,31,15.5,34,15.0,33.0,15.0,31.5,6,6,8,10,E,ENE,NE,NNW,78.6,80,92,88,90,5723,"Low: 0-10,000"
1,Kurinjipadi,delux ponni,clay,25,12.5,dry,20,1,40,2,27.13,10.38,15,600,19.6,20.4,187.2,270.8,167.0,250.0,61.0,64.0,19.5,34,18.5,35,17.0,32.5,16.0,30.5,10,4,10,6,NW,S,SE,SSE,64.6,85,84,87,80,5873,"Low: 0-10,000"
1,Panruti,CO_43,clay,25,12.5,dry,20,1,40,2,27.13,10.38,15,600,18.5,21.5,185.2,272.8,165.3,251.7,60.0,65.0,20.0,35,18.0,30,17.5,33.5,18.0,33.0,4,12,4,12,ENE,NE,NNE,W,85.0,96,84,79,90,5873,"Low: 0-10,000"
1,Kurinjipadi,ponmani,alluvial,25,12.5,dry,20,1,40,2,27.13,10.38,15,600,19.6,20.4,187.2,270.8,167.0,250.0,61.0,64.0,19.5,34,18.5,35,17.0,32.5,16.0,30.5,10,4,10,6,NW,S,SE,SSE,64.6,85,84,87,100,5492,"Low: 0-10,000"
1,Panruti,ponmani,alluvial,25,12.5,dry,20,1,40,2,27.13,10.38,15,600,18.5,21.5,185.2,272.8,165.3,251.7,60.0,65.0,20.0,35,18.0,30,17.5,33.5,18.0,33.0,4,12,4,12,ENE,NE,NNE,W,85.0,96,84,79,100,5855,"Low: 0-10,000"
1,Kallakurichi,CO_43,alluvial,25,12.5,dry,20,1,40,2,27.13,10.38,15,600,18.5,21.5,185.2,272.8,165.3,251.7,60.0,65.0,19.0,33,17.0,32,16.5,31.5,15.5,32.5,8,6,8,6,W,WNW,SE,S,88.5,95,81,84,90,5836,"Low: 0-10,000"
1,Sankarapuram,ponmani,alluvial,25,12.5,dry,20,1,40,2,27.13,10.38,15,600,18.1,21.9,185.6,272.4,166.1,250.9,60.2,64.8,20.5,32,17.5,28,18.0,34.0,16.5,35.0,10,12,10,12,SSE,W,SW,NW,72.7,91,83,81,100,5723,"Low: 0-10,000"
1,Cuddalore,ponmani,alluvial,25,12.5,dry,20,1,40,2,27.13,10.38,15,600,19.6,20.4,187.2,270.8,167.0,250.0,61.0,64.0,18.5,34,16.0,30,15.5,31.0,16.0,33.0,4,10,8,10,SW,W,NNW,WSW,72.0,78,88,85,100,5873,"Low: 0-10,000"
1,Chinnasalem,delux ponni,clay,25,12.5,dry,20,1,40,2,27.13,10.38,15,600,18.1,21.9,185.6,272.4,166.1,250.9,60.2,64.8,18.0,31,15.5,34,15.0,33.0,15.0,31.5,6,6,8,10,E,ENE,NE,NNW,78.6,80,92,88,80,5908,"Low: 0-10,000"
1,Cuddalore,CO_43,clay,25,12.5,dry,20,1,40,2,27.13,10.38,15,600,19.6,20.4,187.2,270.8,167.0,250.0,61.0,64.0,18.5,34,16.0,30,15.5,31.0,16.0,33.0,4,10,8,10,SW,W,NNW,WSW,72.0,78,88,85,90,5863,"Low: 0-10,000"
1,Panruti,delux ponni,clay,25,12.5,dry,20,1,40,2,27.13,10.38,15,600,18.5,21.5,185.2,272.8,165.3,251.7,60.0,65.0,20.0,35,18.0,30,17.5,33.5,18.0,33.0,4,12,4,12,ENE,NE,NNE,W,85.0,96,84,79,80,5723,"Low: 0-10,000"
1,Kallakurichi,CO_43,clay,25,12.5,dry,20,1,40,2,27.13,10.38,15,600,18.5,21.5,185.2,272.8,165.3,251.7,60.0,65.0,19.0,33,17.0,32,16.5,31.5,15.5,32.5,8,6,8,6,W,WNW,SE,S,88.5,95,81,84,90,5836,"Low: 0-10,000"
1,Chinnasalem,delux ponni,clay,25,12.5,dry,20,1,40,2,27.13,10.38,15,600,18.1,21.9,185.6,272.4,166.1,250.9,60.2,64.8,18.0,31,15.5,34,15.0,33.0,15.0,31.5,6,6,8,10,E,ENE,NE,NNW,78.6,80,92,88,80,5463,"Low: 0-10,000"
1,Cuddalore,CO_43,alluvial,25,12.5,wet,20,1,40,2,27.13,10.38,15,600,19.6,20.4,187.2,270.8,167.0,250.0,61.0,64.0,18.5,34,16.0,30,15.5,31.0,16.0,33.0,4,10,8,10,SW,W,NNW,WSW,72.0,78,88,85,90,5916,"Low: 0-10,000"
1,Kurinjipadi,ponmani,clay,25,12.5,wet,20,1,40,2,27.13,10.38,15,600,19.6,20.4,187.2,270.8,167.0,250.0,61.0,64.0,19.5,34,18.5,35,17.0,32.5,16.0,30.5,10,4,10,6,NW,S,SE,SSE,64.6,85,84,87,100,5453,"Low: 0-10,000"
1,Panruti,delux ponni,alluvial,25,12.5,wet,20,1,40,2,27.13,10.38,15,600,18.5,21.5,185.2,272.8,165.3,251.7,60.0,65.0,20.0,35,18.0,30,17.5,33.5,18.0,33.0,4,12,4,12,ENE,NE,NNE,W,85.0,96,84,79,80,5883,"Low: 0-10,000"
1,Kallakurichi,CO_43,alluvial,25,12.5,wet,20,1,40,2,27.13,10.38,15,600,18.5,21.5,185.2,272.8,165.3,251.7,60.0,65.0,19.0,33,17.0,32,16.5,31.5,15.5,32.5,8,6,8,6,W,WNW,SE,S,88.5,95,81,84,90,5723,"Low: 0-10,000"
1,Cuddalore,CO_43,clay,25,12.5,wet,20,1,40,2,27.13,10.38,15,600,19.6,20.4,187.2,270.8,167.0,250.0,61.0,64.0,18.5,34,16.0,30,15.5,31.0,16.0,33.0,4,10,8,10,SW,W,NNW,WSW,72.0,78,88,85,90,5527,"Low: 0-10,000"
1,Kurinjipadi,ponmani,alluvial,25,12.5,wet,20,1,40,2,27.13,10.38,15,600,19.6,20.4,187.2,270.8,167.0,250.0,61.0,64.0,19.5,34,18.5,35,17.0,32.5,16.0,30.5,10,4,10,6,NW,S,SE,SSE,64.6,85,84,87,100,5873,"Low: 0-10,000"
1,Panruti,delux ponni,clay,25,12.5,wet,20,1,40,2,27.13,10.38,15,600,18.5,21.5,185.2,272.8,165.3,251.7,60.0,65.0,20.0,35,18.0,30,17.5,33.5,18.0,33.0,4,12,4,12,ENE,NE,NNE,W,85.0,96,84,79,80,5492,"Low: 0-10,000"
1,Kallakurichi,CO_43,alluvial,25,12.5,wet,20,1,40,2,27.13,10.38,15,600,18.5,21.5,185.2,272.8,165.3,251.7,60.0,65.0,19.0,33,17.0,32,16.5,31.5,15.5,32.5,8,6,8,6,W,WNW,SE,S,88.5,95,81,84,90,5836,"Low: 0-10,000"
1,Sankarapuram,ponmani,clay,25,12.5,wet,20,1,40,2,27.13,10.38,15,600,18.1,21.9,185.6,272.4,166.1,250.9,60.2,64.8,20.5,32,17.5,28,18.0,34.0,16.5,35.0,10,12,10,12,SSE,W,SW,NW,72.7,91,83,81,100,5723,"Low: 0-10,000"
1,Chinnasalem,delux ponni,clay,25,12.5,wet,20,1,40,2,27.13,10.38,15,600,18.1,21.9,185.6,272.4,166.1,250.9,60.2,64.8,18.0,31,15.5,34,15.0,33.0,15.0,31.5,6,6,8,10,E,ENE,NE,NNW,78.6,80,92,88,80,5723,"Low: 0-10,000"
